<?xml version="1.0" encoding="UTF-8"?>
<point_cloud version="1.2.0">
  <params>
    <dataType>uint8</dataType>
    <bands>
      <band label="Red"/>
      <band label="Green"/>
      <band label="Blue"/>
    </bands>
  </params>
  <tracks path="tracks.ply" count="212701"/>
  <points component_id="0" path="points0.ply" count="107555"/>
  <projections camera_id="0" path="p0.ply" count="12693"/>
  <projections camera_id="1" path="p1.ply" count="13363"/>
  <projections camera_id="2" path="p2.ply" count="12765"/>
  <projections camera_id="3" path="p3.ply" count="11353"/>
  <projections camera_id="4" path="p4.ply" count="8981"/>
  <projections camera_id="5" path="p5.ply" count="8790"/>
  <projections camera_id="6" path="p6.ply" count="9496"/>
  <projections camera_id="7" path="p7.ply" count="9852"/>
  <projections camera_id="8" path="p8.ply" count="10015"/>
  <projections camera_id="9" path="p9.ply" count="9863"/>
  <projections camera_id="10" path="p10.ply" count="10077"/>
  <projections camera_id="11" path="p11.ply" count="9913"/>
  <projections camera_id="12" path="p12.ply" count="9630"/>
  <projections camera_id="13" path="p13.ply" count="9996"/>
  <projections camera_id="14" path="p14.ply" count="10497"/>
  <projections camera_id="15" path="p15.ply" count="10561"/>
  <projections camera_id="16" path="p16.ply" count="9521"/>
  <projections camera_id="17" path="p17.ply" count="7116"/>
  <projections camera_id="18" path="p18.ply" count="8227"/>
  <projections camera_id="19" path="p19.ply" count="8879"/>
  <projections camera_id="20" path="p20.ply" count="8648"/>
  <projections camera_id="21" path="p21.ply" count="9371"/>
  <projections camera_id="22" path="p22.ply" count="9420"/>
  <projections camera_id="23" path="p23.ply" count="8106"/>
  <projections camera_id="24" path="p24.ply" count="8145"/>
  <projections camera_id="25" path="p25.ply" count="8379"/>
  <projections camera_id="26" path="p26.ply" count="9576"/>
  <projections camera_id="27" path="p27.ply" count="9925"/>
  <projections camera_id="28" path="p28.ply" count="10225"/>
  <projections camera_id="29" path="p29.ply" count="10052"/>
  <projections camera_id="30" path="p30.ply" count="9024"/>
  <projections camera_id="31" path="p31.ply" count="9699"/>
  <projections camera_id="32" path="p32.ply" count="10095"/>
  <projections camera_id="33" path="p33.ply" count="9683"/>
  <projections camera_id="34" path="p34.ply" count="9701"/>
  <projections camera_id="35" path="p35.ply" count="7239"/>
  <projections camera_id="36" path="p36.ply" count="6810"/>
  <projections camera_id="37" path="p37.ply" count="6738"/>
  <projections camera_id="38" path="p38.ply" count="7487"/>
  <projections camera_id="39" path="p39.ply" count="9012"/>
  <projections camera_id="40" path="p40.ply" count="8582"/>
  <projections camera_id="41" path="p41.ply" count="9126"/>
  <projections camera_id="42" path="p42.ply" count="9163"/>
  <projections camera_id="43" path="p43.ply" count="8886"/>
  <projections camera_id="44" path="p44.ply" count="9620"/>
  <projections camera_id="45" path="p45.ply" count="8045"/>
  <projections camera_id="46" path="p46.ply" count="10426"/>
  <projections camera_id="47" path="p47.ply" count="8438"/>
  <projections camera_id="48" path="p48.ply" count="9615"/>
  <projections camera_id="49" path="p49.ply" count="8137"/>
  <projections camera_id="50" path="p50.ply" count="9436"/>
  <projections camera_id="51" path="p51.ply" count="7634"/>
  <projections camera_id="52" path="p52.ply" count="10095"/>
  <projections camera_id="53" path="p53.ply" count="10056"/>
  <projections camera_id="54" path="p54.ply" count="8034"/>
  <projections camera_id="55" path="p55.ply" count="8323"/>
  <projections camera_id="56" path="p56.ply" count="9123"/>
  <projections camera_id="57" path="p57.ply" count="7945"/>
  <projections camera_id="58" path="p58.ply" count="9415"/>
  <projections camera_id="59" path="p59.ply" count="8732"/>
  <projections camera_id="60" path="p60.ply" count="6894"/>
  <projections camera_id="61" path="p61.ply" count="6765"/>
  <projections camera_id="62" path="p62.ply" count="6494"/>
  <projections camera_id="63" path="p63.ply" count="7294"/>
  <projections camera_id="64" path="p64.ply" count="7685"/>
  <projections camera_id="65" path="p65.ply" count="9837"/>
  <projections camera_id="66" path="p66.ply" count="14072"/>
  <projections camera_id="67" path="p67.ply" count="9773"/>
  <projections camera_id="68" path="p68.ply" count="11581"/>
  <meta>
    <property name="Info/LastSavedDateTime" value="2025:12:08 03:18:49"/>
    <property name="Info/LastSavedSoftwareVersion" value="2.2.1.20019"/>
    <property name="Info/OriginalDateTime" value="2025:12:07 03:32:04"/>
    <property name="Info/OriginalSoftwareVersion" value="2.2.1.20019"/>
    <property name="MatchPhotos/descriptor_type" value="binary"/>
    <property name="MatchPhotos/descriptor_version" value="1.1.0"/>
    <property name="MatchPhotos/downscale" value="1"/>
    <property name="MatchPhotos/downscale_3d" value="1"/>
    <property name="MatchPhotos/duration" value="3218.758"/>
    <property name="MatchPhotos/filter_stationary_points" value="true"/>
    <property name="MatchPhotos/generic_preselection" value="false"/>
    <property name="MatchPhotos/guided_matching" value="true"/>
    <property name="MatchPhotos/keep_keypoints" value="false"/>
    <property name="MatchPhotos/keypoint_limit" value="60000"/>
    <property name="MatchPhotos/keypoint_limit_3d" value="100000"/>
    <property name="MatchPhotos/keypoint_limit_per_mpx" value="100000"/>
    <property name="MatchPhotos/laser_scans_use_initial_orientation" value="false"/>
    <property name="MatchPhotos/laser_scans_vertical_axis" value="0"/>
    <property name="MatchPhotos/match_laser_scans" value="false"/>
    <property name="MatchPhotos/max_workgroup_size" value="100"/>
    <property name="MatchPhotos/ram_used" value="1575804928"/>
    <property name="MatchPhotos/reference_preselection" value="false"/>
    <property name="MatchPhotos/reference_preselection_mode" value="1"/>
    <property name="MatchPhotos/reset_matches" value="false"/>
    <property name="MatchPhotos/subdivide_task" value="true"/>
    <property name="MatchPhotos/tiepoint_limit" value="0"/>
    <property name="MatchPhotos/workitem_size_cameras" value="20"/>
    <property name="MatchPhotos/workitem_size_pairs" value="80"/>
  </meta>
</point_cloud>
