<?xml version="1.0" encoding="UTF-8"?>
<shapes version="1.2.0">
  <params>
    <crs>LOCAL_CS["Local Coordinates (m)",LOCAL_DATUM["Local Datum",0],UNIT["metre",1,AUTHORITY["EPSG","9001"]]]</crs>
  </params>
  <meta>
    <property name="Info/LastSavedDateTime" value="2025:12:08 03:18:49"/>
    <property name="Info/LastSavedSoftwareVersion" value="2.2.1.20019"/>
    <property name="Info/OriginalDateTime" value="2025:12:08 01:18:19"/>
    <property name="Info/OriginalSoftwareVersion" value="2.2.1.20019"/>
  </meta>
  <groups next_id="1">
    <group id="0" label="Layer" enabled="true" line_color="#e1e1e1">
      <meta>
        <property name="style/color" value="#e1e1e1"/>
      </meta>
    </group>
  </groups>
  <shapes next_id="1">
    <shape id="0" group_id="0" type="polygon" label="1" has_z="true">
      <vertices>-8.7476348876953125e-01 8.7048268318176270e-01 -6.1524524688720703e+00 -7.5861155986785889e-01 9.2189323902130127e-01 -6.1834788322448730e+00 -1.1240768432617188e+00 8.7409329414367676e-01 -6.1711125373840332e+00</vertices>
    </shape>
  </shapes>
</shapes>
