label,y,x,frame,particle
1,14.606752110034385,423.15473585495465,0,0
2,58.75034162339437,474.3753757857338,0,1
3,10.76303680981595,164.29217791411043,0,2
4,44.903668895716606,297.8174588830652,0,3
9,310.17785659994934,177.17228274638967,0,4
10,331.28546372947943,323.8681773537253,0,5
8,304.00120156203064,428.4565184740162,0,6
7,221.34625129023178,320.64079947452376,0,7
6,148.0044039929536,479.6699941280094,0,8
5,146.56485990261035,323.9974455176818,0,9
12,419.97028587522885,202.51739191663145,0,10
11,386.4996944885739,83.51063179762923,0,11
1,42.862837768416725,291.91164080961676,1,3
3,125.17794102642587,339.5549433731252,1,12
7,390.972345421341,86.21301852334986,1,11
6,325.422138836773,333.6254276569915,1,5
8,415.16305372290293,211.25862393967955,1,10
2,55.59642356241234,468.50736325385697,1,1
4,196.19802076258853,325.67303774134086,1,13
5,305.84486262702296,434.11787730523145,1,6
9,330.67885090609553,313.45665156507414,2,5
2,65.02333641404806,474.0521025878004,2,1
3,12.30485436893204,225.1378640776699,2,14
5,132.72113441572017,372.2934290293359,2,15
6,197.31204493447058,177.85063449136675,2,16
1,10.63302752293578,151.61100917431193,2,2
7,199.93014902560182,319.5639281620176,2,13
4,39.95959925950125,287.1437438745508,2,3
10,416.6707576401968,213.9168843793669,2,10
8,292.78411713791115,438.58612233121755,2,6
1,8.7260663507109,152.61800947867297,3,2
4,38.47251028806584,297.0271604938272,3,3
5,130.34184464860996,359.5549457105357,3,15
3,66.03165431478457,476.3195578444919,3,1
2,10.406746031746032,212.04365079365078,3,14
6,197.5342408898481,184.83705486843198,3,16
7,208.19651368650415,314.46350265559033,3,13
8,287.89727846000665,423.1223033521407,3,6
9,339.29172494172496,310.0946386946387,3,5
5,139.95009019843656,488.5514131088394,4,8
6,201.08050717055457,168.4341109127839,4,16
7,191.869878525839,329.72129572438405,4,13
8,304.64515389903,429.44153364393185,4,6
9,305.0819943132976,177.57369569529854,4,4
10,322.79071159767363,313.7753164556962,4,5
11,384.69785161844743,87.83179604697794,4,11
12,420.4519691325173,208.50093134646087,4,10
1,10.702479338842975,158.63191354100445,4,2
2,33.708192281651996,283.083615436696,4,3
3,59.235630306988895,479.32805355976484,4,1
4,112.87858614677445,324.24385798066254,4,12
12,330.8824367088608,322.4037183544304,5,5
13,265.7521367521368,79.48717948717949,5,17
14,276.1875,77.9453125,5,18
11,259.968992248062,88.16279069767442,5,19
15,278.3783783783784,96.32432432432432,5,20
16,284.9836065573771,70.82786885245902,5,21
18,416.345561210065,210.2720525869381,5,10
17,289.65765765765764,96.31531531531532,5,22
5,117.56816550283887,331.4858056516348,5,12
6,141.0509485094851,483.0081300813008,5,8
7,200.12839082650405,322.9116320437075,5,13
4,56.5531914893617,481.1189396581793,5,1
8,290.42709140883784,429.2305306927902,5,6
9,245.94652406417111,86.98395721925134,5,23
1,7.652495378927911,152.41866913123846,5,2
10,246.73643410852713,112.62015503875969,5,24
2,35.191735143503635,280.7168036203406,5,3
3,12.362843729040913,415.0798122065728,5,25
11,376.83147103493167,86.05462139292688,6,11
12,418.03718871788095,206.58134619195457,6,10
10,305.2018543046358,177.86655629139074,6,4
6,201.0259009668913,167.50829182537356,6,16
5,119.36925998779081,323.8877433358204,6,12
4,72.88518009929228,476.0970740466885,6,1
3,32.42614893094127,260.8360776603588,6,3
1,10.757721345229925,159.48318462594372,6,2
9,322.83731204464425,319.20547201984186,6,5
8,291.386730387289,435.4681603773585,6,6
7,199.6492080393984,328.6097431119393,6,13
2,13.185239206534423,398.08197199533254,6,25
1,16.991104868913858,384.57654494382024,7,25
8,293.43856428435777,431.0445021206558,7,6
7,196.47491194257992,317.1098557852064,7,13
9,307.94966563601065,175.19781405047817,7,4
6,206.81613091759206,163.71221507890124,7,16
10,380.6786635404455,84.76049237983587,7,11
11,340.46893353941266,318.60108191653785,7,5
12,421.54043096328553,196.6150611907801,7,10
5,107.8811924594476,307.33713283647523,7,12
4,32.8258516787603,259.3411634485303,7,3
3,9.807071483474251,155.63335895465028,7,2
2,72.82475236747578,479.2296723631218,7,1
1,9.739973262032086,152.59558823529412,8,2
2,19.96657429857984,398.0786283339106,8,25
3,39.59691980881572,266.3700477960701,8,3
4,82.76843714176538,481.38555598012994,8,1
8,289.84369806094185,431.78774238227146,8,6
7,201.96444444444444,168.7724200913242,8,16
6,185.85787072243346,324.3897338403042,8,13
5,111.2704280155642,308.04229402808323,8,12
9,316.58657681199287,327.77025168477513,8,26
10,304.5222181862211,184.4223271582516,8,4
11,382.25910064239827,88.5249633720275,8,11
12,415.6384312991389,196.8550168476226,8,10
10,292.57318608931513,427.506635667926,9,6
11,303.9388606120071,181.5341877721224,9,4
12,382.47178200889294,87.55307262569832,9,11
13,410.70669719519174,192.75970234688037,9,10
1,9.327550312283137,159.17557251908397,9,2
2,42.90481312180694,269.49054405306083,9,3
3,24.647240915208613,410.6947510094213,9,25
4,67.78334091943559,488.47746927628583,9,1
5,116.62805200295952,316.81756685339815,9,12
6,142.00276816608996,486.80553633217994,9,8
7,198.79985971475332,175.80085340191724,9,16
8,198.63360466284794,333.0854185508994,9,13
9,315.4697418187798,323.2297319519816,9,26
6,193.3013820280846,181.61824943109286,10,16
5,108.18455882352941,343.83390522875817,10,27
4,66.85543650096609,482.4874407166696,10,1
7,196.9086778070947,346.9115362063911,10,13
8,303.8977086035452,305.93955901426716,10,26
9,293.1346438802726,432.25061740590735,10,6
10,298.77162197686647,174.83438485804416,10,4
11,378.12953995157386,87.9140435835351,10,11
2,8.403580146460538,168.45809601301872,10,2
3,35.91358240223464,287.86269203910615,10,3
1,18.810062312485577,435.9328409877683,10,28
12,413.74296902812387,188.61350421264981,10,10
10,298.66222127387175,305.60652939293715,11,26
9,290.4857791912767,429.49577464788734,11,6
8,197.50191723917558,359.0383447835117,11,13
14,428.66595880229346,173.60713527288172,11,10
12,383.26666666666665,90.54405182567727,11,11
11,304.06551264980027,175.126431424767,11,4
5,122.3338694113863,314.7588935348987,11,12
13,400.09595859048375,234.32231734023492,11,29
4,68.62626832018039,482.4218338970312,11,1
3,38.967286599904625,281.16843109203626,11,3
7,204.5279185219305,187.72557449204155,11,16
6,152.09434889434888,479.1651105651106,11,8
1,9.285714285714286,167.62962962962962,11,2
2,18.854633138132964,418.24509128487773,11,25
12,445.2547088301365,169.30032832210125,12,10
11,388.2018916595013,233.05864144453997,12,29
4,113.76881643205975,297.4641625969549,12,12
3,10.54875,171.51625,12,2
2,57.26312872384647,481.6487460163503,12,1
1,38.48238805970149,295.7218905472637,12,3
6,201.09567094648335,179.47591182820133,12,16
7,286.4173769590322,419.6633901567226,12,6
5,170.96472686438997,377.53444745359667,12,30
8,291.9947261956365,303.5880653084814,12,26
9,298.75336917813,169.59695551986593,12,4
10,378.5889743589744,90.15044871794872,12,11
11,375.4045539613225,85.43730505302558,13,11
9,317.31144130757804,334.7244427934621,13,31
10,298.79176904176904,174.41202566202566,13,4
3,64.69553999262808,486.6310357537781,13,1
1,8.903708523096942,165.80481457384516,13,2
2,24.101528013582342,416.95365025466896,13,25
7,199.7044776119403,179.48838162130525,13,16
8,296.6195954722583,427.3220449062906,13,6
4,37.56840255295533,284.519100915734,13,3
5,111.0307020583547,313.8460738789937,13,12
6,186.72506615567113,344.96423031298474,13,13
12,379.99869144203086,252.28906045537818,13,29
13,450.8774319066148,166.49610894941634,13,10
8,306.3393831704531,323.7113212336591,14,31
7,193.437765436132,350.10983338778175,14,13
11,379.51497996310667,87.64480631003117,14,11
10,302.8346617482379,170.89394638034386,14,4
9,290.58966485348304,433.1165116687138,14,6
1,9.802902055622733,166.4310761789601,14,2
2,60.46224859874712,484.05984174085063,14,1
3,34.46793878341728,282.8204184424642,14,3
6,201.7152367792991,169.03272201984674,14,16
4,29.143941950725615,405.44465069186634,14,25
5,106.64665267718135,312.1128409937047,14,12
13,461.12823529411764,160.6743790849673,14,10
12,389.79130734736117,253.36920777279522,14,29
10,304.81571727201464,174.23085968121245,15,4
5,119.30858895705522,242.10674846625767,15,32
6,203.41381602804304,172.71219630122084,15,16
2,36.264387829912025,303.5279508797654,15,3
3,48.51926444833625,474.08631473605203,15,1
4,114.423823840091,343.4231738035264,15,33
12,395.0923889133304,264.34150901891775,15,29
11,379.4374869692126,91.78455764820349,15,11
13,465.14360587002096,162.25825471698113,15,10
1,13.206498503634032,181.2321504916631,15,2
7,198.610775391336,360.58507462686566,15,13
9,309.84475668265935,328.77395476353666,15,31
8,292.9814914783682,435.86858949641396,15,6
10,304.84533452388547,170.65775878563684,16,4
7,192.7146848804719,359.6745575908103,16,13
6,201.53786788750818,171.88011772400262,16,16
5,106.20464234959735,345.603900205274,16,33
9,302.37823296205397,450.4581838776666,16,6
8,279.40544493193835,301.52233097086287,16,26
12,391.0454913763167,275.55920824169465,16,29
11,378.15519652011807,89.72269690849775,16,11
1,12.616251005631536,184.2135961383749,16,2
4,57.897989575577064,486.45457930007444,16,1
13,464.8577343981071,161.83288967761018,16,10
2,36.384159740135665,300.3205311932741,16,3
3,16.318365968939904,426.812288993923,16,25
11,386.52893661503373,280.40235674237385,17,29
9,305.919725394236,167.71343121261555,17,4
10,380.4910226385636,85.82513661202186,17,11
12,466.24288770053477,160.3272727272727,17,10
8,286.08187006145744,289.3420763827919,17,26
1,13.673006879805747,178.08093889113718,17,2
2,34.88297872340426,304.2097146627082,17,3
4,116.00540148339245,328.40914221218964,17,12
3,53.91789161098738,481.30007423904976,17,1
7,292.8025936599424,446.14272713483996,17,6
6,199.02861760150833,352.1385091913003,17,13
5,200.86231576393521,169.23339600897677,17,16
7,198.07550158394932,173.5248738707028,18,16
8,197.56973505214745,326.6392433763037,18,34
14,469.747742847819,153.49929294028064,18,10
1,12.335717691940868,174.26180257510728,18,2
4,61.46396335713323,479.44591135659437,18,1
5,14.874202370100274,230.1330902461258,18,35
2,41.71008712081453,292.2339666211819,18,3
3,16.952566096423016,404.57309486780713,18,25
11,309.7425790754258,172.79124087591242,18,4
12,378.7412340619308,88.04462659380692,18,11
9,276.8325717063685,420.45483714146815,18,36
10,291.95704814067454,315.52464687229747,18,31
6,116.98987368201274,339.8096878588579,18,12
13,389.05712731229596,275.44659049691694,18,29
9,304.56419244588557,317.14503549206904,19,31
4,122.04222176675549,347.914599986336,19,12
3,46.56038422083372,289.6700550219155,19,3
2,13.897345132743363,171.53230088495576,19,2
11,309.42310452044967,173.05273857928725,19,4
10,293.33842495198024,430.38132260129885,19,6
5,142.5379746835443,483.3096745027125,19,37
14,468.52659471959913,148.25582963962228,19,10
13,395.0065944418276,273.90758360810173,19,29
12,382.4997559785261,87.78111273792094,19,11
1,61.3689379060281,480.6165583925064,19,1
6,142.75,228.75,19,38
8,208.06518793238715,309.2524784252193,19,34
7,203.54235914065666,167.7207134171058,19,16
12,465.3926485743731,146.2104946753693,20,10
8,298.61749154892954,442.648262113201,20,6
7,292.2012434112718,337.95472361129885,20,31
11,394.87708450440323,272.70020610830056,20,29
4,143.890360354081,394.0181222555238,20,39
10,379.69777378007643,86.08916123229143,20,11
5,190.7269600041074,171.85567592545053,20,16
6,205.41583284284874,292.08816951147736,20,34
2,14.091063829787235,191.3304964539007,20,2
1,76.8599941583098,478.12335702463247,20,1
3,46.03269230769231,304.1149230769231,20,3
9,309.1367450201755,172.3574585281496,20,4
10,291.10907446983396,432.2908104553674,21,6
9,299.48932250801664,324.62686770826224,21,31
8,196.7102717864397,180.61374407582937,21,16
13,397.46086804950323,271.41912149206905,21,29
14,469.36477611940296,152.91482587064678,21,10
11,312.5516868236792,172.63392743475492,21,4
3,20.330149253731342,395.89611940298505,21,25
2,48.7215088282504,297.4077938291421,21,3
6,169.38094837025184,314.34195232881325,21,40
1,17.25564632388275,193.43969245555022,21,2
5,111.666057239294,394.28626678855215,21,41
7,140.3358859255347,474.95722207552154,21,37
4,55.19965151735153,480.48584289240597,21,1
12,382.09518706157445,87.66250974279033,21,11
7,197.26932695444165,175.62558442970533,22,16
6,165.26349502902517,315.47854807499834,22,40
5,117.80844896700586,396.27974098057354,22,41
4,60.26125790844808,472.7437042550552,22,1
3,15.133094954310687,396.3011521652761,22,25
2,39.43125839677564,290.3110165696373,22,3
1,17.196006305832896,191.50157645822387,22,2
9,290.5847197694953,419.23357189329863,22,6
10,310.91601866251943,173.66936236391913,22,4
11,350.5967324168161,78.82187686790198,22,42
14,470.8326685077222,152.158433057175,22,10
13,419.0164658634538,97.9718875502008,22,43
12,392.5163672163426,270.80851587496926,22,29
8,288.5069700697007,319.9128741287413,22,31
7,194.984408105612,172.3697506383441,23,16
6,158.05246321177222,310.13675623800384,23,40
8,278.62160731836394,317.5093369622741,23,31
12,394.364683132636,275.6427001845829,23,29
13,414.79758872474105,96.86381389030396,23,43
3,12.683470105509965,229.90035169988278,23,44
4,60.02677185721676,474.966244180031,23,1
5,127.8012508686588,395.4533240676396,23,41
14,470.03409976617303,156.88561964146533,23,10
10,312.17712973273944,172.5480929844098,23,4
9,296.5014249653937,417.19477241267,23,6
1,18.87741935483871,175.0502546689304,23,2
2,38.57763662028635,290.8886872353297,23,3
11,346.6126961483595,69.85699001426534,23,42
1,20.12925392670157,172.58311518324606,24,2
2,15.63302752293578,227.7025993883792,24,44
5,137.2493950177936,396.08298932384344,24,39
6,173.44286068418444,327.5467897868121,24,40
7,198.14229227602644,179.43061423464414,24,16
8,287.0525995537827,306.68920289365155,24,31
13,421.46152052238807,105.73017723880596,24,43
12,398.14970150381623,273.09053124763847,24,29
9,301.8299366329851,422.1112348004795,24,6
10,317.57639536432663,172.3927001465299,24,4
11,338.0251651904963,62.63194151553493,24,42
3,43.378765284819565,295.72850183914903,24,3
4,63.24682293137532,473.7982208415702,24,1
14,474.0962000962001,160.91558441558442,24,10
9,286.8429618268575,419.95288002726653,25,6
7,203.16718838929995,165.13986909504837,25,16
10,316.8282277767337,172.0207354507298,25,4
1,78.64856685063201,474.30763752893006,25,1
2,20.81127843639859,172.31784684396027,25,2
3,16.795800144822593,231.43229543808835,25,44
5,123.97752011358259,403.69514118946205,25,41
6,162.60023795359905,314.0953301606187,25,40
4,50.057444852941174,302.3391544117647,25,3
8,280.38837557747536,302.11661880384565,25,31
14,476.0491000367332,158.4726337700502,25,10
11,334.5552377060346,54.81106116332925,25,42
12,397.1416954164613,273.90668638081155,25,29
13,425.0349689791314,108.60406091370558,25,43
12,417.210693101487,116.85552937352726,26,43
9,315.93479995440555,174.17451270944946,26,4
11,396.95500451597013,279.6415961901634,26,29
10,339.9802711547452,50.45432445067789,26,42
7,278.3517081802096,284.7492854226215,26,31
6,197.0946270310192,167.4402695716396,26,16
5,176.66118992472497,299.79748118123916,26,40
4,148.6363701784686,405.6892630972942,26,39
13,476.06109524400847,161.61455358251584,26,10
2,19.186687797147385,173.92076069730587,26,2
1,46.66217203586848,306.01760212553967,26,3
8,291.9739544874807,412.3485265489696,26,6
3,84.34558823529412,468.9329879679144,26,1
6,163.01280712744483,283.46766896359713,27,40
4,43.86358762254902,298.66513480392155,27,3
5,152.5701875045247,394.70636357054946,27,39
10,311.43253193507,172.9074580242093,27,4
9,289.5623857783685,416.0601428808772,27,6
8,281.92839044401546,295.62150096525096,27,31
11,338.6865429469628,47.03133556434439,27,42
2,67.65954229256981,468.1762274422825,27,1
1,17.418652544866138,414.67284495439833,27,45
3,19.122012578616353,176.212893081761,27,2
7,195.03417706753763,170.64388195497492,27,16
12,417.9439403530984,111.31230217345431,27,43
13,398.5058893314126,275.22964155580036,27,29
14,474.59211035194016,164.5282970220446,27,10
11,316.962930658526,175.6141517662451,28,4
10,271.1399607586658,230.21484630477437,28,46
4,83.23060421880587,466.33652127279225,28,1
5,144.341691306919,404.09905381431105,28,39
15,477.8568897369497,162.91154422788605,28,10
14,399.98349136471387,275.4265154080596,28,29
13,420.41974217311235,114.26305709023941,28,43
8,268.0812878921655,317.33409853434574,28,47
2,14.234150239744272,440.70271710175814,28,48
3,43.629092744843504,296.9326409923554,28,3
6,162.8495465787304,281.74038197306953,28,40
7,204.0616518483856,167.0774450163781,28,16
9,295.61737055250217,430.44757014752673,28,6
12,338.65571820677036,48.07419945105215,28,42
1,19.548341765036536,164.84035975267003,28,2
7,206.22818955042527,166.3379100850547,29,16
13,416.73397435897436,118.61942586399108,29,43
14,479.2964378326737,162.0058687047905,29,10
5,155.48799048751485,267.9681331747919,29,40
6,143.47010550996484,479.2485345838218,29,49
12,388.8047126745435,284.6188238453276,29,29
11,338.26836999327634,49.63509749303621,29,42
9,292.0504482889254,439.0089657785074,29,6
10,314.69359459149763,178.76051334937551,29,4
8,247.49900586019254,322.697990791126,29,47
2,46.526473526473524,306.9210789210789,29,3
3,71.94156603038566,482.7869107908064,29,1
4,119.61273061257089,387.75385352607617,29,41
1,19.794805194805196,168.3148629148629,29,2
16,479.81100342075257,165.4442702394527,30,10
1,41.01938782756906,309.65776578368013,30,3
2,12.288804945054945,448.592032967033,30,48
3,19.263845675171126,174.96390790292472,30,2
4,64.688246097337,475.8680746862565,30,1
9,203.2845334313005,197.39786921381338,30,50
5,130.3680148193887,389.41710404445814,30,41
6,155.9248132643848,281.2730033653452,30,40
15,421.90625,119.94945054945055,30,43
7,158.79334916864607,89.63420427553444,30,51
8,196.2435340368301,124.2468446099731,30,52
14,395.87950960487274,285.5216304857098,30,29
13,335.67813289210136,51.38996777845511,30,42
12,311.7130186410102,179.13685107235918,30,4
11,268.21784565916397,291.4764469453376,30,31
10,275.31624827586205,427.10615172413793,30,6
4,46.24442574673959,312.6435002103492,31,3
3,16.969056974459725,243.91797642436148,31,53
5,94.14991334488735,482.49711149624494,31,54
16,479.15484865470853,164.5309697309417,31,10
15,398.973403408186,276.9549291288422,31,29
14,418.6853300575419,118.17766858472878,31,43
13,335.42898652813244,50.28863256141587,31,42
12,289.4055259749604,291.7565836811052,31,31
11,301.55899430324274,170.5265666082384,31,4
10,276.2147031238727,424.83702474568935,31,6
9,195.23631596197967,124.53064568993773,31,52
1,18.321198453608247,172.55927835051546,31,2
6,121.70413286983391,364.21253379683276,31,55
7,179.9893420241346,284.79441557297633,31,40
8,183.06094182825484,200.72982456140352,31,50
2,20.654538103901356,448.19789771578735,31,48
9,213.45300237269575,114.51779521810549,32,52
8,201.08677896886167,296.5683384379786,32,40
7,173.17568166703614,211.3347373088007,32,50
2,45.726415925306085,316.96353386770016,32,3
6,113.54117280099813,380.9947754210855,32,55
3,15.328786191536748,449.820434298441,32,48
4,19.15084473049075,246.7779565567176,32,53
5,66.92674707343029,478.2571833983682,32,1
13,338.5113407981625,52.18738635276103,32,42
12,313.49738766980147,167.3183023872679,32,4
11,291.60795500200885,314.5697067095219,32,31
10,288.90082702551166,431.8227502102607,32,6
14,394.8785596933187,274.036486856517,32,29
1,18.71235460546998,175.24206224457717,32,2
16,480.67619190855766,164.7122875620394,32,10
15,417.37186910006295,120.85141598489616,32,43
12,310.0516481723238,434.2097748041775,33,6
11,292.42145052754006,309.4891584281798,33,31
10,228.99139579349904,402.5414913957935,33,56
17,480.24544062369483,161.42141166643464,33,10
9,217.36414511771517,92.57651485912776,33,52
2,18.942220884742703,170.74902196810112,33,2
3,24.93353888317917,244.38335046248716,33,53
4,50.177951388888886,320.4184895833333,33,3
8,176.20821950350398,311.2620857584036,33,57
7,164.33563922942207,204.65131348511383,33,50
6,113.21139949109414,396.1630534351145,33,55
5,62.431114275542896,476.7002491990032,33,1
16,394.4812605368953,268.63461289067567,33,29
15,414.5825526137135,116.66503733876442,33,43
14,336.3155454465926,53.477386055463214,33,42
13,310.95788912579957,166.87665245202558,33,4
1,23.967275015733165,434.62408223201174,33,48
3,32.52067645969633,444.5369707443526,34,48
1,18.84840579710145,174.53478260869565,34,2
2,46.906160517058005,308.3674220731408,34,3
4,65.86215538847118,503.21303258145366,34,58
12,311.16215273741716,169.37289317679878,34,4
14,415.2954871060172,117.5413323782235,34,43
13,382.0541198404889,269.1264695219846,34,29
6,175.4623174579878,200.4877082263154,34,50
5,111.4561053471668,405.80031923383876,34,55
7,169.5363974495218,321.514412858661,34,57
15,480.53393068915534,162.0538937936487,34,10
11,333.3436403687689,59.150363057844494,34,42
10,301.84662465155736,437.607502120955,34,6
9,263.2885599753315,313.6411964230651,34,59
8,219.1957869779318,89.70134962611709,34,52
12,309.6611930294906,166.2505585344057,35,4
11,287.04205977235375,296.2717755188995,35,31
10,300.23558203873165,438.3631091721643,35,6
9,217.8792588689849,91.23753073410607,35,52
1,19.85295616717635,179.3656982670744,35,2
2,13.189034837235866,258.24157624214735,35,53
3,37.171851445799646,428.3946827463341,35,48
4,47.9414708247699,310.77973371459206,35,3
8,145.69937369519832,487.9838204592902,35,60
7,184.25064151466813,321.6280601983494,35,57
6,176.07209499575913,202.79905286966357,35,50
5,119.46236303001429,389.90249325075433,35,55
16,480.5692809530563,162.75904127074173,35,10
15,414.33963352127114,127.16837519220913,35,43
14,394.54662980122555,277.0238379913316,35,29
13,336.48662838392124,57.887448728465955,35,42
13,340.3514624354808,50.096635442554,36,42
14,330.75693249187225,134.62382864792502,36,61
15,415.7345472303614,125.72289660946002,36,43
16,399.87041198501873,278.9238202247191,36,29
5,72.35089613474412,491.23947311595765,36,58
17,480.27318506084765,159.4364246747797,36,10
10,307.3161629434954,435.2292247043364,36,6
11,280.9215749905349,301.1432202931473,36,31
12,275.5914285714286,193.1598095238095,36,62
6,124.3559472074682,376.37550297762755,36,55
7,170.4211096494622,195.60574170084345,36,50
8,180.3559870550162,298.9080224833929,36,40
9,217.68870523415978,88.83604641455881,36,52
1,18.89231181355478,177.98740959014197,36,2
2,9.933967543368775,266.0716284275322,36,53
3,47.6328642384106,312.6723509933775,36,3
4,44.22263359249661,436.87115883006294,36,48
8,175.81809385582972,297.1773446679107,37,40
9,144.51516764236297,494.37786056412983,37,60
10,211.6516338317905,91.38879658200807,37,52
11,299.3596205812607,434.2805933932609,37,6
15,312.2024834768676,119.44382134988984,37,61
14,339.31181150550793,45.89800081599347,37,42
13,291.3741607324517,187.8382502543235,37,62
12,276.7781350482315,307.3936275942707,37,31
5,69.76244860666971,494.1694837825491,37,58
1,18.48343949044586,166.56050955414014,37,2
3,50.5061647429171,306.84122507869887,37,3
2,9.510030864197532,258.0300925925926,37,53
17,399.2788573933372,279.8697399181765,37,29
18,481.45360540466015,159.91010616296705,37,10
4,34.1357873210634,448.6111792774369,37,48
16,410.4914137849918,125.57098329804752,37,43
7,182.957399103139,192.3965807174888,37,50
6,122.55201921633389,410.341915628284,37,63
2,11.168978562421186,255.16960907944514,38,53
11,295.8749534242492,307.3735747820255,38,31
10,281.65836298932385,443.6393831553974,38,6
13,308.9761332692616,200.22296972609323,38,62
12,296.89981128838565,117.56201749871333,38,61
5,70.82817869415807,498.8290378006873,38,58
9,210.5571247510411,90.90729675900779,38,52
8,182.7264634004422,296.50989177237284,38,40
7,188.40803300883243,192.61034104828832,38,50
6,128.30231982678626,413.9915248994742,38,63
17,479.81111411573823,160.95159545700378,38,10
16,401.869644286026,279.62522732232486,38,29
15,410.6520947176685,124.60252406973719,38,43
14,343.7449088960343,48.10026308097048,38,42
1,18.300803673938002,171.76291618828932,38,2
3,47.78793103448276,318.0932471264368,38,3
4,36.21830706053782,456.3056033911776,38,48
8,213.03738062755798,86.43201455206912,39,52
1,18.466101694915253,173.4623352165725,39,2
2,15.972590627763042,248.84615384615384,39,53
3,44.36805555555556,323.12098393574297,39,3
4,34.05744234800839,456.5276030747729,39,48
16,482.7699326851159,159.9292445774121,39,10
15,405.52940223554185,283.2501214968411,39,29
14,418.2598177407723,127.92008129548286,39,43
13,346.39382751112373,48.47997727918205,39,42
9,302.4371527168509,441.0709481195531,39,6
10,303.6642463988757,127.03454737088651,39,61
11,300.61762231879993,314.17895696060566,39,31
12,320.2771726260952,208.38704712289842,39,62
5,124.74696068627966,410.2220409452134,39,63
6,177.91190692051978,189.03838017527954,39,50
7,193.28849002849003,285.73242165242164,39,40
17,481.7942149949633,163.56857101741258,40,10
8,205.31549173194082,88.92515230635335,40,52
14,346.5423779277491,47.0793965859468,40,42
15,398.400757002271,289.5833459500378,40,29
7,160.25466591257978,196.84640866122646,40,50
6,117.81803278688524,405.5694426229508,40,63
1,17.86499123319696,173.75131502045588,40,2
16,417.8671485224511,125.26749392350007,40,43
2,33.0438202247191,452.8806179775281,40,48
13,320.6302140007254,212.5184076895176,40,62
4,51.96869915549702,317.53885488494615,40,3
3,15.73352435530086,264.039705280393,40,53
10,298.44877421307507,442.43530569007265,40,6
11,285.1889519485433,325.30533484676505,40,31
9,201.89205998896523,297.6809951346742,40,40
5,76.84540839870789,493.8057221965851,40,58
12,296.8171899354264,123.35337341349366,40,61
6,130.3467598097503,403.95362663495837,41,63
7,154.70484543244183,201.78230288294546,41,50
16,419.65180332488023,127.43265708650324,41,43
13,280.69093851132686,334.60872245338265,41,31
12,300.12610750147667,126.35617247489664,41,61
9,203.54638822321124,296.4623074289627,41,40
8,209.02301132186443,77.32671665931481,41,52
17,479.5669666490206,165.04380624669136,41,10
1,53.390324161590705,314.9712245326612,41,3
2,36.52575011195701,443.23914017017466,41,48
3,18.18985849056604,172.42659198113208,41,2
5,84.23806212331942,489.612424663885,41,58
4,12.885742672627918,277.65325384997516,41,53
15,399.42158056889014,293.1655799957011,41,29
14,351.2989784750091,47.94892375045604,41,42
11,305.922068246163,208.50797198629115,41,62
10,294.40134693605387,448.20377408815096,41,6
11,297.73121010364474,447.63696890658247,42,6
12,286.1675248022102,324.89036795177697,42,31
13,352.20491576912457,50.34060572585842,42,42
14,404.5196996729111,293.2136485280999,42,29
7,177.5986694852027,311.99931609052476,42,64
8,209.3903650896522,76.39446964787211,42,52
1,19.932221339687583,174.93857558909187,42,2
2,54.59423958404597,334.8896490387904,42,3
3,51.864015518913675,485.7404461687682,42,65
4,24.721200980392158,249.56985294117646,42,66
10,303.1792107263805,213.67475292003593,42,62
9,298.16777408637876,129.02307124400147,42,61
15,421.354397348191,131.41378094364904,42,43
16,483.29171151776103,162.65431339381823,42,10
6,151.16628050664195,204.8393574297189,42,50
5,119.7355214884696,433.3739517819707,42,67
13,348.01931840697443,47.787794729542306,43,42
14,407.31002793706807,287.93920011762975,43,29
1,19.6984557030615,170.52289352479002,43,2
2,34.96723765175453,472.11791119241644,43,65
3,15.714402284781722,258.04773561811504,43,66
4,56.76941718163092,337.0256876287411,43,3
5,122.6378101614809,454.98629381646316,43,67
6,159.4646493014112,198.9922066980271,43,50
11,303.4206652647677,126.20435863123686,43,61
10,293.13728700503304,440.15602449821114,43,6
9,290.16121132481186,307.0588938000239,43,31
7,172.16976964342064,325.8426948564216,43,64
8,210.3524369869979,73.3650759061524,43,52
16,483.5578963322219,160.89966656562595,43,10
15,423.65611615245007,120.21756805807622,43,43
12,316.62168674698796,210.6698795180723,43,62
3,56.35486115503827,336.60655322917324,44,3
12,354.16850802190413,49.09597463733308,44,42
11,301.1678371907422,317.8220271348763,44,31
10,316.55939610647596,124.44388160508542,44,61
9,314.2225876373421,200.85051199641228,44,62
8,291.5855354659249,439.87256606397773,44,6
7,212.7979278263321,71.23343670707641,44,52
4,119.97913514374453,456.5436808154814,44,67
13,409.66890728748257,285.82760882039514,44,29
2,32.777461278262415,472.19102723873954,44,65
1,20.36636810170471,170.93787922565733,44,2
14,429.6801886792453,125.94606918238993,44,43
15,485.0195834628536,157.84861672365557,44,10
6,164.19709177892483,337.94296865164296,44,64
5,175.46061633822583,203.20846734109116,44,50
14,410.35924272741266,286.7722795136217,45,29
7,170.37527716186253,319.52731304172545,45,64
15,428.24004350736277,127.54384203480589,45,43
1,22.81577885391445,191.16061339790153,45,2
2,44.29814833151797,451.2753737993861,45,48
3,16.112289156626506,270.76,45,53
4,58.54150702426565,330.4908471690081,45,3
5,141.05356974441196,463.844855229652,45,67
6,183.91269312733084,199.43593500266383,45,50
16,483.09610580455546,160.72432035268184,45,10
8,212.34301361965842,70.07105282121496,45,52
9,289.2706326723324,329.9581995593327,45,31
10,311.48875117876867,198.39633571332345,45,62
11,297.34073321347614,453.2670991948722,45,6
12,316.81402536502185,121.45891505914953,45,61
13,355.6279283417547,49.19660082682591,45,42
11,319.4919033383159,211.08015695067266,46,62
10,298.18455284552846,451.9689578713969,46,6
9,273.811780439586,327.1578671938598,46,31
8,213.19091037602487,71.22547356516822,46,52
4,53.58633661876458,334.41607102550597,46,3
1,24.150043066322137,195.52230835486648,46,2
6,179.93551370994385,196.95071027419888,46,50
5,146.6985659520091,454.0008519096976,46,67
12,314.47681982447085,122.33350542075374,46,61
7,153.54856147516367,315.6859270827077,46,64
14,407.82987003451063,291.054262427491,46,29
13,357.4573927765237,49.71162528216704,46,42
15,430.54163987138264,126.51864951768489,46,43
16,484.40969017798284,163.82745550428479,46,10
3,12.110410094637224,281.216403785489,46,53
2,24.3269190103616,465.7134700782406,46,65
10,313.2514755480607,121.43823777403036,47,61
12,354.0858812074002,47.262122687439145,47,42
3,51.910874785591766,329.80192109777016,47,3
2,17.652173913043477,250.49372909698997,47,66
1,19.676741130091983,169.45466491458606,47,68
15,483.9739819004525,162.1494828700711,47,10
14,427.9439266386049,126.6038785327721,47,43
13,406.777920594116,289.36189660097114,47,29
5,182.27754030288227,196.9996336101612,47,50
11,318.4879164443089,199.76320805062133,47,62
7,212.40728945506015,69.50283085633404,47,52
6,152.06638833352935,328.37439727155123,47,64
4,112.2040218510015,452.6100071253266,47,69
8,288.79024573721165,313.48714894684053,47,31
9,285.00955414012736,444.1889855522759,47,6
12,312.8299085923218,201.01177330895794,48,62
14,354.83423732039205,52.07317537348939,48,42
13,314.3767130040422,127.01754904860495,48,61
8,171.30858968127214,355.52857440455523,48,70
7,168.98531571218797,271.94478707782673,48,71
4,54.77700468448609,329.71025075778454,48,3
9,215.0764939683425,70.76682239732236,48,52
15,413.96906463137384,292.9717440727509,48,29
17,485.44251626898046,160.85450883173226,48,10
16,429.4839884656245,131.99620579754136,48,43
1,19.014884233737597,168.1659316427784,48,68
3,17.725160829163688,254.5746962115797,48,66
2,22.10970357233342,469.2781859640233,48,65
11,298.14520409452797,323.9814229748515,48,31
10,263.9406951998108,447.3665169070702,48,6
5,98.67656557146869,450.21819713563605,48,69
6,189.13923908149482,209.36273075191355,48,50
2,20.17274678111588,479.98175965665234,49,65
3,16.79291438211725,259.38169548713626,49,66
8,212.92228739002934,72.89442815249267,49,52
9,272.3991133892083,450.54533490337326,49,6
10,311.66720658702843,201.37436728082608,49,62
6,184.34685968311865,211.57882138379117,49,50
5,113.58629007940496,458.51361945924214,49,69
16,487.043450204345,172.4020219402022,49,10
7,177.94152588555858,340.23465940054496,49,70
4,55.559778763907644,328.7408193452955,49,3
11,300.775550980867,332.34342455800436,49,31
1,19.342793544796884,174.9457429048414,49,68
15,434.8189127650491,129.66436601679237,49,43
14,412.5802542561891,291.3256263474835,49,29
13,353.59075598802394,49.72108907185629,49,42
12,316.777656945131,127.57281265447355,49,61
1,21.01571211353269,181.24683223517485,50,68
15,448.23006182781734,140.07544032836287,50,43
14,411.6725779210809,291.61331183786274,50,29
11,310.05438486681965,198.65609569511093,50,62
13,354.9510075799593,49.205121094472176,50,42
12,313.54499612102404,125.09173778122576,50,61
3,15.898159509202454,264.2319018404908,50,66
9,291.84021296174575,323.69889575391085,50,31
2,29.958786936236393,455.27682737169516,50,72
5,110.63864400618013,458.18494955921113,50,69
8,213.5633903133903,69.7855413105413,50,52
10,279.4378802316206,447.376603386352,50,6
6,181.08254957167676,207.14113700353442,50,50
4,52.84885381435551,328.8901916572717,50,3
7,163.416662134972,335.8656805699059,50,64
1,20.186644246937306,186.19529185683402,51,68
14,411.5502989342345,288.87332120266876,51,29
11,311.732958468975,127.24198480812863,51,61
12,291.2588771386811,438.21717823059066,51,6
13,355.63287986204256,53.29421345085265,51,42
16,488.39304812834223,163.64915966386553,51,10
15,432.20049523523676,131.9094319801906,51,43
3,50.396402083004574,330.58284677292096,51,3
2,28.397505057316252,461.81540795684424,51,72
4,110.30818404230132,456.3666640359877,51,69
5,180.61064079952968,208.20146972369196,51,50
7,162.79781123405286,348.25188947336596,51,64
6,118.86087831042575,267.6081126382836,51,73
8,215.77759494504048,67.99499769630751,51,52
10,278.29416856850554,323.735972298733,51,31
9,313.8115387070011,206.883017422937,51,62
9,307.87271531886915,199.96844181459565,52,62
12,292.39245440623694,315.5150355004873,52,31
11,311.26550774199677,124.56996295240809,52,61
10,290.1564142633897,438.7265946867453,52,6
16,485.7380244466468,158.19871159563925,52,10
15,429.88662906173033,128.81814570588702,52,43
14,407.915923566879,288.7517422255526,52,29
13,350.98922800718134,49.63931777378815,52,42
5,23.157530864197533,441.56123456790124,52,72
6,166.68268514806118,203.54762586631537,52,50
7,176.74188157968027,331.58558458196404,52,70
8,209.25196144362252,66.85212583127849,52,52
4,54.66331823255203,321.2377388221391,52,3
3,118.32400641596864,464.59561575476744,52,69
2,12.689940828402367,253.83372781065088,52,66
1,17.49734623790197,175.6537620980331,52,68
16,458.46541666666667,36.82791666666667,53,74
15,430.08647378231626,133.41656536186076,53,43
14,412.59974681659094,292.6794251247301,53,29
13,358.01610776186885,49.52938960060286,53,42
4,25.105527638190956,248.85355348169418,53,66
1,14.800178677784395,423.10125074449076,53,72
2,105.77675950883499,459.6052111410602,53,69
3,19.28623741226732,166.8660360085444,53,68
11,279.7769712713936,437.046913202934,53,6
10,308.5850736497545,200.95816693944354,53,62
9,307.217258794845,120.10179380006966,53,61
12,313.1519620753226,318.50776929154597,53,31
8,212.83270676691728,62.954962406015035,53,52
7,186.99243212016177,334.9907567879838,53,70
6,166.04521625163827,207.77543099102732,53,50
5,60.565069036660844,326.2213140771306,53,3
17,487.3576110706482,157.88037144938093,53,10
15,433.643420538852,124.07770402186645,54,43
3,17.81424446583253,256.7128649342316,54,66
2,88.48729596550662,462.9188481675393,54,69
1,18.5,168.72266584766584,54,68
13,351.3124084919473,47.883693265007324,54,42
14,406.54383253722955,296.8456729418376,54,29
12,314.01085329341316,122.04060628742515,54,61
8,210.98878096528875,61.54257962502824,54,52
11,284.744608399546,441.72442030160533,54,6
10,309.8387239698715,196.03772390657636,54,62
9,292.1335064538303,300.90964637592606,54,75
16,486.6636658264314,164.5767014764134,54,10
7,177.83873056994818,351.98468726868987,54,64
6,166.44168893639764,202.8668626402993,54,50
5,17.352156514006225,443.3317029791018,54,72
4,51.30884645362432,330.82151208106,54,3
17,485.29208600182983,185.26761207685269,55,10
11,315.7859187493119,204.43454805680943,55,62
10,273.6893804093969,312.0849017722215,55,75
9,206.6687400549689,59.666063937509044,55,52
16,443.1261117445838,123.2892436335994,55,43
2,8.98360655737705,254.63548698167793,55,66
1,19.110350981558597,168.33254015466983,55,68
15,397.43251741784326,310.68382760959366,55,29
14,349.4944822106471,49.01183014037256,55,42
12,316.61398688175854,123.9774862613012,55,61
3,24.014522350805535,464.9800317676424,55,72
5,58.048660362490146,384.99507486209615,55,76
7,171.90145246224176,200.68346739193333,55,50
4,35.166464809581484,325.2656439241017,55,3
6,99.60604439689757,453.0757778372114,55,69
8,168.40030624521492,331.8106748332057,55,70
13,290.45806330421715,446.9076735230581,55,6
8,315.0192491060787,202.5716924910608,56,62
10,292.1131817144596,325.83167262493345,56,31
9,278.6326530612245,445.1295010150657,56,6
14,488.8669686985173,175.64579901153212,56,10
13,439.3199941473407,125.72492501280269,56,43
1,17.295120320855617,169.5230614973262,56,68
7,312.2573679086645,121.37551995751836,56,61
12,402.29743623541816,299.6679628287089,56,29
11,351.95159307932306,49.22388200813085,56,42
6,208.81449683321605,58.97128782547502,56,52
2,36.6413612565445,321.09886048660303,56,3
5,163.82071684587814,320.133835125448,56,70
4,166.16977439521608,198.33269910301712,56,50
3,106.13299969669396,446.21420988777675,56,69
5,182.11429803752426,320.4048594637337,57,70
4,138.80977926303754,441.46856037287836,57,77
6,208.34016801936494,61.83297736010252,57,52
7,311.63593886117053,125.39051239407618,57,61
8,271.62238966630787,450.8016146393972,57,6
9,322.7199817874333,209.3257447638871,57,62
10,312.33549083063645,336.773711725168,57,31
11,347.60910518053373,47.478806907378335,57,42
13,444.59782963979865,122.07995031705563,57,43
2,41.48220064724919,316.4291878563723,57,3
14,489.83872783563186,190.20968195890796,57,10
12,413.7162272558485,293.8719643520238,57,29
3,171.5080250426864,198.28525896414342,57,50
1,16.541954231747184,170.54050127134036,57,68
7,303.8503108927612,128.22376602441085,58,61
11,346.43633365159275,49.09061713392935,58,42
9,322.4401664198576,210.15062407446584,58,62
10,295.83070995245123,318.2504508935891,58,75
8,274.2672955974843,442.0924122540069,58,6
14,488.8,185.53473132372216,58,10
4,172.3718340782561,309.36454167646826,58,70
3,152.84897586306374,205.33666698721032,58,50
13,443.56974789915967,124.77626890756302,58,43
12,406.79508361877896,297.04681308348444,58,29
6,205.83371941508614,62.16852468510207,58,52
2,42.33869996990671,326.51068311766477,58,3
1,16.4047354790973,171.7713651498335,58,68
5,157.42397636826126,439.8107819807992,58,77
14,399.39458022765353,301.9328017565147,59,29
6,159.164821723442,434.647116384319,59,77
12,326.8728130671506,212.27542649727766,59,62
13,353.0071629340829,48.28842143440022,59,42
2,16.679268292682927,168.7390243902439,59,68
16,488.0520418326693,186.96513944223108,59,10
15,439.62489276050945,124.39952484656504,59,43
1,46.23511476242907,433.39061573642755,59,78
10,299.50353952469237,445.7842575425586,59,79
11,303.9908908574294,125.43690456292829,59,61
9,280.2993081224528,300.77310207563266,59,75
5,161.20569077819678,197.64621186150154,59,50
8,208.89174338114609,59.84728466424035,59,52
7,183.01784798440866,315.33982972612574,59,70
4,50.995793758480325,301.8526458616011,59,80
3,12.322751322751323,241.61904761904762,59,66
8,297.35312918091273,127.88278578861305,60,61
1,19.168875192604006,162.7768875192604,60,68
12,351.45489877078813,47.812997107736805,60,42
11,274.15945330296125,447.75284738041,60,6
4,160.70098549002128,203.30782944584757,60,50
3,36.89876390605686,429.75698393077874,60,78
2,44.17666853617499,315.20807627593945,60,3
17,488.03432413305023,173.6664897381458,60,10
16,408.1489810260014,418.5657062543921,60,81
13,350.7685753913216,438.08777491579156,60,82
10,289.85022212819973,307.0152316479797,60,75
5,137.49026436599652,449.53137037623344,60,83
7,205.2530635109586,63.85610251382956,60,52
14,402.06794099314357,303.6467899439019,60,29
15,434.71814339946997,124.95315521810758,60,43
6,175.4330385344283,324.50905453779745,60,70
9,333.9720463759869,216.18920264599188,60,62
16,438.3028153237249,126.8813382122321,61,43
15,407.55146798726565,296.0188892819243,61,29
10,301.6314031180401,122.44400254533885,61,61
9,266.7529048389469,454.6831887042212,61,6
2,7.561001042752868,265.1084462982273,61,66
7,172.7248133318905,337.514013634888,61,70
1,17.591140854047165,162.09751434034416,61,68
6,151.75629335203803,452.9995323825111,61,83
5,169.41277919140515,199.3717839977382,61,50
4,33.8742829044419,437.66021963612525,61,78
3,50.395315826827535,309.4715400993613,61,80
14,354.5981703026038,430.38001407459535,61,82
13,355.0325230511316,46.85490360435876,61,42
12,294.3341077552827,317.34207323819004,61,75
11,333.33727527513844,213.36742087634153,61,62
8,201.65818102697997,63.75558456628953,61,52
17,490.28632653061226,172.06795918367348,61,10
16,492.5373344604114,178.47027331642715,62,10
4,153.0417579584998,475.7735532929501,62,83
5,125.19489503816794,331.5415076335878,62,84
2,50.442414004914006,312.7676597051597,62,80
6,202.8841078197389,63.84072722167626,62,52
8,253.0002988643156,456.98580394500897,62,6
3,160.42007591733446,192.40896949247855,62,50
7,190.01924324324324,335.9705945945946,62,70
1,18.079511712306168,168.84295612009237,62,68
10,323.4811867320303,207.97478831094418,62,62
11,292.225988700565,318.9806467123452,62,75
12,358.33462900578735,46.91802712274337,62,42
13,361.32532631348033,433.63606449489964,62,82
14,412.94046882518734,295.533374578951,62,29
9,305.5661087531032,118.85849283254585,62,61
15,442.8361562628056,130.42828848517962,62,43
17,437.92249527410206,131.75527119383452,63,43
18,493.4494696818091,161.42945767460478,63,10
16,408.901728270468,301.4229847357134,63,29
13,291.1060025542784,319.07311621966795,63,75
7,152.7722921225383,479.109272428884,63,83
6,111.81619047619047,338.01714285714286,63,84
5,41.01810865191147,312.1299223914918,63,3
4,154.84016593460225,209.2059541239629,63,50
12,304.55099877700775,117.74961271911944,63,61
10,250.0866507430998,442.51380042462847,63,6
8,200.90143163922693,65.99098067287044,63,52
3,7.9364844903988185,254.78434268833087,63,66
2,15.705756929637527,161.85373134328358,63,68
1,40.996212121212125,462.7765151515151,63,85
15,379.6247902181731,438.3135139454967,63,82
14,356.59394835231717,46.06390748630554,63,42
9,184.4087988136431,351.4667984840995,63,70
11,312.03348214285717,205.23628826530611,63,62
11,304.783183413778,203.23508117595438,64,62
6,55.56123432979749,270.8962391513983,64,86
13,262.3433591004919,440.62965565706253,64,6
12,306.04688879967887,117.17800080289041,64,61
1,36.794944660484596,470.15764283577624,64,85
7,105.65836142459328,344.38780595046165,64,84
16,382.50873498674156,432.8412884105444,64,82
15,355.588407079646,44.37115044247788,64,42
14,295.6120565009454,318.13491269046824,64,75
17,413.30162345246436,297.0040878299463,64,29
4,7.04392523364486,267.88130841121495,64,66
3,140.99942696146317,207.84136383171767,64,50
2,19.58626699198327,163.102823283374,64,68
18,443.25658689871887,132.16146966400774,64,43
5,30.984996738421398,348.2337464666232,64,87
10,189.34366812227074,356.03810043668125,64,70
9,201.75076594228713,67.09861061631635,64,52
8,145.7843577700633,461.5962834388401,64,83
11,308.7254452342735,116.23006955591225,65,61
1,24.779495105615663,165.44770736733642,65,68
2,6.414239482200648,252.38079827400216,65,66
3,145.20322048695314,204.11780968086137,65,50
9,199.15874177029994,64.60848573518653,65,52
10,201.86116990571483,360.01520107754476,65,70
12,301.9620548029179,199.0314473119598,65,62
13,268.8539532038538,454.0282917877351,65,6
19,450.878261762893,134.13632627902197,65,43
14,279.68010687393735,330.4080641243624,65,75
15,353.59881102504056,41.35029724373987,65,42
16,334.651269393512,292.5530677009873,65,88
7,101.12694053021256,346.96668258896585,65,84
6,43.91508560851457,270.18255437297546,65,86
5,43.87632709295729,436.77696733933055,65,78
4,24.119524617996603,333.87062818336165,65,87
8,140.72817528243752,459.94499600593406,65,83
17,396.30255839822024,439.9040203400604,65,82
18,422.93448444771,292.7904726916483,65,29
8,136.23265729430744,456.6987785203964,66,83
19,450.8910299643511,132.56787744484055,66,43
18,423.37099697885196,299.55268882175227,66,29
17,346.524606902185,287.5875025525832,66,88
9,198.80269124972122,67.15106683517953,66,52
11,299.09696569920845,196.64979611417607,66,62
10,193.100695276912,349.575881083673,66,70
12,264.72339155097774,460.74399164054336,66,6
13,318.5227587330022,118.38620633498901,66,61
15,349.0238821138211,39.582063008130085,66,42
14,283.16285165123185,318.8897431417089,66,75
7,174.51650485436892,209.95819531696173,66,89
16,386.82291027102883,437.5799491272695,66,82
1,35.65464118564743,174.57858814352574,66,68
2,33.77131603336423,324.07367933271547,66,87
3,42.65281241341092,436.4636556756258,66,78
4,49.3458591754834,249.34020430499817,66,86
5,8.882059800664452,261.80066445182723,66,66
6,108.45264270613107,332.79989429175475,66,84
15,353.7523291925466,37.88800465838509,67,42
16,375.7090716246569,418.8607436985276,67,82
17,349.78922807699786,294.0484153217966,67,88
18,437.6238061549346,293.0346657233817,67,29
19,448.9428450465707,119.62640619329866,67,43
20,496.4073941134243,167.6773151471644,67,10
7,122.57237507018529,457.6221224031443,67,83
4,38.52408759124088,342.085202388852,67,87
6,117.23526386174262,339.25810101841375,67,84
1,39.023941476391045,454.1290179561073,67,85
3,12.981416373681567,258.16825715720745,67,66
2,32.957025784529286,172.86827903258046,67,68
5,65.84144318495991,254.30218413049488,67,86
10,193.2388667263698,360.66278596434097,67,70
9,203.41841152672296,63.251117893392006,67,52
8,172.27386214311312,202.50621192211204,67,89
11,262.44176442984514,443.561614265603,67,6
14,330.1850988587044,117.08037293039705,67,61
13,279.18744228993535,310.6997922437673,67,75
12,305.2426712735518,194.56481131566161,67,62
18,444.65437578240585,296.74399681347444,68,29
3,30.46406338426712,470.0716845878136,68,85
2,12.572689511941848,259.6007268951194,68,66
19,455.85330565899517,118.94518039191746,68,43
8,171.43894620855454,216.24987478713814,68,89
7,111.25071564885496,463.40613072519085,68,83
6,84.62069289268614,369.919913623134,68,90
5,21.329941081949652,362.88939475093736,68,91
4,72.66252528171049,270.7454492921121,68,86
17,355.5711462450593,295.470051687443,68,88
1,30.098008892325538,179.100328629422,68,68
16,365.504420491704,412.8005934358726,68,82
9,189.74942872902056,385.3078559609172,68,70
10,205.96371747211896,59.80884758364312,68,52
11,300.2626185958254,190.7225806451613,68,62
12,259.6763116930684,307.8686017763941,68,75
13,269.10909305342614,456.2414199787711,68,6
14,334.68696348028516,119.5522333769824,68,61
15,357.157437777349,40.17181169207023,68,42
21,454.3818018119408,126.94918687749704,69,43
13,251.7438675388389,297.9425592804579,69,75
14,282.5702448676725,462.1069750185506,69,6
15,335.8770920887709,118.61579296615793,69,61
18,370.2187161639598,423.53170920340295,69,82
17,340.94151245145076,317.49006168608634,69,92
2,14.381872709096967,277.782739086971,69,66
1,33.10068610634649,181.20617495711835,69,68
16,353.77942361950824,38.40386940749698,69,42
12,296.8831101956746,191.2307929969104,69,62
6,80.01656902233614,383.6584584401318,69,90
5,84.30149253731344,278.8088619402985,69,86
10,205.13638516179952,59.491475927387526,69,52
9,190.12453737971873,398.9401677769553,69,70
20,460.05,206.02307692307693,69,93
19,445.7023619533993,304.33269496754974,69,29
11,171.12539936102237,499.1325878594249,69,94
3,40.17733333333333,476.00983333333335,69,85
8,120.5750102753802,471.1886559802713,69,83
7,165.6978672985782,210.24443643107355,69,89
4,18.495100707675558,383.5481763745237,69,91
10,182.44308503447343,366.66080843585235,70,95
14,302.9728214890017,188.4776861252115,70,62
15,267.51925910334666,293.8627657335298,70,75
11,202.93211422845692,56.69914829659319,70,52
12,172.11966824644549,502.66469194312793,70,94
13,252.55186440677966,463.85661016949155,70,96
18,340.28633360858794,322.47780759702727,70,92
21,451.6716710624197,144.6497599242578,70,43
1,44.61051681917773,176.79017914679727,70,68
20,446.89729240856934,300.7369849075801,70,29
19,383.2309379340595,428.3302141969442,70,82
5,20.5800588078054,380.5372894947875,70,91
4,15.448503297818366,306.50025367833587,70,97
7,85.01547491995731,372.80860903593026,70,90
6,80.59338478500551,270.8135611907387,70,86
2,44.1378307647572,474.44562372782786,70,85
3,16.026102088167054,242.12470997679813,70,98
16,339.51160185629703,119.58337333973435,70,61
17,347.0128330808306,38.759379734426524,70,42
8,169.75742223674894,202.4934357465817,70,89
9,126.42907675981606,465.91050583657585,70,83
4,42.01263131565783,464.2757628814407,71,85
3,19.862101910828027,378.52579617834397,71,91
5,80.086692674469,348.4502600780234,71,90
6,90.26781624680048,256.5264717769096,71,86
7,185.18199898011218,205.14416114227436,71,89
8,120.85198372329603,455.074008138352,71,83
10,199.41087378640776,60.81895145631068,71,52
9,170.0244408945687,340.11054313099044,71,99
19,448.0773085660831,150.95970867299212,71,43
20,448.02961994990744,305.02787759991287,71,29
14,267.2783651226158,322.02223433242506,71,100
13,307.3815443338319,189.58838396863877,71,62
16,343.8632866443085,36.96468731505228,71,42
15,338.87631691648824,107.34569593147752,71,61
18,353.00675980171246,324.6821766561514,71,92
17,371.6035399377593,437.5908973029046,71,82
1,37.26377491207503,175.4657511304639,71,68
2,20.72191887675507,241.2207488299532,71,98
11,179.68601276842716,495.44283226929775,71,94
12,249.86549273363744,452.13705314522116,71,96
15,280.29891540130154,330.78047722342734,72,100
16,344.08774487471527,101.695854214123,72,61
1,37.08297491039426,175.15913978494623,72,68
2,14.535773710482529,369.0881863560732,72,91
7,75.39755902360945,342.10554221688676,72,90
8,99.91536361379995,451.12918838421444,72,83
17,331.4168710152035,37.43609612555174,72,42
18,366.9956008335263,450.9979161843019,72,82
19,354.73253038194446,325.396484375,72,92
20,443.4214007496142,153.65319320937752,72,43
21,447.70084918843384,307.2220251531764,72,29
22,474.92020901002684,67.94040389775455,72,101
11,173.3133357426816,490.91904589808456,72,94
12,184.57997366606057,363.19361715468057,72,95
13,259.9241464273143,438.2562478000704,72,96
14,313.7715746421268,190.67157464212679,72,62
3,33.345737041389214,451.1116333725029,72,85
4,20.129391602399316,236.84747215081404,72,98
5,10.63477460901564,299.9457221711132,72,97
6,90.67012803710051,256.15697146889806,72,86
9,191.36948848970133,199.27877574672075,72,89
10,189.3938607208308,65.91554673182651,72,52
19,450.29393045188914,303.680668865359,73,29
1,30.258591863273267,177.67917518112577,73,68
2,27.42229129662522,443.1453522794553,73,85
5,92.12925745716099,261.3998307594669,73,86
4,19.320561941251597,353.3444018731375,73,91
3,16.385467980295566,297.01847290640393,73,97
18,455.20228044638526,124.5110140708394,73,102
17,364.94451871657753,316.9088235294118,73,92
10,188.67808658159996,403.84285963992306,73,70
9,190.49661344944363,59.93952588292211,73,52
16,371.66356785689135,450.9711951545884,73,82
15,340.42014178482066,34.643244370308594,73,42
14,335.51581998228806,101.81684244424764,73,61
13,288.4247463359639,311.52113866967306,73,100
12,311.13001077862754,187.18990915156803,73,62
11,264.95230998509686,454.4019870839543,73,96
7,91.93548387096774,362.4598940779971,73,103
6,88.0026845637584,466.6785980611484,73,83
8,184.55144875601516,198.35389577147538,73,89
7,95.91826694175528,481.2013966037137,74,83
13,270.1541111621498,463.76998162609095,74,96
6,91.6225437270568,266.262794212913,74,86
17,349.84391063661525,302.26463028865163,74,92
16,344.3795442501325,35.615156332803394,74,42
19,448.58881870567376,304.8895722517731,74,29
18,377.55567084364276,428.8467555271769,74,82
2,31.511525565800504,172.54568315171835,74,68
3,25.934796044499382,238.09548825710755,74,98
1,31.839540229885056,448.1672030651341,74,85
12,300.3194303759757,176.17654769707443,74,62
11,195.95056442195406,391.7844631040427,74,70
10,190.81923568915894,60.42940518068436,74,52
8,106.17854237839596,373.6691882218969,74,103
9,178.84695235560287,198.54032472717594,74,89
14,263.83780260707636,296.3475791433892,74,75
15,328.7330683888061,107.08138764696142,74,61
4,19.511694510739858,303.70262529832934,74,97
5,30.42373724807166,357.1560089574521,74,91
6,88.06710671067107,262.7587458745875,75,86
5,34.25947467166979,363.79455909943715,75,91
8,110.51286746007527,352.2843047502797,75,103
7,109.23057112558703,467.53976670201484,75,83
20,443.10019676101103,155.6447706977448,75,43
19,445.13630794363894,305.7619460894425,75,29
17,330.2439138140099,310.7469452476448,75,92
18,382.8224322103533,424.12580115036974,75,82
3,24.546994884910486,232.97666240409208,75,98
4,18.204843592330977,305.0459132189707,75,97
16,352.5696104471005,33.11465250110668,75,42
21,473.4315427448411,58.44497215853259,75,101
2,40.18543534323959,453.26881984526585,75,85
1,31.369017917895214,170.96144250396915,75,68
12,238.57015332913252,317.2478470909473,75,104
11,178.56318474533745,413.74734465166847,75,105
14,334.6827611131189,102.90632453921215,75,61
13,301.3272652684478,183.05215117173478,75,62
10,192.64670034479994,58.08443589126774,75,52
15,281.58767350057303,470.1711447854323,75,96
9,180.92239511522553,201.6417175497341,75,89
1,39.83452816386247,453.3938551572787,76,85
6,79.41271975180972,263.4906928645295,76,86
15,328.7793934358122,116.62534275031159,76,61
16,362.8193433608281,41.17014394306971,76,42
14,279.1005423997883,467.73739912686864,76,96
17,338.6684939698993,321.2744941692415,76,92
20,450.2107342572332,145.09159980549478,76,43
18,380.1924495171203,428.48691834942935,76,82
19,448.31430737571753,306.16164843496153,76,29
12,234.7489656413024,326.1445403849613,76,104
13,303.29059271343124,188.7799891245242,76,62
11,173.62426470588235,420.2924836601307,76,105
10,198.54250584596818,58.70566493173418,76,52
5,32.792813026389666,377.7937488302452,76,91
4,11.014084507042254,303.77042253521125,76,97
3,20.307035380235867,233.07320048800327,76,98
2,39.13461844830333,168.49800860283574,76,68
8,100.58433479428814,467.1061784249965,76,83
9,190.9129854068761,206.1209497897601,76,89
7,114.45995403111739,334.68290311173973,76,103
1,27.55137135393992,470.89791031780584,77,85
14,273.09603262884684,309.2986033864788,77,100
21,486.44143426294823,71.89262948207171,77,101
18,374.5551606805293,440.71531190926277,77,82
19,450.56358894105375,312.5957224830464,77,29
12,300.89885591112585,188.1278947659316,77,62
13,260.2958893485005,460.84320062047567,77,96
10,186.46393360441152,201.60959171169165,77,89
11,180.5865869017632,403.76684508816123,77,105
4,14.150107991360692,305.03725701943847,77,97
5,26.56359102244389,376.68079800498754,77,91
6,87.3613798495065,275.3910876575784,77,86
7,115.77634716261326,362.0613574948339,77,106
8,104.7802380293385,491.03349017437034,77,83
9,192.06272284071892,62.32023575638507,77,52
3,28.51496329757199,238.29079616036137,77,98
2,43.083621502672116,177.3497327884313,77,68
16,363.9969632011433,38.03617363344051,77,42
15,329.55458161461405,112.11601355332941,77,61
20,446.4948132076751,151.86032951386534,77,43
17,358.8203633101592,311.11168423413324,77,92
14,331.00819430090064,108.83131551749594,78,61
13,280.6642670157068,314.19119296933434,78,100
6,80.77293560164686,384.4479142391051,78,107
5,20.410381416690566,374.23286492687123,78,91
12,248.67471101196512,464.9100588116001,78,96
11,291.07880224991726,179.7118120657329,78,62
10,181.1400856938824,202.6294929778624,78,89
20,485.90168436470157,75.33321127792017,78,101
7,171.373474369406,382.86253769204995,78,105
8,94.78904109589041,271.0134794520548,78,86
9,187.12248406274622,63.30420456987322,78,52
19,442.83069993069995,155.5140679140679,78,43
3,29.179597701149426,238.1494252873563,78,98
4,22.11374738311235,302.6367759944173,78,97
2,13.89587852494577,488.7534345625452,78,85
1,41.734250079948836,176.4246881995523,78,68
18,449.2956168238912,310.0481576067129,78,29
17,360.13513513513516,294.75021209550357,78,92
16,373.5433193342666,439.83807746150256,78,82
15,366.4737267582862,35.54333962094673,78,42
17,441.0271294331616,314.8278771344852,79,29
13,333.17261781905745,105.59614723082215,79,61
12,277.6144001780548,456.67883374137546,79,108
11,270.29372120798496,329.9548711823921,79,100
2,72.11960643148548,411.6266858651308,79,109
1,32.29913360693114,231.63839489284086,79,98
9,192.75029552882276,367.4252138237953,79,110
10,289.8625201072386,174.54214477211795,79,62
4,21.698737632207436,305.5141589901058,79,97
5,16.906945074897866,369.17748524738994,79,91
18,450.45458806984647,150.97187390132427,79,43
3,40.87412837475416,170.01591274807797,79,68
15,345.3463650340435,288.55490885130683,79,92
7,181.88275668073138,202.20129395218004,79,89
8,179.23492063492063,63.80966810966811,79,52
14,369.4628316975645,31.858596873864048,79,42
19,486.8977238239757,56.57572078907435,79,101
16,375.2462964314384,445.31299715390793,79,82
6,100.63884104953905,273.98085300374834,79,86
7,92.55630669176793,377.98160191682354,80,107
13,277.64391959798996,463.1962814070352,80,108
12,259.3278260136559,332.46725111691813,80,100
11,293.0145659637077,178.64722903384012,80,62
1,30.470588235294116,172.54456327985739,80,68
15,357.2709779655901,36.221777844853605,80,42
9,179.16827274054606,63.025697182070374,80,52
14,342.8888098624941,111.61640587956377,80,61
10,178.36838133568105,383.68161237580176,80,105
3,40.03978715685089,460.3383722336437,80,111
19,461.1580547112462,305.1830821962103,80,29
18,456.6470130591831,142.89602667407613,80,43
17,387.7808425881217,427.9820738773539,80,82
16,345.47327532628964,316.516702921069,80,112
2,27.740181268882175,236.53419390277395,80,98
4,16.22526106414719,308.0745897563401,80,97
8,174.01556854410202,202.83522848034008,80,89
5,19.095744680851062,367.70212765957444,80,91
6,89.62538932445494,272.75018794973687,80,86
8,170.79984097535117,195.28804664723032,81,89
7,100.63242302746048,344.37014902791435,81,106
4,56.36200716845878,464.4206753442747,81,111
11,296.9192857142857,181.98767857142857,81,62
6,84.06023182753765,263.5075289784422,81,86
5,14.94980694980695,382.46031746031747,81,91
19,453.57397878152597,148.9090909090909,81,43
12,273.9060578105781,466.52067958179583,81,108
20,484.79553779553777,52.362970362970366,81,101
16,341.32851120112423,331.24187815160786,81,112
17,387.10701077343623,425.3493326901431,81,82
18,454.9920394020961,303.44894335948686,81,29
1,35.80923248053393,168.12309974045235,81,68
2,23.32696265804175,236.14025286680388,81,98
10,163.20319504956746,414.1509124202816,81,113
9,178.80974913624755,56.51066546492414,81,52
13,250.34348484848485,317.41371212121214,81,100
14,334.994615212026,104.30947573105976,81,61
3,16.834657398212514,311.6132075471698,81,97
15,360.84050457922933,33.367029548989116,81,42
3,30.354635463546355,229.60688568856887,82,98
9,182.04997441582807,48.386320996077096,82,52
16,339.7898578937123,324.9264161962235,82,112
7,113.8058524618889,345.3762922726476,82,106
19,454.10189546237797,303.2636990235497,82,29
18,390.16541044264767,421.7290667397561,82,82
10,173.47948831054256,189.24410013233347,82,89
11,193.9690767519466,396.14334445680385,82,105
8,136.06293285155073,492.4143330322192,82,114
15,292.30041652204096,461.90871225269007,82,108
2,48.84395240247025,166.44810965506852,82,68
1,66.02666784796669,458.33729068840256,82,111
14,323.7001080205239,96.20436132865244,82,61
20,453.7785178009203,147.3580770162267,82,43
6,91.11461149641471,260.1851416480545,82,86
4,27.428534901559704,319.44745589363333,82,97
5,28.48901098901099,391.5900621118012,82,91
12,298.99801898092693,179.57334377591448,82,62
13,263.87719671956546,283.84939823197357,82,115
17,379.0384650693106,33.290920774809514,82,42
18,447.3951268674413,148.07760256106238,83,43
19,458.4030007409237,305.63737959990124,83,29
20,493.85624410191883,66.96539792387543,83,101
10,217.2738336713996,380.69105406728687,83,116
17,366.9242093156987,316.7627372052904,83,117
7,125.2450719649562,356.1584793491865,83,106
9,175.4877537080406,196.02605386416863,83,89
8,176.24154760848344,49.797852515751174,83,52
12,267.33517587939696,469.4806532663317,83,118
3,28.286469101768894,227.64323455088444,83,98
4,30.58600967883854,316.08798944126704,83,97
5,34.17414355628059,390.018352365416,83,91
6,95.43612475966674,258.62230292672507,83,86
2,50.42840596496308,162.37237585058637,83,68
16,382.6758754620059,438.2445655578525,83,82
1,69.75957870293581,462.71554154917897,83,111
15,381.6039073148569,33.23162199000454,83,42
14,281.5466014669927,281.3394621026895,83,115
13,311.3819841210952,84.43681828300066,83,61
11,305.22399583175445,177.22764304660856,83,62
