<?xml version="1.0" encoding="UTF-8"?>
<frame version="1.2.0">
  <cameras>
    <camera camera_id="100">
      <photo path="../../../../../Data/c3/IMG_0897.jpg">
        <meta>
          <property name="File/ImageHeight" value="3629"/>
          <property name="File/ImageWidth" value="2117"/>
          <property name="System/FileModifyDate" value="2025:12:05 04:33:12"/>
          <property name="System/FileSize" value="657902"/>
        </meta>
      </photo>
    </camera>
    <camera camera_id="101">
      <photo path="../../../../../Data/c3/IMG_0898.jpg">
        <meta>
          <property name="File/ImageHeight" value="3629"/>
          <property name="File/ImageWidth" value="2117"/>
          <property name="System/FileModifyDate" value="2025:12:05 04:33:12"/>
          <property name="System/FileSize" value="655633"/>
        </meta>
      </photo>
    </camera>
    <camera camera_id="102">
      <photo path="../../../../../Data/c3/IMG_0899.jpg">
        <meta>
          <property name="File/ImageHeight" value="3629"/>
          <property name="File/ImageWidth" value="2117"/>
          <property name="System/FileModifyDate" value="2025:12:05 04:33:12"/>
          <property name="System/FileSize" value="647315"/>
        </meta>
      </photo>
    </camera>
    <camera camera_id="103">
      <photo path="../../../../../Data/c3/IMG_0900.jpg">
        <meta>
          <property name="File/ImageHeight" value="3629"/>
          <property name="File/ImageWidth" value="2117"/>
          <property name="System/FileModifyDate" value="2025:12:05 04:33:12"/>
          <property name="System/FileSize" value="650720"/>
        </meta>
      </photo>
    </camera>
    <camera camera_id="104">
      <photo path="../../../../../Data/c3/IMG_0901.jpg">
        <meta>
          <property name="File/ImageHeight" value="3629"/>
          <property name="File/ImageWidth" value="2117"/>
          <property name="System/FileModifyDate" value="2025:12:05 04:33:12"/>
          <property name="System/FileSize" value="670146"/>
        </meta>
      </photo>
    </camera>
    <camera camera_id="105">
      <photo path="../../../../../Data/c3/IMG_0902.jpg">
        <meta>
          <property name="File/ImageHeight" value="3629"/>
          <property name="File/ImageWidth" value="2117"/>
          <property name="System/FileModifyDate" value="2025:12:05 04:33:12"/>
          <property name="System/FileSize" value="651967"/>
        </meta>
      </photo>
    </camera>
    <camera camera_id="106">
      <photo path="../../../../../Data/c3/IMG_0903.jpg">
        <meta>
          <property name="File/ImageHeight" value="3629"/>
          <property name="File/ImageWidth" value="2117"/>
          <property name="System/FileModifyDate" value="2025:12:05 04:33:12"/>
          <property name="System/FileSize" value="639375"/>
        </meta>
      </photo>
    </camera>
    <camera camera_id="107">
      <photo path="../../../../../Data/c3/IMG_0904.jpg">
        <meta>
          <property name="File/ImageHeight" value="3629"/>
          <property name="File/ImageWidth" value="2117"/>
          <property name="System/FileModifyDate" value="2025:12:05 04:33:11"/>
          <property name="System/FileSize" value="641154"/>
        </meta>
      </photo>
    </camera>
    <camera camera_id="108">
      <photo path="../../../../../Data/c3/IMG_0905.jpg">
        <meta>
          <property name="File/ImageHeight" value="3629"/>
          <property name="File/ImageWidth" value="2117"/>
          <property name="System/FileModifyDate" value="2025:12:05 04:33:11"/>
          <property name="System/FileSize" value="626410"/>
        </meta>
      </photo>
    </camera>
    <camera camera_id="109">
      <photo path="../../../../../Data/c3/IMG_0906.jpg">
        <meta>
          <property name="File/ImageHeight" value="3629"/>
          <property name="File/ImageWidth" value="2117"/>
          <property name="System/FileModifyDate" value="2025:12:05 04:33:11"/>
          <property name="System/FileSize" value="621383"/>
        </meta>
      </photo>
    </camera>
    <camera camera_id="110">
      <photo path="../../../../../Data/c3/IMG_0907.jpg">
        <meta>
          <property name="File/ImageHeight" value="3629"/>
          <property name="File/ImageWidth" value="2117"/>
          <property name="System/FileModifyDate" value="2025:12:05 04:33:11"/>
          <property name="System/FileSize" value="605275"/>
        </meta>
      </photo>
    </camera>
    <camera camera_id="111">
      <photo path="../../../../../Data/c3/IMG_0908.jpg">
        <meta>
          <property name="File/ImageHeight" value="3629"/>
          <property name="File/ImageWidth" value="2117"/>
          <property name="System/FileModifyDate" value="2025:12:05 04:33:11"/>
          <property name="System/FileSize" value="583714"/>
        </meta>
      </photo>
    </camera>
    <camera camera_id="112">
      <photo path="../../../../../Data/c3/IMG_0909.jpg">
        <meta>
          <property name="File/ImageHeight" value="3629"/>
          <property name="File/ImageWidth" value="2117"/>
          <property name="System/FileModifyDate" value="2025:12:05 04:33:11"/>
          <property name="System/FileSize" value="597120"/>
        </meta>
      </photo>
    </camera>
    <camera camera_id="113">
      <photo path="../../../../../Data/c3/IMG_0910.jpg">
        <meta>
          <property name="File/ImageHeight" value="3629"/>
          <property name="File/ImageWidth" value="2117"/>
          <property name="System/FileModifyDate" value="2025:12:05 04:33:11"/>
          <property name="System/FileSize" value="585798"/>
        </meta>
      </photo>
    </camera>
    <camera camera_id="114">
      <photo path="../../../../../Data/c3/IMG_0911.jpg">
        <meta>
          <property name="File/ImageHeight" value="3629"/>
          <property name="File/ImageWidth" value="2117"/>
          <property name="System/FileModifyDate" value="2025:12:05 04:33:11"/>
          <property name="System/FileSize" value="590203"/>
        </meta>
      </photo>
    </camera>
    <camera camera_id="115">
      <photo path="../../../../../Data/c3/IMG_0912.jpg">
        <meta>
          <property name="File/ImageHeight" value="3629"/>
          <property name="File/ImageWidth" value="2117"/>
          <property name="System/FileModifyDate" value="2025:12:05 04:33:11"/>
          <property name="System/FileSize" value="584444"/>
        </meta>
      </photo>
    </camera>
    <camera camera_id="116">
      <photo path="../../../../../Data/c3/IMG_0913.jpg">
        <meta>
          <property name="File/ImageHeight" value="3629"/>
          <property name="File/ImageWidth" value="2117"/>
          <property name="System/FileModifyDate" value="2025:12:05 04:33:11"/>
          <property name="System/FileSize" value="582687"/>
        </meta>
      </photo>
    </camera>
    <camera camera_id="117">
      <photo path="../../../../../Data/c3/IMG_0914.jpg">
        <meta>
          <property name="File/ImageHeight" value="3629"/>
          <property name="File/ImageWidth" value="2117"/>
          <property name="System/FileModifyDate" value="2025:12:05 04:33:11"/>
          <property name="System/FileSize" value="578331"/>
        </meta>
      </photo>
    </camera>
    <camera camera_id="118">
      <photo path="../../../../../Data/c3/IMG_0915.jpg">
        <meta>
          <property name="File/ImageHeight" value="3629"/>
          <property name="File/ImageWidth" value="2117"/>
          <property name="System/FileModifyDate" value="2025:12:05 04:33:11"/>
          <property name="System/FileSize" value="585388"/>
        </meta>
      </photo>
    </camera>
    <camera camera_id="119">
      <photo path="../../../../../Data/c3/IMG_0916.jpg">
        <meta>
          <property name="File/ImageHeight" value="3629"/>
          <property name="File/ImageWidth" value="2117"/>
          <property name="System/FileModifyDate" value="2025:12:05 04:33:11"/>
          <property name="System/FileSize" value="581317"/>
        </meta>
      </photo>
    </camera>
    <camera camera_id="120">
      <photo path="../../../../../Data/c3/IMG_0917.jpg">
        <meta>
          <property name="File/ImageHeight" value="3629"/>
          <property name="File/ImageWidth" value="2117"/>
          <property name="System/FileModifyDate" value="2025:12:05 04:33:11"/>
          <property name="System/FileSize" value="560641"/>
        </meta>
      </photo>
    </camera>
    <camera camera_id="121">
      <photo path="../../../../../Data/c3/IMG_0918.jpg">
        <meta>
          <property name="File/ImageHeight" value="3629"/>
          <property name="File/ImageWidth" value="2117"/>
          <property name="System/FileModifyDate" value="2025:12:05 04:33:11"/>
          <property name="System/FileSize" value="579597"/>
        </meta>
      </photo>
    </camera>
    <camera camera_id="122">
      <photo path="../../../../../Data/c3/IMG_0919.jpg">
        <meta>
          <property name="File/ImageHeight" value="3629"/>
          <property name="File/ImageWidth" value="2117"/>
          <property name="System/FileModifyDate" value="2025:12:05 04:33:11"/>
          <property name="System/FileSize" value="591222"/>
        </meta>
      </photo>
    </camera>
    <camera camera_id="123">
      <photo path="../../../../../Data/c3/IMG_0920.jpg">
        <meta>
          <property name="File/ImageHeight" value="3629"/>
          <property name="File/ImageWidth" value="2117"/>
          <property name="System/FileModifyDate" value="2025:12:05 04:33:11"/>
          <property name="System/FileSize" value="575650"/>
        </meta>
      </photo>
    </camera>
    <camera camera_id="124">
      <photo path="../../../../../Data/c3/IMG_0921.jpg">
        <meta>
          <property name="File/ImageHeight" value="3629"/>
          <property name="File/ImageWidth" value="2117"/>
          <property name="System/FileModifyDate" value="2025:12:05 04:33:11"/>
          <property name="System/FileSize" value="594775"/>
        </meta>
      </photo>
    </camera>
    <camera camera_id="125">
      <photo path="../../../../../Data/c3/IMG_0922.jpg">
        <meta>
          <property name="File/ImageHeight" value="3629"/>
          <property name="File/ImageWidth" value="2117"/>
          <property name="System/FileModifyDate" value="2025:12:05 04:33:11"/>
          <property name="System/FileSize" value="571418"/>
        </meta>
      </photo>
    </camera>
    <camera camera_id="126">
      <photo path="../../../../../Data/c3/IMG_0923.jpg">
        <meta>
          <property name="File/ImageHeight" value="3629"/>
          <property name="File/ImageWidth" value="2117"/>
          <property name="System/FileModifyDate" value="2025:12:05 04:33:12"/>
          <property name="System/FileSize" value="585242"/>
        </meta>
      </photo>
    </camera>
    <camera camera_id="127">
      <photo path="../../../../../Data/c3/IMG_0924.jpg">
        <meta>
          <property name="File/ImageHeight" value="3629"/>
          <property name="File/ImageWidth" value="2117"/>
          <property name="System/FileModifyDate" value="2025:12:05 04:33:12"/>
          <property name="System/FileSize" value="592418"/>
        </meta>
      </photo>
    </camera>
    <camera camera_id="128">
      <photo path="../../../../../Data/c3/IMG_0925.jpg">
        <meta>
          <property name="File/ImageHeight" value="3629"/>
          <property name="File/ImageWidth" value="2117"/>
          <property name="System/FileModifyDate" value="2025:12:05 04:33:12"/>
          <property name="System/FileSize" value="585745"/>
        </meta>
      </photo>
    </camera>
    <camera camera_id="129">
      <photo path="../../../../../Data/c3/IMG_0926.jpg">
        <meta>
          <property name="File/ImageHeight" value="3629"/>
          <property name="File/ImageWidth" value="2117"/>
          <property name="System/FileModifyDate" value="2025:12:05 04:33:12"/>
          <property name="System/FileSize" value="601150"/>
        </meta>
      </photo>
    </camera>
    <camera camera_id="130">
      <photo path="../../../../../Data/c3/IMG_0927.jpg">
        <meta>
          <property name="File/ImageHeight" value="3629"/>
          <property name="File/ImageWidth" value="2117"/>
          <property name="System/FileModifyDate" value="2025:12:05 04:33:12"/>
          <property name="System/FileSize" value="608027"/>
        </meta>
      </photo>
    </camera>
    <camera camera_id="131">
      <photo path="../../../../../Data/c3/IMG_0928.jpg">
        <meta>
          <property name="File/ImageHeight" value="3629"/>
          <property name="File/ImageWidth" value="2117"/>
          <property name="System/FileModifyDate" value="2025:12:05 04:33:12"/>
          <property name="System/FileSize" value="620436"/>
        </meta>
      </photo>
    </camera>
    <camera camera_id="132">
      <photo path="../../../../../Data/c3/IMG_0929.jpg">
        <meta>
          <property name="File/ImageHeight" value="3629"/>
          <property name="File/ImageWidth" value="2117"/>
          <property name="System/FileModifyDate" value="2025:12:05 04:33:12"/>
          <property name="System/FileSize" value="604347"/>
        </meta>
      </photo>
    </camera>
    <camera camera_id="133">
      <photo path="../../../../../Data/c3/IMG_0930.jpg">
        <meta>
          <property name="File/ImageHeight" value="3629"/>
          <property name="File/ImageWidth" value="2117"/>
          <property name="System/FileModifyDate" value="2025:12:05 04:33:12"/>
          <property name="System/FileSize" value="618613"/>
        </meta>
      </photo>
    </camera>
    <camera camera_id="134">
      <photo path="../../../../../Data/c3/IMG_0931.jpg">
        <meta>
          <property name="File/ImageHeight" value="3629"/>
          <property name="File/ImageWidth" value="2117"/>
          <property name="System/FileModifyDate" value="2025:12:05 04:33:12"/>
          <property name="System/FileSize" value="630897"/>
        </meta>
      </photo>
    </camera>
    <camera camera_id="135">
      <photo path="../../../../../Data/c3/IMG_0932.jpg">
        <meta>
          <property name="File/ImageHeight" value="3629"/>
          <property name="File/ImageWidth" value="2117"/>
          <property name="System/FileModifyDate" value="2025:12:05 04:33:12"/>
          <property name="System/FileSize" value="632399"/>
        </meta>
      </photo>
    </camera>
    <camera camera_id="136">
      <photo path="../../../../../Data/c3/IMG_0933.jpg">
        <meta>
          <property name="File/ImageHeight" value="3629"/>
          <property name="File/ImageWidth" value="2117"/>
          <property name="System/FileModifyDate" value="2025:12:05 04:33:12"/>
          <property name="System/FileSize" value="635758"/>
        </meta>
      </photo>
    </camera>
    <camera camera_id="137">
      <photo path="../../../../../Data/c3/IMG_0934.jpg">
        <meta>
          <property name="File/ImageHeight" value="3629"/>
          <property name="File/ImageWidth" value="2117"/>
          <property name="System/FileModifyDate" value="2025:12:05 04:33:12"/>
          <property name="System/FileSize" value="646668"/>
        </meta>
      </photo>
    </camera>
    <camera camera_id="138">
      <photo path="../../../../../Data/c3/IMG_0935.jpg">
        <meta>
          <property name="File/ImageHeight" value="3629"/>
          <property name="File/ImageWidth" value="2117"/>
          <property name="System/FileModifyDate" value="2025:12:05 04:33:12"/>
          <property name="System/FileSize" value="638220"/>
        </meta>
      </photo>
    </camera>
    <camera camera_id="139">
      <photo path="../../../../../Data/c3/IMG_0936.jpg">
        <meta>
          <property name="File/ImageHeight" value="3629"/>
          <property name="File/ImageWidth" value="2117"/>
          <property name="System/FileModifyDate" value="2025:12:05 04:33:12"/>
          <property name="System/FileSize" value="641827"/>
        </meta>
      </photo>
    </camera>
    <camera camera_id="140">
      <photo path="../../../../../Data/c3/IMG_0937.jpg">
        <meta>
          <property name="File/ImageHeight" value="3629"/>
          <property name="File/ImageWidth" value="2117"/>
          <property name="System/FileModifyDate" value="2025:12:05 04:33:12"/>
          <property name="System/FileSize" value="651971"/>
        </meta>
      </photo>
    </camera>
    <camera camera_id="141">
      <photo path="../../../../../Data/c3/IMG_0938.jpg">
        <meta>
          <property name="File/ImageHeight" value="3629"/>
          <property name="File/ImageWidth" value="2117"/>
          <property name="System/FileModifyDate" value="2025:12:05 04:33:12"/>
          <property name="System/FileSize" value="677423"/>
        </meta>
      </photo>
    </camera>
    <camera camera_id="142">
      <photo path="../../../../../Data/c3/IMG_0939.jpg">
        <meta>
          <property name="File/ImageHeight" value="3629"/>
          <property name="File/ImageWidth" value="2117"/>
          <property name="System/FileModifyDate" value="2025:12:05 04:33:12"/>
          <property name="System/FileSize" value="665484"/>
        </meta>
      </photo>
    </camera>
    <camera camera_id="50">
      <photo path="../../../../../Data/c2/IMG_0954.jpg">
        <meta>
          <property name="File/ImageHeight" value="3629"/>
          <property name="File/ImageWidth" value="2117"/>
          <property name="System/FileModifyDate" value="2025:12:05 04:23:49"/>
          <property name="System/FileSize" value="603706"/>
        </meta>
      </photo>
    </camera>
    <camera camera_id="51">
      <photo path="../../../../../Data/c2/IMG_0955.jpg">
        <meta>
          <property name="File/ImageHeight" value="3629"/>
          <property name="File/ImageWidth" value="2117"/>
          <property name="System/FileModifyDate" value="2025:12:05 04:23:49"/>
          <property name="System/FileSize" value="615304"/>
        </meta>
      </photo>
    </camera>
    <camera camera_id="52">
      <photo path="../../../../../Data/c2/IMG_0956.jpg">
        <meta>
          <property name="File/ImageHeight" value="3629"/>
          <property name="File/ImageWidth" value="2117"/>
          <property name="System/FileModifyDate" value="2025:12:05 04:23:49"/>
          <property name="System/FileSize" value="620411"/>
        </meta>
      </photo>
    </camera>
    <camera camera_id="53">
      <photo path="../../../../../Data/c2/IMG_0957.jpg">
        <meta>
          <property name="File/ImageHeight" value="3629"/>
          <property name="File/ImageWidth" value="2117"/>
          <property name="System/FileModifyDate" value="2025:12:05 04:23:49"/>
          <property name="System/FileSize" value="624945"/>
        </meta>
      </photo>
    </camera>
    <camera camera_id="54">
      <photo path="../../../../../Data/c2/IMG_0958.jpg">
        <meta>
          <property name="File/ImageHeight" value="3629"/>
          <property name="File/ImageWidth" value="2117"/>
          <property name="System/FileModifyDate" value="2025:12:05 04:23:49"/>
          <property name="System/FileSize" value="629637"/>
        </meta>
      </photo>
    </camera>
    <camera camera_id="55">
      <photo path="../../../../../Data/c2/IMG_0959.jpg">
        <meta>
          <property name="File/ImageHeight" value="3629"/>
          <property name="File/ImageWidth" value="2117"/>
          <property name="System/FileModifyDate" value="2025:12:05 04:23:49"/>
          <property name="System/FileSize" value="639451"/>
        </meta>
      </photo>
    </camera>
    <camera camera_id="56">
      <photo path="../../../../../Data/c2/IMG_0960.jpg">
        <meta>
          <property name="File/ImageHeight" value="3629"/>
          <property name="File/ImageWidth" value="2117"/>
          <property name="System/FileModifyDate" value="2025:12:05 04:23:49"/>
          <property name="System/FileSize" value="638088"/>
        </meta>
      </photo>
    </camera>
    <camera camera_id="57">
      <photo path="../../../../../Data/c2/IMG_0961.jpg">
        <meta>
          <property name="File/ImageHeight" value="3629"/>
          <property name="File/ImageWidth" value="2117"/>
          <property name="System/FileModifyDate" value="2025:12:05 04:23:49"/>
          <property name="System/FileSize" value="639368"/>
        </meta>
      </photo>
    </camera>
    <camera camera_id="58">
      <photo path="../../../../../Data/c2/IMG_0962.jpg">
        <meta>
          <property name="File/ImageHeight" value="3629"/>
          <property name="File/ImageWidth" value="2117"/>
          <property name="System/FileModifyDate" value="2025:12:05 04:23:49"/>
          <property name="System/FileSize" value="623536"/>
        </meta>
      </photo>
    </camera>
    <camera camera_id="59">
      <photo path="../../../../../Data/c2/IMG_0963.jpg">
        <meta>
          <property name="File/ImageHeight" value="3629"/>
          <property name="File/ImageWidth" value="2117"/>
          <property name="System/FileModifyDate" value="2025:12:05 04:23:49"/>
          <property name="System/FileSize" value="627388"/>
        </meta>
      </photo>
    </camera>
    <camera camera_id="60">
      <photo path="../../../../../Data/c2/IMG_0964.jpg">
        <meta>
          <property name="File/ImageHeight" value="3629"/>
          <property name="File/ImageWidth" value="2117"/>
          <property name="System/FileModifyDate" value="2025:12:05 04:23:49"/>
          <property name="System/FileSize" value="595459"/>
        </meta>
      </photo>
    </camera>
    <camera camera_id="61">
      <photo path="../../../../../Data/c2/IMG_0965.jpg">
        <meta>
          <property name="File/ImageHeight" value="3629"/>
          <property name="File/ImageWidth" value="2117"/>
          <property name="System/FileModifyDate" value="2025:12:05 04:23:49"/>
          <property name="System/FileSize" value="564780"/>
        </meta>
      </photo>
    </camera>
    <camera camera_id="62">
      <photo path="../../../../../Data/c2/IMG_0966.jpg">
        <meta>
          <property name="File/ImageHeight" value="3629"/>
          <property name="File/ImageWidth" value="2117"/>
          <property name="System/FileModifyDate" value="2025:12:05 04:23:49"/>
          <property name="System/FileSize" value="579164"/>
        </meta>
      </photo>
    </camera>
    <camera camera_id="63">
      <photo path="../../../../../Data/c2/IMG_0967.jpg">
        <meta>
          <property name="File/ImageHeight" value="3629"/>
          <property name="File/ImageWidth" value="2117"/>
          <property name="System/FileModifyDate" value="2025:12:05 04:23:49"/>
          <property name="System/FileSize" value="568738"/>
        </meta>
      </photo>
    </camera>
    <camera camera_id="64">
      <photo path="../../../../../Data/c2/IMG_0968.jpg">
        <meta>
          <property name="File/ImageHeight" value="3629"/>
          <property name="File/ImageWidth" value="2117"/>
          <property name="System/FileModifyDate" value="2025:12:05 04:23:49"/>
          <property name="System/FileSize" value="545305"/>
        </meta>
      </photo>
    </camera>
    <camera camera_id="65">
      <photo path="../../../../../Data/c2/IMG_0969.jpg">
        <meta>
          <property name="File/ImageHeight" value="3629"/>
          <property name="File/ImageWidth" value="2117"/>
          <property name="System/FileModifyDate" value="2025:12:05 04:23:49"/>
          <property name="System/FileSize" value="541785"/>
        </meta>
      </photo>
    </camera>
    <camera camera_id="66">
      <photo path="../../../../../Data/c2/IMG_0970.jpg">
        <meta>
          <property name="File/ImageHeight" value="3629"/>
          <property name="File/ImageWidth" value="2117"/>
          <property name="System/FileModifyDate" value="2025:12:05 04:23:49"/>
          <property name="System/FileSize" value="545832"/>
        </meta>
      </photo>
    </camera>
    <camera camera_id="67">
      <photo path="../../../../../Data/c2/IMG_0971.jpg">
        <meta>
          <property name="File/ImageHeight" value="3629"/>
          <property name="File/ImageWidth" value="2117"/>
          <property name="System/FileModifyDate" value="2025:12:05 04:23:49"/>
          <property name="System/FileSize" value="553469"/>
        </meta>
      </photo>
    </camera>
    <camera camera_id="68">
      <photo path="../../../../../Data/c2/IMG_0972.jpg">
        <meta>
          <property name="File/ImageHeight" value="3629"/>
          <property name="File/ImageWidth" value="2117"/>
          <property name="System/FileModifyDate" value="2025:12:05 04:23:49"/>
          <property name="System/FileSize" value="536203"/>
        </meta>
      </photo>
    </camera>
    <camera camera_id="69">
      <photo path="../../../../../Data/c2/IMG_0973.jpg">
        <meta>
          <property name="File/ImageHeight" value="3629"/>
          <property name="File/ImageWidth" value="2117"/>
          <property name="System/FileModifyDate" value="2025:12:05 04:23:49"/>
          <property name="System/FileSize" value="568476"/>
        </meta>
      </photo>
    </camera>
    <camera camera_id="70">
      <photo path="../../../../../Data/c2/IMG_0974.jpg">
        <meta>
          <property name="File/ImageHeight" value="3629"/>
          <property name="File/ImageWidth" value="2117"/>
          <property name="System/FileModifyDate" value="2025:12:05 04:23:49"/>
          <property name="System/FileSize" value="547280"/>
        </meta>
      </photo>
    </camera>
    <camera camera_id="71">
      <photo path="../../../../../Data/c2/IMG_0975.jpg">
        <meta>
          <property name="File/ImageHeight" value="3629"/>
          <property name="File/ImageWidth" value="2117"/>
          <property name="System/FileModifyDate" value="2025:12:05 04:23:49"/>
          <property name="System/FileSize" value="541045"/>
        </meta>
      </photo>
    </camera>
    <camera camera_id="72">
      <photo path="../../../../../Data/c2/IMG_0976.jpg">
        <meta>
          <property name="File/ImageHeight" value="3629"/>
          <property name="File/ImageWidth" value="2117"/>
          <property name="System/FileModifyDate" value="2025:12:05 04:23:49"/>
          <property name="System/FileSize" value="692666"/>
        </meta>
      </photo>
    </camera>
    <camera camera_id="73">
      <photo path="../../../../../Data/c2/IMG_0977.jpg">
        <meta>
          <property name="File/ImageHeight" value="3629"/>
          <property name="File/ImageWidth" value="2117"/>
          <property name="System/FileModifyDate" value="2025:12:05 04:23:49"/>
          <property name="System/FileSize" value="674909"/>
        </meta>
      </photo>
    </camera>
    <camera camera_id="74">
      <photo path="../../../../../Data/c2/IMG_0978.jpg">
        <meta>
          <property name="File/ImageHeight" value="3629"/>
          <property name="File/ImageWidth" value="2117"/>
          <property name="System/FileModifyDate" value="2025:12:05 04:23:49"/>
          <property name="System/FileSize" value="669232"/>
        </meta>
      </photo>
    </camera>
    <camera camera_id="75">
      <photo path="../../../../../Data/c2/IMG_0979.jpg">
        <meta>
          <property name="File/ImageHeight" value="3629"/>
          <property name="File/ImageWidth" value="2117"/>
          <property name="System/FileModifyDate" value="2025:12:05 04:23:49"/>
          <property name="System/FileSize" value="674375"/>
        </meta>
      </photo>
    </camera>
    <camera camera_id="76">
      <photo path="../../../../../Data/c2/IMG_0980.jpg">
        <meta>
          <property name="File/ImageHeight" value="3629"/>
          <property name="File/ImageWidth" value="2117"/>
          <property name="System/FileModifyDate" value="2025:12:05 04:23:49"/>
          <property name="System/FileSize" value="651192"/>
        </meta>
      </photo>
    </camera>
    <camera camera_id="77">
      <photo path="../../../../../Data/c2/IMG_0981.jpg">
        <meta>
          <property name="File/ImageHeight" value="3629"/>
          <property name="File/ImageWidth" value="2117"/>
          <property name="System/FileModifyDate" value="2025:12:05 04:23:49"/>
          <property name="System/FileSize" value="673535"/>
        </meta>
      </photo>
    </camera>
    <camera camera_id="78">
      <photo path="../../../../../Data/c2/IMG_0982.jpg">
        <meta>
          <property name="File/ImageHeight" value="3629"/>
          <property name="File/ImageWidth" value="2117"/>
          <property name="System/FileModifyDate" value="2025:12:05 04:23:49"/>
          <property name="System/FileSize" value="512960"/>
        </meta>
      </photo>
    </camera>
    <camera camera_id="79">
      <photo path="../../../../../Data/c2/IMG_0983.jpg">
        <meta>
          <property name="File/ImageHeight" value="3629"/>
          <property name="File/ImageWidth" value="2117"/>
          <property name="System/FileModifyDate" value="2025:12:05 04:23:49"/>
          <property name="System/FileSize" value="506818"/>
        </meta>
      </photo>
    </camera>
    <camera camera_id="80">
      <photo path="../../../../../Data/c2/IMG_0984.jpg">
        <meta>
          <property name="File/ImageHeight" value="3629"/>
          <property name="File/ImageWidth" value="2117"/>
          <property name="System/FileModifyDate" value="2025:12:05 04:23:49"/>
          <property name="System/FileSize" value="517329"/>
        </meta>
      </photo>
    </camera>
    <camera camera_id="81">
      <photo path="../../../../../Data/c2/IMG_0985.jpg">
        <meta>
          <property name="File/ImageHeight" value="3629"/>
          <property name="File/ImageWidth" value="2117"/>
          <property name="System/FileModifyDate" value="2025:12:05 04:23:49"/>
          <property name="System/FileSize" value="515464"/>
        </meta>
      </photo>
    </camera>
    <camera camera_id="82">
      <photo path="../../../../../Data/c2/IMG_0986.jpg">
        <meta>
          <property name="File/ImageHeight" value="3629"/>
          <property name="File/ImageWidth" value="2117"/>
          <property name="System/FileModifyDate" value="2025:12:05 04:23:49"/>
          <property name="System/FileSize" value="502691"/>
        </meta>
      </photo>
    </camera>
    <camera camera_id="83">
      <photo path="../../../../../Data/c2/IMG_0987.jpg">
        <meta>
          <property name="File/ImageHeight" value="3629"/>
          <property name="File/ImageWidth" value="2117"/>
          <property name="System/FileModifyDate" value="2025:12:05 04:23:49"/>
          <property name="System/FileSize" value="511283"/>
        </meta>
      </photo>
    </camera>
    <camera camera_id="84">
      <photo path="../../../../../Data/c2/IMG_0988.jpg">
        <meta>
          <property name="File/ImageHeight" value="3629"/>
          <property name="File/ImageWidth" value="2117"/>
          <property name="System/FileModifyDate" value="2025:12:05 04:23:49"/>
          <property name="System/FileSize" value="512875"/>
        </meta>
      </photo>
    </camera>
    <camera camera_id="85">
      <photo path="../../../../../Data/c2/IMG_0989.jpg">
        <meta>
          <property name="File/ImageHeight" value="3629"/>
          <property name="File/ImageWidth" value="2117"/>
          <property name="System/FileModifyDate" value="2025:12:05 04:23:49"/>
          <property name="System/FileSize" value="518728"/>
        </meta>
      </photo>
    </camera>
    <camera camera_id="86">
      <photo path="../../../../../Data/c2/IMG_0990.jpg">
        <meta>
          <property name="File/ImageHeight" value="3629"/>
          <property name="File/ImageWidth" value="2117"/>
          <property name="System/FileModifyDate" value="2025:12:05 04:23:49"/>
          <property name="System/FileSize" value="508718"/>
        </meta>
      </photo>
    </camera>
    <camera camera_id="87">
      <photo path="../../../../../Data/c2/IMG_0991.jpg">
        <meta>
          <property name="File/ImageHeight" value="3629"/>
          <property name="File/ImageWidth" value="2117"/>
          <property name="System/FileModifyDate" value="2025:12:05 04:23:49"/>
          <property name="System/FileSize" value="506825"/>
        </meta>
      </photo>
    </camera>
    <camera camera_id="88">
      <photo path="../../../../../Data/c2/IMG_0992.jpg">
        <meta>
          <property name="File/ImageHeight" value="3629"/>
          <property name="File/ImageWidth" value="2117"/>
          <property name="System/FileModifyDate" value="2025:12:05 04:23:49"/>
          <property name="System/FileSize" value="524591"/>
        </meta>
      </photo>
    </camera>
    <camera camera_id="89">
      <photo path="../../../../../Data/c2/IMG_0993.jpg">
        <meta>
          <property name="File/ImageHeight" value="3629"/>
          <property name="File/ImageWidth" value="2117"/>
          <property name="System/FileModifyDate" value="2025:12:05 04:23:49"/>
          <property name="System/FileSize" value="510394"/>
        </meta>
      </photo>
    </camera>
    <camera camera_id="90">
      <photo path="../../../../../Data/c2/IMG_0994.jpg">
        <meta>
          <property name="File/ImageHeight" value="3629"/>
          <property name="File/ImageWidth" value="2117"/>
          <property name="System/FileModifyDate" value="2025:12:05 04:23:49"/>
          <property name="System/FileSize" value="514479"/>
        </meta>
      </photo>
    </camera>
    <camera camera_id="91">
      <photo path="../../../../../Data/c2/IMG_0995.jpg">
        <meta>
          <property name="File/ImageHeight" value="3629"/>
          <property name="File/ImageWidth" value="2117"/>
          <property name="System/FileModifyDate" value="2025:12:05 04:23:49"/>
          <property name="System/FileSize" value="646808"/>
        </meta>
      </photo>
    </camera>
    <camera camera_id="92">
      <photo path="../../../../../Data/c2/IMG_0996.jpg">
        <meta>
          <property name="File/ImageHeight" value="3629"/>
          <property name="File/ImageWidth" value="2117"/>
          <property name="System/FileModifyDate" value="2025:12:05 04:23:49"/>
          <property name="System/FileSize" value="648237"/>
        </meta>
      </photo>
    </camera>
    <camera camera_id="93">
      <photo path="../../../../../Data/c2/IMG_0997.jpg">
        <meta>
          <property name="File/ImageHeight" value="3629"/>
          <property name="File/ImageWidth" value="2117"/>
          <property name="System/FileModifyDate" value="2025:12:05 04:23:49"/>
          <property name="System/FileSize" value="659262"/>
        </meta>
      </photo>
    </camera>
    <camera camera_id="94">
      <photo path="../../../../../Data/c2/IMG_0999.jpg">
        <meta>
          <property name="File/ImageHeight" value="3629"/>
          <property name="File/ImageWidth" value="2117"/>
          <property name="System/FileModifyDate" value="2025:12:05 04:23:49"/>
          <property name="System/FileSize" value="671342"/>
        </meta>
      </photo>
    </camera>
    <camera camera_id="95">
      <photo path="../../../../../Data/c2/IMG_1001.jpg">
        <meta>
          <property name="File/ImageHeight" value="3629"/>
          <property name="File/ImageWidth" value="2117"/>
          <property name="System/FileModifyDate" value="2025:12:05 04:23:49"/>
          <property name="System/FileSize" value="667694"/>
        </meta>
      </photo>
    </camera>
    <camera camera_id="96">
      <photo path="../../../../../Data/c2/IMG_1002.jpg">
        <meta>
          <property name="File/ImageHeight" value="3629"/>
          <property name="File/ImageWidth" value="2117"/>
          <property name="System/FileModifyDate" value="2025:12:05 04:23:49"/>
          <property name="System/FileSize" value="670398"/>
        </meta>
      </photo>
    </camera>
    <camera camera_id="97">
      <photo path="../../../../../Data/c2/IMG_1003.jpg">
        <meta>
          <property name="File/ImageHeight" value="3629"/>
          <property name="File/ImageWidth" value="2117"/>
          <property name="System/FileModifyDate" value="2025:12:05 04:23:49"/>
          <property name="System/FileSize" value="675190"/>
        </meta>
      </photo>
    </camera>
    <camera camera_id="98">
      <photo path="../../../../../Data/c2/IMG_1004.jpg">
        <meta>
          <property name="File/ImageHeight" value="3629"/>
          <property name="File/ImageWidth" value="2117"/>
          <property name="System/FileModifyDate" value="2025:12:05 04:23:49"/>
          <property name="System/FileSize" value="671344"/>
        </meta>
      </photo>
    </camera>
    <camera camera_id="99">
      <photo path="../../../../../Data/c2/IMG_1006.jpg">
        <meta>
          <property name="File/ImageHeight" value="3629"/>
          <property name="File/ImageWidth" value="2117"/>
          <property name="System/FileModifyDate" value="2025:12:05 04:23:49"/>
          <property name="System/FileSize" value="678022"/>
        </meta>
      </photo>
    </camera>
  </cameras>
  <markers>
    <marker marker_id="1">
      <location camera_id="50" pinned="false" x="1207.99927" y="2819.70508"/>
      <location camera_id="51" pinned="false" x="1163.96558" y="2848.30518"/>
      <location camera_id="52" pinned="false" x="1125.74561" y="2867.04224"/>
      <location camera_id="53" pinned="false" x="1076.63635" y="2884.67627"/>
      <location camera_id="54" pinned="false" x="1015.16614" y="2899.27344"/>
      <location camera_id="55" pinned="false" x="1016.02893" y="2898.6001"/>
      <location camera_id="56" pinned="false" x="960.502869" y="2904.73633"/>
      <location camera_id="57" pinned="false" x="911.547058" y="2904.92163"/>
      <location camera_id="58" pinned="false" x="861.973511" y="2901.89111"/>
      <location camera_id="59" pinned="false" x="815.826111" y="2894.88477"/>
      <location camera_id="60" pinned="false" x="773.962769" y="2884.72485"/>
      <location camera_id="61" pinned="false" x="730.987976" y="2867.82227"/>
      <location camera_id="62" pinned="false" x="693.227661" y="2853.50317"/>
      <location camera_id="63" pinned="false" x="665.605896" y="2838.82544"/>
      <location camera_id="64" pinned="false" x="632.070068" y="2815.5144"/>
      <location camera_id="65" pinned="false" x="595.284546" y="2783.47729"/>
      <location camera_id="66" pinned="false" x="579.178772" y="2764.90283"/>
      <location camera_id="67" pinned="false" x="561.723328" y="2739.625"/>
      <location camera_id="68" pinned="false" x="543.7724" y="2703.87842"/>
      <location camera_id="69" pinned="false" x="535.191101" y="2673.93774"/>
      <location camera_id="70" pinned="false" x="532.525696" y="2643.7251"/>
      <location camera_id="71" pinned="false" x="533.159302" y="2617.19409"/>
      <location camera_id="72" pinned="false" x="538.182617" y="2593.45215"/>
      <location camera_id="73" pinned="false" x="543.741516" y="2577.677"/>
      <location camera_id="74" pinned="false" x="547.944153" y="2566.42578"/>
      <location camera_id="75" pinned="false" x="551.110352" y="2560.06104"/>
      <location camera_id="76" pinned="false" x="556.773315" y="2550.46558"/>
      <location camera_id="77" pinned="false" x="565.311462" y="2536.52515"/>
      <location camera_id="78" pinned="false" x="580.272888" y="2516.84912"/>
      <location camera_id="81" pinned="false" x="659.346252" y="2451.5271"/>
      <location camera_id="82" pinned="false" x="685.930786" y="2436.69116"/>
      <location camera_id="83" pinned="false" x="700.65863" y="2430.59424"/>
      <location camera_id="84" pinned="false" x="725.743652" y="2420.71997"/>
      <location camera_id="85" pinned="false" x="752.338867" y="2411.86914"/>
      <location camera_id="86" pinned="false" x="773.453674" y="2405.9834"/>
      <location camera_id="87" pinned="false" x="827.907898" y="2396.15112"/>
      <location camera_id="88" pinned="false" x="874.148865" y="2391.28833"/>
      <location camera_id="89" pinned="false" x="899.596313" y="2391.29004"/>
      <location camera_id="90" pinned="false" x="941.43219" y="2392.71899"/>
      <location camera_id="91" pinned="false" x="990.418518" y="2398.70776"/>
      <location camera_id="92" pinned="false" x="1050.24109" y="2410.5127"/>
      <location camera_id="93" pinned="false" x="1103.05273" y="2431.43311"/>
      <location camera_id="94" pinned="false" x="1151.95947" y="2458.46338"/>
      <location camera_id="95" pinned="false" x="1179.3219" y="2477.81274"/>
      <location camera_id="96" pinned="false" x="1198.79968" y="2490.57178"/>
      <location camera_id="97" pinned="false" x="1221.46631" y="2510.47144"/>
      <location camera_id="98" pinned="false" x="1237.71936" y="2520.20288"/>
      <location camera_id="99" pinned="false" x="1260.42981" y="2550.91895"/>
      <location camera_id="100" pinned="true" x="1087.74792" y="2950.21484"/>
      <location camera_id="101" pinned="true" x="1016.58484" y="2995.86719"/>
      <location camera_id="102" pinned="false" x="990.943604" y="3008.39404"/>
      <location camera_id="103" pinned="false" x="954.838745" y="3020.39478"/>
      <location camera_id="104" pinned="false" x="919.144226" y="3028.83496"/>
      <location camera_id="105" pinned="false" x="854.932007" y="3036.32275"/>
      <location camera_id="106" pinned="true" x="805.670776" y="3037.28345"/>
      <location camera_id="107" pinned="true" x="742.447327" y="3021.90234"/>
      <location camera_id="108" pinned="false" x="682.228882" y="3002.2998"/>
      <location camera_id="109" pinned="false" x="626.838989" y="2969.30786"/>
      <location camera_id="110" pinned="true" x="586.770569" y="2925.81519"/>
      <location camera_id="111" pinned="false" x="551.719604" y="2880.70068"/>
      <location camera_id="112" pinned="true" x="531.403442" y="2840.74414"/>
      <location camera_id="113" pinned="false" x="529.554016" y="2790.40503"/>
      <location camera_id="114" pinned="false" x="534.762207" y="2743.16016"/>
      <location camera_id="115" pinned="false" x="548.556335" y="2700.38501"/>
      <location camera_id="116" pinned="false" x="575.328003" y="2653.81055"/>
      <location camera_id="118" pinned="false" x="613.244019" y="2611.30273"/>
      <location camera_id="119" pinned="false" x="634.471436" y="2592.36963"/>
      <location camera_id="120" pinned="false" x="672.524475" y="2567.54736"/>
      <location camera_id="121" pinned="false" x="709.232422" y="2549.83228"/>
      <location camera_id="122" pinned="false" x="736.025513" y="2539.1377"/>
      <location camera_id="123" pinned="false" x="786.961365" y="2526.74756"/>
      <location camera_id="124" pinned="false" x="834.31189" y="2519.69678"/>
      <location camera_id="125" pinned="false" x="880.452026" y="2519.03198"/>
      <location camera_id="126" pinned="false" x="935.479736" y="2525.5437"/>
      <location camera_id="127" pinned="false" x="992.264893" y="2541.08545"/>
      <location camera_id="128" pinned="false" x="1038.87146" y="2561.90161"/>
      <location camera_id="129" pinned="false" x="1087.50293" y="2595.91577"/>
      <location camera_id="130" pinned="false" x="1117.98364" y="2627.16724"/>
      <location camera_id="131" pinned="false" x="1152.80017" y="2681.2561"/>
      <location camera_id="132" pinned="false" x="1162.33008" y="2706.94214"/>
      <location camera_id="133" pinned="false" x="1170.77637" y="2748.42017"/>
      <location camera_id="134" pinned="false" x="1171.65479" y="2775.09082"/>
      <location camera_id="135" pinned="false" x="1169.90344" y="2799.93188"/>
      <location camera_id="136" pinned="false" x="1161.81177" y="2835.03223"/>
      <location camera_id="137" pinned="false" x="1142.03955" y="2879.7478"/>
      <location camera_id="138" pinned="false" x="1127.5105" y="2902.21606"/>
      <location camera_id="139" pinned="false" x="1106.94031" y="2926.6001"/>
      <location camera_id="140" pinned="false" x="1073.49902" y="2957.23999"/>
      <location camera_id="141" pinned="false" x="1056.4397" y="2970.12866"/>
      <location camera_id="142" pinned="false" x="1006.26208" y="2998.2207"/>
    </marker>
    <marker marker_id="2">
      <location camera_id="50" pinned="false" x="770.56012" y="2834.37646"/>
      <location camera_id="51" pinned="false" x="723.606567" y="2813.73218"/>
      <location camera_id="52" pinned="false" x="691.86792" y="2795.823"/>
      <location camera_id="53" pinned="false" x="659.602783" y="2771.51025"/>
      <location camera_id="54" pinned="false" x="628.835999" y="2742.05688"/>
      <location camera_id="55" pinned="false" x="629.457092" y="2741.65186"/>
      <location camera_id="56" pinned="false" x="609.756348" y="2712.9563"/>
      <location camera_id="57" pinned="false" x="597.888611" y="2686.86304"/>
      <location camera_id="58" pinned="false" x="589.499634" y="2661.34229"/>
      <location camera_id="59" pinned="false" x="586.995972" y="2636.52295"/>
      <location camera_id="60" pinned="false" x="588.049744" y="2613.14404"/>
      <location camera_id="61" pinned="false" x="593.531738" y="2586.82031"/>
      <location camera_id="62" pinned="false" x="600.657776" y="2566.71094"/>
      <location camera_id="63" pinned="false" x="609.795532" y="2550.2981"/>
      <location camera_id="64" pinned="false" x="624.85553" y="2527.88403"/>
      <location camera_id="65" pinned="false" x="648.790039" y="2502.56885"/>
      <location camera_id="66" pinned="false" x="664.23053" y="2490.19336"/>
      <location camera_id="67" pinned="false" x="685.801331" y="2474.77856"/>
      <location camera_id="68" pinned="false" x="717.43927" y="2457.01025"/>
      <location camera_id="69" pinned="false" x="746.803162" y="2444.73804"/>
      <location camera_id="70" pinned="false" x="774.923157" y="2432.2959"/>
      <location camera_id="71" pinned="false" x="802.903748" y="2425.23193"/>
      <location camera_id="72" pinned="false" x="833.039001" y="2422.68921"/>
      <location camera_id="73" pinned="true" x="849.811096" y="2418.76196"/>
      <location camera_id="74" pinned="false" x="864.333252" y="2418.44141"/>
      <location camera_id="75" pinned="false" x="872.84967" y="2418.4104"/>
      <location camera_id="79" pinned="false" x="976.321289" y="2423.44946"/>
      <location camera_id="80" pinned="false" x="1002.6662" y="2427.86475"/>
      <location camera_id="81" pinned="false" x="1032.96106" y="2435.66382"/>
      <location camera_id="82" pinned="false" x="1059.48901" y="2443.45337"/>
      <location camera_id="83" pinned="false" x="1073.16785" y="2449.1626"/>
      <location camera_id="84" pinned="false" x="1094.85474" y="2459.06494"/>
      <location camera_id="85" pinned="false" x="1115.86401" y="2469.40552"/>
      <location camera_id="86" pinned="false" x="1131.16687" y="2478.69263"/>
      <location camera_id="87" pinned="false" x="1166.44592" y="2504.46704"/>
      <location camera_id="88" pinned="false" x="1191.24182" y="2527.9834"/>
      <location camera_id="89" pinned="false" x="1203.04883" y="2542.33813"/>
      <location camera_id="90" pinned="false" x="1219.18933" y="2566.50122"/>
      <location camera_id="91" pinned="false" x="1232.6543" y="2597.26392"/>
      <location camera_id="92" pinned="false" x="1240.61792" y="2635.70239"/>
      <location camera_id="93" pinned="false" x="1239.4989" y="2675.3064"/>
      <location camera_id="94" pinned="false" x="1228.56921" y="2715.52051"/>
      <location camera_id="95" pinned="false" x="1216.88611" y="2740.23486"/>
      <location camera_id="96" pinned="false" x="1205.80151" y="2755.16479"/>
      <location camera_id="97" pinned="false" x="1187.27783" y="2775.27002"/>
      <location camera_id="98" pinned="false" x="1170.73389" y="2782.87842"/>
      <location camera_id="99" pinned="false" x="1138.81958" y="2806.20459"/>
      <location camera_id="100" pinned="true" x="731.393616" y="2976.8894"/>
      <location camera_id="101" pinned="false" x="665.061768" y="2936.53027"/>
      <location camera_id="102" pinned="false" x="645.98938" y="2921.229"/>
      <location camera_id="103" pinned="false" x="626.021484" y="2900.56494"/>
      <location camera_id="104" pinned="false" x="610.02771" y="2879.90967"/>
      <location camera_id="105" pinned="false" x="589.876465" y="2842.07837"/>
      <location camera_id="106" pinned="false" x="579.87384" y="2806.14624"/>
      <location camera_id="107" pinned="true" x="578.052185" y="2770.10474"/>
      <location camera_id="108" pinned="false" x="584.945496" y="2727.59839"/>
      <location camera_id="109" pinned="false" x="602.416443" y="2685.44604"/>
      <location camera_id="110" pinned="true" x="630.649048" y="2645.90503"/>
      <location camera_id="111" pinned="false" x="663.902039" y="2615.13403"/>
      <location camera_id="112" pinned="true" x="699.437622" y="2592.78296"/>
      <location camera_id="113" pinned="false" x="738.751831" y="2572.53027"/>
      <location camera_id="114" pinned="false" x="783.768616" y="2559.1897"/>
      <location camera_id="117" pinned="false" x="896.186829" y="2551.34595"/>
      <location camera_id="118" pinned="false" x="929.180542" y="2557.40234"/>
      <location camera_id="119" pinned="false" x="953.207336" y="2562.32129"/>
      <location camera_id="120" pinned="false" x="989.8078" y="2576.62183"/>
      <location camera_id="121" pinned="false" x="1020.09723" y="2592.1604"/>
      <location camera_id="122" pinned="false" x="1039.06348" y="2605.39624"/>
      <location camera_id="123" pinned="false" x="1070.3269" y="2632.93726"/>
      <location camera_id="124" pinned="false" x="1092.86755" y="2660.80933"/>
      <location camera_id="125" pinned="false" x="1109.74512" y="2691.18188"/>
      <location camera_id="126" pinned="false" x="1122.0304" y="2730.25317"/>
      <location camera_id="127" pinned="false" x="1125.53613" y="2774.56494"/>
      <location camera_id="128" pinned="false" x="1119.83704" y="2814.17188"/>
      <location camera_id="129" pinned="false" x="1099.34961" y="2861.0144"/>
      <location camera_id="130" pinned="false" x="1075.27112" y="2893.96021"/>
      <location camera_id="131" pinned="false" x="1025.6853" y="2937.16602"/>
      <location camera_id="132" pinned="false" x="999.631775" y="2953.10718"/>
      <location camera_id="133" pinned="false" x="956.61615" y="2971.62524"/>
      <location camera_id="134" pinned="false" x="927.338074" y="2980.05566"/>
      <location camera_id="135" pinned="false" x="899.90448" y="2985.53711"/>
      <location camera_id="136" pinned="false" x="859.235413" y="2988.95483"/>
      <location camera_id="137" pinned="false" x="807.928162" y="2987.81128"/>
      <location camera_id="138" pinned="false" x="780.840088" y="2983.15015"/>
      <location camera_id="139" pinned="false" x="750.464417" y="2975.55542"/>
      <location camera_id="140" pinned="false" x="711.763306" y="2960.83984"/>
      <location camera_id="141" pinned="false" x="695.096191" y="2952.74951"/>
      <location camera_id="142" pinned="false" x="656.085815" y="2925.90186"/>
    </marker>
    <marker marker_id="3">
      <location camera_id="50" pinned="false" x="1811.94348" y="3438.2334"/>
      <location camera_id="51" pinned="false" x="1686.34021" y="3556.25244"/>
      <location camera_id="62" pinned="false" x="112.862968" y="3563.72925"/>
      <location camera_id="63" pinned="true" x="35.282917" y="3494.98438"/>
      <location camera_id="78" pinned="false" x="52.5566063" y="2452.09644"/>
      <location camera_id="79" pinned="false" x="153.614655" y="2377.75488"/>
      <location camera_id="80" pinned="false" x="217.260925" y="2339.20166"/>
      <location camera_id="81" pinned="false" x="295.386383" y="2301.14307"/>
      <location camera_id="82" pinned="false" x="368.327942" y="2269.79443"/>
      <location camera_id="83" pinned="false" x="407.682098" y="2256.53271"/>
      <location camera_id="84" pinned="false" x="473.699188" y="2235.60547"/>
      <location camera_id="85" pinned="false" x="541.47168" y="2218.48804"/>
      <location camera_id="86" pinned="false" x="594.976562" y="2207.24365"/>
      <location camera_id="87" pinned="false" x="727.316223" y="2188.97754"/>
      <location camera_id="88" pinned="false" x="837.680481" y="2181.89502"/>
      <location camera_id="90" pinned="false" x="995.459656" y="2188.50757"/>
      <location camera_id="91" pinned="false" x="1111.08142" y="2203.72217"/>
      <location camera_id="92" pinned="false" x="1253.06641" y="2234.46558"/>
      <location camera_id="93" pinned="false" x="1380.31384" y="2280.08691"/>
      <location camera_id="94" pinned="true" x="1505.44702" y="2340.8501"/>
      <location camera_id="95" pinned="false" x="1574.99683" y="2383.04834"/>
      <location camera_id="96" pinned="false" x="1627.61389" y="2415.73315"/>
      <location camera_id="97" pinned="false" x="1692.96936" y="2465.46069"/>
      <location camera_id="98" pinned="false" x="1741.12927" y="2500.90015"/>
      <location camera_id="99" pinned="false" x="1813.72693" y="2578.92871"/>
      <location camera_id="100" pinned="false" x="1555.96753" y="3468.6394"/>
      <location camera_id="109" pinned="false" x="116.62925" y="3509.87012"/>
      <location camera_id="110" pinned="true" x="13.4604769" y="3363.9624"/>
      <location camera_id="115" pinned="false" x="52.0725174" y="2670.95166"/>
      <location camera_id="116" pinned="false" x="145.126709" y="2554.63354"/>
      <location camera_id="117" pinned="false" x="185.87941" y="2514.28687"/>
      <location camera_id="118" pinned="false" x="262.654327" y="2453.49902"/>
      <location camera_id="119" pinned="false" x="323.424835" y="2411.12085"/>
      <location camera_id="120" pinned="false" x="427.6427" y="2355.53979"/>
      <location camera_id="121" pinned="false" x="522.361023" y="2317.7688"/>
      <location camera_id="122" pinned="false" x="592.445374" y="2295.71582"/>
      <location camera_id="128" pinned="false" x="1327.91101" y="2369.31421"/>
      <location camera_id="129" pinned="false" x="1455.48547" y="2451.94727"/>
      <location camera_id="130" pinned="false" x="1540.88184" y="2529.47681"/>
      <location camera_id="131" pinned="false" x="1648.92664" y="2670.12988"/>
      <location camera_id="132" pinned="false" x="1683.90186" y="2739.13159"/>
      <location camera_id="133" pinned="false" x="1722.28906" y="2853.39746"/>
      <location camera_id="134" pinned="false" x="1735.6073" y="2929.89551"/>
      <location camera_id="135" pinned="false" x="1739.92456" y="3003.20215"/>
      <location camera_id="136" pinned="false" x="1730.24585" y="3111.37671"/>
      <location camera_id="137" pinned="false" x="1689.56604" y="3249.64404"/>
      <location camera_id="138" pinned="false" x="1654.05615" y="3323.76807"/>
      <location camera_id="139" pinned="false" x="1601.21716" y="3405.80688"/>
      <location camera_id="140" pinned="false" x="1508.19727" y="3511.31885"/>
      <location camera_id="141" pinned="false" x="1458.29468" y="3557.00732"/>
    </marker>
    <marker marker_id="4">
      <location camera_id="56" pinned="false" x="1740.29968" y="2482.00342"/>
      <location camera_id="57" pinned="false" x="1806.7478" y="2547.32104"/>
      <location camera_id="58" pinned="false" x="1863.60059" y="2618.7356"/>
      <location camera_id="59" pinned="false" x="1913.04858" y="2693.31519"/>
      <location camera_id="60" pinned="false" x="1950.02332" y="2767.33618"/>
      <location camera_id="61" pinned="false" x="1979.83374" y="2849.85254"/>
      <location camera_id="62" pinned="false" x="1994.79297" y="2935.16821"/>
      <location camera_id="63" pinned="true" x="2000.27783" y="3004.44824"/>
      <location camera_id="64" pinned="false" x="1994.29468" y="3099.49316"/>
      <location camera_id="65" pinned="false" x="1962.48376" y="3225.75928"/>
      <location camera_id="66" pinned="false" x="1933.60669" y="3293.62329"/>
      <location camera_id="67" pinned="false" x="1883.13208" y="3380.59717"/>
      <location camera_id="68" pinned="false" x="1787.50867" y="3494.73267"/>
      <location camera_id="69" pinned="false" x="1685.01367" y="3584.1106"/>
      <location camera_id="83" pinned="false" x="136.432602" y="3605.32031"/>
      <location camera_id="84" pinned="false" x="48.9170074" y="3539.15625"/>
      <location camera_id="94" pinned="false" x="14.2559633" y="2474.12646"/>
      <location camera_id="95" pinned="false" x="80.7080307" y="2422.34961"/>
      <location camera_id="96" pinned="false" x="134.0746" y="2384.61401"/>
      <location camera_id="97" pinned="false" x="207.330627" y="2340.38721"/>
      <location camera_id="98" pinned="false" x="267.01535" y="2303.25903"/>
      <location camera_id="99" pinned="false" x="369.166718" y="2262.05762"/>
      <location camera_id="101" pinned="false" x="1347.79773" y="2375.98633"/>
      <location camera_id="102" pinned="false" x="1404.8457" y="2410.07397"/>
      <location camera_id="103" pinned="false" x="1469.01001" y="2455.86694"/>
      <location camera_id="104" pinned="false" x="1525.69824" y="2504.59595"/>
      <location camera_id="105" pinned="false" x="1613.42749" y="2603.37744"/>
      <location camera_id="106" pinned="false" x="1678.76782" y="2702.64526"/>
      <location camera_id="107" pinned="false" x="1722.29419" y="2815.84473"/>
      <location camera_id="108" pinned="false" x="1750.10693" y="2958.72998"/>
      <location camera_id="109" pinned="false" x="1742.42444" y="3119.60083"/>
      <location camera_id="110" pinned="true" x="1696.91162" y="3274.99609"/>
      <location camera_id="111" pinned="false" x="1599.25952" y="3438.85254"/>
      <location camera_id="112" pinned="false" x="1493.00171" y="3554.5564"/>
      <location camera_id="121" pinned="false" x="130.187668" y="3544.55884"/>
      <location camera_id="122" pinned="false" x="64.6486282" y="3468.95459"/>
      <location camera_id="128" pinned="false" x="59.3166084" y="2647.75732"/>
      <location camera_id="129" pinned="false" x="167.664627" y="2525.34375"/>
      <location camera_id="130" pinned="false" x="262.432983" y="2447.57764"/>
      <location camera_id="131" pinned="false" x="422.761139" y="2352.78809"/>
      <location camera_id="132" pinned="false" x="495.61261" y="2319.52881"/>
      <location camera_id="133" pinned="false" x="611.586121" y="2284.67529"/>
      <location camera_id="142" pinned="false" x="1376.41077" y="2385.40967"/>
    </marker>
  </markers>
  <thumbnails path="thumbnails/thumbnails.zip"/>
  <point_cloud path="point_cloud/point_cloud.zip"/>
  <dense_cloud id="0" path="dense_cloud/dense_cloud.zip"/>
  <model id="0" path="model/model.zip"/>
  <model id="1" path="model.1/model.zip"/>
  <orthomosaic id="0" path="orthomosaic/orthomosaic.zip"/>
</frame>
