<?xml version="1.0" encoding="UTF-8"?>
<orthomosaic version="1.2.0">
  <images level_count="10">
    <image id="108">
      <extent>
        <left>-0.92493554999999983</left>
        <top>2.6430350099999993</top>
        <right>1.6395432899999998</right>
        <bottom>-2.0145856499999999</bottom>
      </extent>
      <center>
        <x>6.8387898768844035</x>
        <y>3.5708422693919908</y>
      </center>
      <pyramid>
        <level index="0" path="0/c108.tif" mask="0/m108.tif"/>
        <level index="1" path="1/c108.tif" mask="1/m108.tif"/>
        <level index="2" path="2/c108.tif" mask="2/m108.tif"/>
        <level index="3" path="3/c108.tif" mask="3/m108.tif"/>
        <level index="4" path="4/c108.tif" mask="4/m108.tif"/>
        <level index="5" path="5/c108.tif" mask="5/m108.tif"/>
        <level index="6" path="6/c108.tif" mask="6/m108.tif"/>
        <level index="7" path="7/c108.tif" mask="7/m108.tif"/>
        <level index="8" path="8/c108.tif" mask="8/m108.tif"/>
        <level index="9" path="9/c108.tif" mask="9/m108.tif"/>
      </pyramid>
    </image>
    <image id="110">
      <extent>
        <left>-0.80330018999999986</left>
        <top>2.6430350099999993</top>
        <right>1.6395432899999998</right>
        <bottom>-2.0145856499999999</bottom>
      </extent>
      <center>
        <x>7.3498055280202061</x>
        <y>4.6023407202303837</y>
      </center>
      <pyramid>
        <level index="0" path="0/c110.tif" mask="0/m110.tif"/>
        <level index="1" path="1/c110.tif" mask="1/m110.tif"/>
        <level index="2" path="2/c110.tif" mask="2/m110.tif"/>
        <level index="3" path="3/c110.tif" mask="3/m110.tif"/>
        <level index="4" path="4/c110.tif" mask="4/m110.tif"/>
        <level index="5" path="5/c110.tif" mask="5/m110.tif"/>
        <level index="6" path="6/c110.tif" mask="6/m110.tif"/>
        <level index="7" path="7/c110.tif" mask="7/m110.tif"/>
        <level index="8" path="8/c110.tif" mask="8/m110.tif"/>
        <level index="9" path="9/c110.tif" mask="9/m110.tif"/>
      </pyramid>
    </image>
    <image id="107">
      <extent>
        <left>-1.0110939299999999</left>
        <top>2.6430350099999993</top>
        <right>1.6395432899999998</right>
        <bottom>-2.0145856499999999</bottom>
      </extent>
      <center>
        <x>6.1960921412732155</x>
        <y>3.1502930731049328</y>
      </center>
      <pyramid>
        <level index="0" path="0/c107.tif" mask="0/m107.tif"/>
        <level index="1" path="1/c107.tif" mask="1/m107.tif"/>
        <level index="2" path="2/c107.tif" mask="2/m107.tif"/>
        <level index="3" path="3/c107.tif" mask="3/m107.tif"/>
        <level index="4" path="4/c107.tif" mask="4/m107.tif"/>
        <level index="5" path="5/c107.tif" mask="5/m107.tif"/>
        <level index="6" path="6/c107.tif" mask="6/m107.tif"/>
        <level index="7" path="7/c107.tif" mask="7/m107.tif"/>
        <level index="8" path="8/c107.tif" mask="8/m107.tif"/>
        <level index="9" path="9/c107.tif" mask="9/m107.tif"/>
      </pyramid>
    </image>
    <image id="109">
      <extent>
        <left>-0.83117495999999991</left>
        <top>2.6430350099999993</top>
        <right>1.6395432899999998</right>
        <bottom>-2.0145856499999999</bottom>
      </extent>
      <center>
        <x>7.2365510487348983</x>
        <y>4.0740870908522577</y>
      </center>
      <pyramid>
        <level index="0" path="0/c109.tif" mask="0/m109.tif"/>
        <level index="1" path="1/c109.tif" mask="1/m109.tif"/>
        <level index="2" path="2/c109.tif" mask="2/m109.tif"/>
        <level index="3" path="3/c109.tif" mask="3/m109.tif"/>
        <level index="4" path="4/c109.tif" mask="4/m109.tif"/>
        <level index="5" path="5/c109.tif" mask="5/m109.tif"/>
        <level index="6" path="6/c109.tif" mask="6/m109.tif"/>
        <level index="7" path="7/c109.tif" mask="7/m109.tif"/>
        <level index="8" path="8/c109.tif" mask="8/m109.tif"/>
        <level index="9" path="9/c109.tif" mask="9/m109.tif"/>
      </pyramid>
    </image>
    <image id="114">
      <extent>
        <left>-0.70700552999999988</left>
        <top>2.6430350099999993</top>
        <right>1.6395432899999998</right>
        <bottom>-1.2923757</bottom>
      </extent>
      <center>
        <x>5.4606385706302483</x>
        <y>6.4798347389015989</y>
      </center>
      <pyramid>
        <level index="0" path="0/c114.tif" mask="0/m114.tif"/>
        <level index="1" path="1/c114.tif" mask="1/m114.tif"/>
        <level index="2" path="2/c114.tif" mask="2/m114.tif"/>
        <level index="3" path="3/c114.tif" mask="3/m114.tif"/>
        <level index="4" path="4/c114.tif" mask="4/m114.tif"/>
        <level index="5" path="5/c114.tif" mask="5/m114.tif"/>
        <level index="6" path="6/c114.tif" mask="6/m114.tif"/>
        <level index="7" path="7/c114.tif" mask="7/m114.tif"/>
        <level index="8" path="8/c114.tif" mask="8/m114.tif"/>
        <level index="9" path="9/c114.tif" mask="9/m114.tif"/>
      </pyramid>
    </image>
    <image id="111">
      <extent>
        <left>-0.60817679999999996</left>
        <top>2.6430350099999993</top>
        <right>1.6395432899999998</right>
        <bottom>-1.8878821500000003</bottom>
      </extent>
      <center>
        <x>7.200280466951253</x>
        <y>5.1446158265943458</y>
      </center>
      <pyramid>
        <level index="0" path="0/c111.tif" mask="0/m111.tif"/>
        <level index="1" path="1/c111.tif" mask="1/m111.tif"/>
        <level index="2" path="2/c111.tif" mask="2/m111.tif"/>
        <level index="3" path="3/c111.tif" mask="3/m111.tif"/>
        <level index="4" path="4/c111.tif" mask="4/m111.tif"/>
        <level index="5" path="5/c111.tif" mask="5/m111.tif"/>
        <level index="6" path="6/c111.tif" mask="6/m111.tif"/>
        <level index="7" path="7/c111.tif" mask="7/m111.tif"/>
        <level index="8" path="8/c111.tif" mask="8/m111.tif"/>
        <level index="9" path="9/c111.tif" mask="9/m111.tif"/>
      </pyramid>
    </image>
    <image id="112">
      <extent>
        <left>-0.49414365000000005</left>
        <top>2.6430350099999993</top>
        <right>1.6395432899999995</right>
        <bottom>-1.8878821500000003</bottom>
      </extent>
      <center>
        <x>6.862695146828556</x>
        <y>5.5645501568157067</y>
      </center>
      <pyramid>
        <level index="0" path="0/c112.tif" mask="0/m112.tif"/>
        <level index="1" path="1/c112.tif" mask="1/m112.tif"/>
        <level index="2" path="2/c112.tif" mask="2/m112.tif"/>
        <level index="3" path="3/c112.tif" mask="3/m112.tif"/>
        <level index="4" path="4/c112.tif" mask="4/m112.tif"/>
        <level index="5" path="5/c112.tif" mask="5/m112.tif"/>
        <level index="6" path="6/c112.tif" mask="6/m112.tif"/>
        <level index="7" path="7/c112.tif" mask="7/m112.tif"/>
        <level index="8" path="8/c112.tif" mask="8/m112.tif"/>
        <level index="9" path="9/c112.tif" mask="9/m112.tif"/>
      </pyramid>
    </image>
    <image id="113">
      <extent>
        <left>-0.38517864000000002</left>
        <top>2.6430350099999993</top>
        <right>1.6395432899999998</right>
        <bottom>-1.3557274500000003</bottom>
      </extent>
      <center>
        <x>6.263162202327857</x>
        <y>6.0580684409362355</y>
      </center>
      <pyramid>
        <level index="0" path="0/c113.tif" mask="0/m113.tif"/>
        <level index="1" path="1/c113.tif" mask="1/m113.tif"/>
        <level index="2" path="2/c113.tif" mask="2/m113.tif"/>
        <level index="3" path="3/c113.tif" mask="3/m113.tif"/>
        <level index="4" path="4/c113.tif" mask="4/m113.tif"/>
        <level index="5" path="5/c113.tif" mask="5/m113.tif"/>
        <level index="6" path="6/c113.tif" mask="6/m113.tif"/>
        <level index="7" path="7/c113.tif" mask="7/m113.tif"/>
        <level index="8" path="8/c113.tif" mask="8/m113.tif"/>
        <level index="9" path="9/c113.tif" mask="9/m113.tif"/>
      </pyramid>
    </image>
    <image id="118">
      <extent>
        <left>-1.2163535999999999</left>
        <top>2.6430350099999993</top>
        <right>1.6243388699999997</right>
        <bottom>0.58030202999999947</bottom>
      </extent>
      <center>
        <x>1.95054420093758</x>
        <y>7.4290773699715027</y>
      </center>
      <pyramid>
        <level index="0" path="0/c118.tif" mask="0/m118.tif"/>
        <level index="1" path="1/c118.tif" mask="1/m118.tif"/>
        <level index="2" path="2/c118.tif" mask="2/m118.tif"/>
        <level index="3" path="3/c118.tif" mask="3/m118.tif"/>
        <level index="4" path="4/c118.tif" mask="4/m118.tif"/>
        <level index="5" path="5/c118.tif" mask="5/m118.tif"/>
        <level index="6" path="6/c118.tif" mask="6/m118.tif"/>
        <level index="7" path="7/c118.tif" mask="7/m118.tif"/>
        <level index="8" path="8/c118.tif" mask="8/m118.tif"/>
        <level index="9" path="9/c118.tif" mask="9/m118.tif"/>
      </pyramid>
    </image>
    <image id="116">
      <extent>
        <left>-1.1200589399999998</left>
        <top>2.6430350099999993</top>
        <right>1.6370092199999995</right>
        <bottom>-0.65885820000000006</bottom>
      </extent>
      <center>
        <x>3.3600971406469435</x>
        <y>7.17475519178147</y>
      </center>
      <pyramid>
        <level index="0" path="0/c116.tif" mask="0/m116.tif"/>
        <level index="1" path="1/c116.tif" mask="1/m116.tif"/>
        <level index="2" path="2/c116.tif" mask="2/m116.tif"/>
        <level index="3" path="3/c116.tif" mask="3/m116.tif"/>
        <level index="4" path="4/c116.tif" mask="4/m116.tif"/>
        <level index="5" path="5/c116.tif" mask="5/m116.tif"/>
        <level index="6" path="6/c116.tif" mask="6/m116.tif"/>
        <level index="7" path="7/c116.tif" mask="7/m116.tif"/>
        <level index="8" path="8/c116.tif" mask="8/m116.tif"/>
        <level index="9" path="9/c116.tif" mask="9/m116.tif"/>
      </pyramid>
    </image>
    <image id="117">
      <extent>
        <left>-1.1200589399999998</left>
        <top>2.6430350099999993</top>
        <right>1.6370092199999995</right>
        <bottom>0.58030202999999947</bottom>
      </extent>
      <center>
        <x>2.8531869630924129</x>
        <y>7.2796528355014614</y>
      </center>
      <pyramid>
        <level index="0" path="0/c117.tif" mask="0/m117.tif"/>
        <level index="1" path="1/c117.tif" mask="1/m117.tif"/>
        <level index="2" path="2/c117.tif" mask="2/m117.tif"/>
        <level index="3" path="3/c117.tif" mask="3/m117.tif"/>
        <level index="4" path="4/c117.tif" mask="4/m117.tif"/>
        <level index="5" path="5/c117.tif" mask="5/m117.tif"/>
        <level index="6" path="6/c117.tif" mask="6/m117.tif"/>
        <level index="7" path="7/c117.tif" mask="7/m117.tif"/>
        <level index="8" path="8/c117.tif" mask="8/m117.tif"/>
        <level index="9" path="9/c117.tif" mask="9/m117.tif"/>
      </pyramid>
    </image>
    <image id="115">
      <extent>
        <left>-1.1200589399999998</left>
        <top>2.6430350099999993</top>
        <right>1.6370092199999995</right>
        <bottom>-1.0186961399999999</bottom>
      </extent>
      <center>
        <x>4.5642796561121974</x>
        <y>6.8321562159106577</y>
      </center>
      <pyramid>
        <level index="0" path="0/c115.tif" mask="0/m115.tif"/>
        <level index="1" path="1/c115.tif" mask="1/m115.tif"/>
        <level index="2" path="2/c115.tif" mask="2/m115.tif"/>
        <level index="3" path="3/c115.tif" mask="3/m115.tif"/>
        <level index="4" path="4/c115.tif" mask="4/m115.tif"/>
        <level index="5" path="5/c115.tif" mask="5/m115.tif"/>
        <level index="6" path="6/c115.tif" mask="6/m115.tif"/>
        <level index="7" path="7/c115.tif" mask="7/m115.tif"/>
        <level index="8" path="8/c115.tif" mask="8/m115.tif"/>
        <level index="9" path="9/c115.tif" mask="9/m115.tif"/>
      </pyramid>
    </image>
    <image id="119">
      <extent>
        <left>-1.2645009299999999</left>
        <top>2.6430350099999993</top>
        <right>1.6243388699999997</right>
        <bottom>0.59550644999999935</bottom>
      </extent>
      <center>
        <x>1.2513226600150114</x>
        <y>7.5101077389094959</y>
      </center>
      <pyramid>
        <level index="0" path="0/c119.tif" mask="0/m119.tif"/>
        <level index="1" path="1/c119.tif" mask="1/m119.tif"/>
        <level index="2" path="2/c119.tif" mask="2/m119.tif"/>
        <level index="3" path="3/c119.tif" mask="3/m119.tif"/>
        <level index="4" path="4/c119.tif" mask="4/m119.tif"/>
        <level index="5" path="5/c119.tif" mask="5/m119.tif"/>
        <level index="6" path="6/c119.tif" mask="6/m119.tif"/>
        <level index="7" path="7/c119.tif" mask="7/m119.tif"/>
        <level index="8" path="8/c119.tif" mask="8/m119.tif"/>
        <level index="9" path="9/c119.tif" mask="9/m119.tif"/>
      </pyramid>
    </image>
    <image id="120">
      <extent>
        <left>-1.3582615199999999</left>
        <top>2.6430350099999993</top>
        <right>1.6268729399999995</right>
        <bottom>0.59550644999999935</bottom>
      </extent>
      <center>
        <x>0.11127601413608404</x>
        <y>7.5924569926243253</y>
      </center>
      <pyramid>
        <level index="0" path="0/c120.tif" mask="0/m120.tif"/>
        <level index="1" path="1/c120.tif" mask="1/m120.tif"/>
        <level index="2" path="2/c120.tif" mask="2/m120.tif"/>
        <level index="3" path="3/c120.tif" mask="3/m120.tif"/>
        <level index="4" path="4/c120.tif" mask="4/m120.tif"/>
        <level index="5" path="5/c120.tif" mask="5/m120.tif"/>
        <level index="6" path="6/c120.tif" mask="6/m120.tif"/>
        <level index="7" path="7/c120.tif" mask="7/m120.tif"/>
        <level index="8" path="8/c120.tif" mask="8/m120.tif"/>
        <level index="9" path="9/c120.tif" mask="9/m120.tif"/>
      </pyramid>
    </image>
    <image id="121">
      <extent>
        <left>-1.3734659399999998</left>
        <top>2.6430350099999993</top>
        <right>1.6268729399999999</right>
        <bottom>0.60310865999999974</bottom>
      </extent>
      <center>
        <x>-0.87415935749611184</x>
        <y>7.6061964746343698</y>
      </center>
      <pyramid>
        <level index="0" path="0/c121.tif" mask="0/m121.tif"/>
        <level index="1" path="1/c121.tif" mask="1/m121.tif"/>
        <level index="2" path="2/c121.tif" mask="2/m121.tif"/>
        <level index="3" path="3/c121.tif" mask="3/m121.tif"/>
        <level index="4" path="4/c121.tif" mask="4/m121.tif"/>
        <level index="5" path="5/c121.tif" mask="5/m121.tif"/>
        <level index="6" path="6/c121.tif" mask="6/m121.tif"/>
        <level index="7" path="7/c121.tif" mask="7/m121.tif"/>
        <level index="8" path="8/c121.tif" mask="8/m121.tif"/>
        <level index="9" path="9/c121.tif" mask="9/m121.tif"/>
      </pyramid>
    </image>
    <image id="122">
      <extent>
        <left>-1.3734659399999998</left>
        <top>2.6430350099999993</top>
        <right>1.6268729399999999</right>
        <bottom>0.60310865999999974</bottom>
      </extent>
      <center>
        <x>-1.5966798459026346</x>
        <y>7.5886875744977837</y>
      </center>
      <pyramid>
        <level index="0" path="0/c122.tif" mask="0/m122.tif"/>
        <level index="1" path="1/c122.tif" mask="1/m122.tif"/>
        <level index="2" path="2/c122.tif" mask="2/m122.tif"/>
        <level index="3" path="3/c122.tif" mask="3/m122.tif"/>
        <level index="4" path="4/c122.tif" mask="4/m122.tif"/>
        <level index="5" path="5/c122.tif" mask="5/m122.tif"/>
        <level index="6" path="6/c122.tif" mask="6/m122.tif"/>
        <level index="7" path="7/c122.tif" mask="7/m122.tif"/>
        <level index="8" path="8/c122.tif" mask="8/m122.tif"/>
        <level index="9" path="9/c122.tif" mask="9/m122.tif"/>
      </pyramid>
    </image>
    <image id="123">
      <extent>
        <left>-1.3760000099999998</left>
        <top>2.6430350099999993</top>
        <right>1.6268729399999997</right>
        <bottom>-1.5229760700000003</bottom>
      </extent>
      <center>
        <x>-2.7665607154320888</x>
        <y>7.4978040177989822</y>
      </center>
      <pyramid>
        <level index="0" path="0/c123.tif" mask="0/m123.tif"/>
        <level index="1" path="1/c123.tif" mask="1/m123.tif"/>
        <level index="2" path="2/c123.tif" mask="2/m123.tif"/>
        <level index="3" path="3/c123.tif" mask="3/m123.tif"/>
        <level index="4" path="4/c123.tif" mask="4/m123.tif"/>
        <level index="5" path="5/c123.tif" mask="5/m123.tif"/>
        <level index="6" path="6/c123.tif" mask="6/m123.tif"/>
        <level index="7" path="7/c123.tif" mask="7/m123.tif"/>
        <level index="8" path="8/c123.tif" mask="8/m123.tif"/>
        <level index="9" path="9/c123.tif" mask="9/m123.tif"/>
      </pyramid>
    </image>
    <image id="124">
      <extent>
        <left>-1.3760000099999998</left>
        <top>2.6430350099999993</top>
        <right>1.6268729399999997</right>
        <bottom>-1.5255101399999997</bottom>
      </extent>
      <center>
        <x>-3.805396372264938</x>
        <y>7.3303235914054339</y>
      </center>
      <pyramid>
        <level index="0" path="0/c124.tif" mask="0/m124.tif"/>
        <level index="1" path="1/c124.tif" mask="1/m124.tif"/>
        <level index="2" path="2/c124.tif" mask="2/m124.tif"/>
        <level index="3" path="3/c124.tif" mask="3/m124.tif"/>
        <level index="4" path="4/c124.tif" mask="4/m124.tif"/>
        <level index="5" path="5/c124.tif" mask="5/m124.tif"/>
        <level index="6" path="6/c124.tif" mask="6/m124.tif"/>
        <level index="7" path="7/c124.tif" mask="7/m124.tif"/>
        <level index="8" path="8/c124.tif" mask="8/m124.tif"/>
        <level index="9" path="9/c124.tif" mask="9/m124.tif"/>
      </pyramid>
    </image>
    <image id="125">
      <extent>
        <left>-1.3760000099999998</left>
        <top>2.6430350099999993</top>
        <right>1.6268729399999997</right>
        <bottom>-1.6142025899999997</bottom>
      </extent>
      <center>
        <x>-4.6794513665839768</x>
        <y>7.1063353307761767</y>
      </center>
      <pyramid>
        <level index="0" path="0/c125.tif" mask="0/m125.tif"/>
        <level index="1" path="1/c125.tif" mask="1/m125.tif"/>
        <level index="2" path="2/c125.tif" mask="2/m125.tif"/>
        <level index="3" path="3/c125.tif" mask="3/m125.tif"/>
        <level index="4" path="4/c125.tif" mask="4/m125.tif"/>
        <level index="5" path="5/c125.tif" mask="5/m125.tif"/>
        <level index="6" path="6/c125.tif" mask="6/m125.tif"/>
        <level index="7" path="7/c125.tif" mask="7/m125.tif"/>
        <level index="8" path="8/c125.tif" mask="8/m125.tif"/>
        <level index="9" path="9/c125.tif" mask="9/m125.tif"/>
      </pyramid>
    </image>
  </images>
</orthomosaic>
