<?xml version="1.0" encoding="UTF-8"?>
<depth_maps version="1.2.0">
  <blocks>
    <block path="data0.zip"/>
    <block path="data1.zip"/>
  </blocks>
  <meta>
    <property name="BuildDepthMaps/downscale" value="4"/>
    <property name="BuildDepthMaps/duration" value="8024.914"/>
    <property name="BuildDepthMaps/filter_mode" value="0"/>
    <property name="BuildDepthMaps/max_neighbors" value="16"/>
    <property name="BuildDepthMaps/max_workgroup_size" value="100"/>
    <property name="BuildDepthMaps/ram_used" value="370601984"/>
    <property name="BuildDepthMaps/reuse_depth" value="false"/>
    <property name="BuildDepthMaps/subdivide_task" value="true"/>
    <property name="BuildDepthMaps/workitem_size_cameras" value="20"/>
    <property name="Info/LastSavedDateTime" value="2025:12:08 03:18:50"/>
    <property name="Info/LastSavedSoftwareVersion" value="2.2.1.20019"/>
    <property name="Info/OriginalDateTime" value="2025:12:07 17:55:03"/>
    <property name="Info/OriginalSoftwareVersion" value="2.2.1.20019"/>
  </meta>
</depth_maps>
