<?xml version="1.0" encoding="UTF-8"?>
<orthomosaic version="1.2.0">
  <images level_count="10">
    <image id="0">
      <extent>
        <left>-1.9602999600000002</left>
        <top>4.3345278</top>
        <right>3.32704296</right>
        <bottom>-0.37878305999999995</bottom>
      </extent>
      <center>
        <x>-6.1592067427352397</x>
        <y>4.4762413395792429</y>
      </center>
      <pyramid>
        <level index="0" path="0/c0.tif" mask="0/m0.tif"/>
        <level index="1" path="1/c0.tif" mask="1/m0.tif"/>
        <level index="2" path="2/c0.tif" mask="2/m0.tif"/>
        <level index="3" path="3/c0.tif" mask="3/m0.tif"/>
        <level index="4" path="4/c0.tif" mask="4/m0.tif"/>
        <level index="5" path="5/c0.tif" mask="5/m0.tif"/>
        <level index="6" path="6/c0.tif" mask="6/m0.tif"/>
        <level index="7" path="7/c0.tif" mask="7/m0.tif"/>
        <level index="8" path="8/c0.tif" mask="8/m0.tif"/>
        <level index="9" path="9/c0.tif" mask="9/m0.tif"/>
      </pyramid>
    </image>
    <image id="2">
      <extent>
        <left>-1.9602999600000002</left>
        <top>4.3345278</top>
        <right>3.4051425599999998</right>
        <bottom>-0.37878305999999995</bottom>
      </extent>
      <center>
        <x>-6.1212334326329358</x>
        <y>3.8554655235854836</y>
      </center>
      <pyramid>
        <level index="0" path="0/c2.tif" mask="0/m2.tif"/>
        <level index="1" path="1/c2.tif" mask="1/m2.tif"/>
        <level index="2" path="2/c2.tif" mask="2/m2.tif"/>
        <level index="3" path="3/c2.tif" mask="3/m2.tif"/>
        <level index="4" path="4/c2.tif" mask="4/m2.tif"/>
        <level index="5" path="5/c2.tif" mask="5/m2.tif"/>
        <level index="6" path="6/c2.tif" mask="6/m2.tif"/>
        <level index="7" path="7/c2.tif" mask="7/m2.tif"/>
        <level index="8" path="8/c2.tif" mask="8/m2.tif"/>
        <level index="9" path="9/c2.tif" mask="9/m2.tif"/>
      </pyramid>
    </image>
    <image id="1">
      <extent>
        <left>-1.9602999600000002</left>
        <top>4.3345278</top>
        <right>3.3231379799999994</right>
        <bottom>-0.37878305999999995</bottom>
      </extent>
      <center>
        <x>-6.1586196962504349</x>
        <y>4.2765985326048339</y>
      </center>
      <pyramid>
        <level index="0" path="0/c1.tif" mask="0/m1.tif"/>
        <level index="1" path="1/c1.tif" mask="1/m1.tif"/>
        <level index="2" path="2/c1.tif" mask="2/m1.tif"/>
        <level index="3" path="3/c1.tif" mask="3/m1.tif"/>
        <level index="4" path="4/c1.tif" mask="4/m1.tif"/>
        <level index="5" path="5/c1.tif" mask="5/m1.tif"/>
        <level index="6" path="6/c1.tif" mask="6/m1.tif"/>
        <level index="7" path="7/c1.tif" mask="7/m1.tif"/>
        <level index="8" path="8/c1.tif" mask="8/m1.tif"/>
        <level index="9" path="9/c1.tif" mask="9/m1.tif"/>
      </pyramid>
    </image>
    <image id="3">
      <extent>
        <left>-1.9602999600000002</left>
        <top>4.3345278</top>
        <right>3.4188099899999997</right>
        <bottom>-0.37878305999999995</bottom>
      </extent>
      <center>
        <x>-6.0363014053758457</x>
        <y>3.4355625659690023</y>
      </center>
      <pyramid>
        <level index="0" path="0/c3.tif" mask="0/m3.tif"/>
        <level index="1" path="1/c3.tif" mask="1/m3.tif"/>
        <level index="2" path="2/c3.tif" mask="2/m3.tif"/>
        <level index="3" path="3/c3.tif" mask="3/m3.tif"/>
        <level index="4" path="4/c3.tif" mask="4/m3.tif"/>
        <level index="5" path="5/c3.tif" mask="5/m3.tif"/>
        <level index="6" path="6/c3.tif" mask="6/m3.tif"/>
        <level index="7" path="7/c3.tif" mask="7/m3.tif"/>
        <level index="8" path="8/c3.tif" mask="8/m3.tif"/>
        <level index="9" path="9/c3.tif" mask="9/m3.tif"/>
      </pyramid>
    </image>
    <image id="4">
      <extent>
        <left>-1.9524900000000003</left>
        <top>4.3325753100000002</top>
        <right>3.4207624800000005</right>
        <bottom>-0.37878305999999995</bottom>
      </extent>
      <center>
        <x>-5.7850885164184875</x>
        <y>2.7493488488172195</y>
      </center>
      <pyramid>
        <level index="0" path="0/c4.tif" mask="0/m4.tif"/>
        <level index="1" path="1/c4.tif" mask="1/m4.tif"/>
        <level index="2" path="2/c4.tif" mask="2/m4.tif"/>
        <level index="3" path="3/c4.tif" mask="3/m4.tif"/>
        <level index="4" path="4/c4.tif" mask="4/m4.tif"/>
        <level index="5" path="5/c4.tif" mask="5/m4.tif"/>
        <level index="6" path="6/c4.tif" mask="6/m4.tif"/>
        <level index="7" path="7/c4.tif" mask="7/m4.tif"/>
        <level index="8" path="8/c4.tif" mask="8/m4.tif"/>
        <level index="9" path="9/c4.tif" mask="9/m4.tif"/>
      </pyramid>
    </image>
    <image id="5">
      <extent>
        <left>-1.9407750600000002</left>
        <top>4.3267178399999997</top>
        <right>3.4207624800000005</right>
        <bottom>-0.37878306000000084</bottom>
      </extent>
      <center>
        <x>-5.4309360218748441</x>
        <y>2.1423825628911937</y>
      </center>
      <pyramid>
        <level index="0" path="0/c5.tif" mask="0/m5.tif"/>
        <level index="1" path="1/c5.tif" mask="1/m5.tif"/>
        <level index="2" path="2/c5.tif" mask="2/m5.tif"/>
        <level index="3" path="3/c5.tif" mask="3/m5.tif"/>
        <level index="4" path="4/c5.tif" mask="4/m5.tif"/>
        <level index="5" path="5/c5.tif" mask="5/m5.tif"/>
        <level index="6" path="6/c5.tif" mask="6/m5.tif"/>
        <level index="7" path="7/c5.tif" mask="7/m5.tif"/>
        <level index="8" path="8/c5.tif" mask="8/m5.tif"/>
        <level index="9" path="9/c5.tif" mask="9/m5.tif"/>
      </pyramid>
    </image>
    <image id="6">
      <extent>
        <left>-1.9407750600000002</left>
        <top>4.27204812</top>
        <right>3.4227149700000004</right>
        <bottom>-0.37878305999999995</bottom>
      </extent>
      <center>
        <x>-4.861369837701095</x>
        <y>1.4730228703981187</y>
      </center>
      <pyramid>
        <level index="0" path="0/c6.tif" mask="0/m6.tif"/>
        <level index="1" path="1/c6.tif" mask="1/m6.tif"/>
        <level index="2" path="2/c6.tif" mask="2/m6.tif"/>
        <level index="3" path="3/c6.tif" mask="3/m6.tif"/>
        <level index="4" path="4/c6.tif" mask="4/m6.tif"/>
        <level index="5" path="5/c6.tif" mask="5/m6.tif"/>
        <level index="6" path="6/c6.tif" mask="6/m6.tif"/>
        <level index="7" path="7/c6.tif" mask="7/m6.tif"/>
        <level index="8" path="8/c6.tif" mask="8/m6.tif"/>
        <level index="9" path="9/c6.tif" mask="9/m6.tif"/>
      </pyramid>
    </image>
    <image id="7">
      <extent>
        <left>-1.9524900000000003</left>
        <top>4.32281286</top>
        <right>3.4227149700000004</right>
        <bottom>-0.37878305999999995</bottom>
      </extent>
      <center>
        <x>-4.3742386598585181</x>
        <y>1.0475803827535115</y>
      </center>
      <pyramid>
        <level index="0" path="0/c7.tif" mask="0/m7.tif"/>
        <level index="1" path="1/c7.tif" mask="1/m7.tif"/>
        <level index="2" path="2/c7.tif" mask="2/m7.tif"/>
        <level index="3" path="3/c7.tif" mask="3/m7.tif"/>
        <level index="4" path="4/c7.tif" mask="4/m7.tif"/>
        <level index="5" path="5/c7.tif" mask="5/m7.tif"/>
        <level index="6" path="6/c7.tif" mask="6/m7.tif"/>
        <level index="7" path="7/c7.tif" mask="7/m7.tif"/>
        <level index="8" path="8/c7.tif" mask="8/m7.tif"/>
        <level index="9" path="9/c7.tif" mask="9/m7.tif"/>
      </pyramid>
    </image>
    <image id="8">
      <extent>
        <left>-1.9602999600000002</left>
        <top>4.3325753100000002</top>
        <right>3.4227149699999995</right>
        <bottom>-0.37878305999999995</bottom>
      </extent>
      <center>
        <x>-3.7582687077576531</x>
        <y>0.6319406452760904</y>
      </center>
      <pyramid>
        <level index="0" path="0/c8.tif" mask="0/m8.tif"/>
        <level index="1" path="1/c8.tif" mask="1/m8.tif"/>
        <level index="2" path="2/c8.tif" mask="2/m8.tif"/>
        <level index="3" path="3/c8.tif" mask="3/m8.tif"/>
        <level index="4" path="4/c8.tif" mask="4/m8.tif"/>
        <level index="5" path="5/c8.tif" mask="5/m8.tif"/>
        <level index="6" path="6/c8.tif" mask="6/m8.tif"/>
        <level index="7" path="7/c8.tif" mask="7/m8.tif"/>
        <level index="8" path="8/c8.tif" mask="8/m8.tif"/>
        <level index="9" path="9/c8.tif" mask="9/m8.tif"/>
      </pyramid>
    </image>
    <image id="9">
      <extent>
        <left>-1.9602999600000002</left>
        <top>4.3325753100000002</top>
        <right>3.4227149699999995</right>
        <bottom>-0.37878305999999995</bottom>
      </extent>
      <center>
        <x>-3.1200633726497506</x>
        <y>0.30581629834985169</y>
      </center>
      <pyramid>
        <level index="0" path="0/c9.tif" mask="0/m9.tif"/>
        <level index="1" path="1/c9.tif" mask="1/m9.tif"/>
        <level index="2" path="2/c9.tif" mask="2/m9.tif"/>
        <level index="3" path="3/c9.tif" mask="3/m9.tif"/>
        <level index="4" path="4/c9.tif" mask="4/m9.tif"/>
        <level index="5" path="5/c9.tif" mask="5/m9.tif"/>
        <level index="6" path="6/c9.tif" mask="6/m9.tif"/>
        <level index="7" path="7/c9.tif" mask="7/m9.tif"/>
        <level index="8" path="8/c9.tif" mask="8/m9.tif"/>
        <level index="9" path="9/c9.tif" mask="9/m9.tif"/>
      </pyramid>
    </image>
    <image id="11">
      <extent>
        <left>-1.9602999600000002</left>
        <top>4.3247653499999998</top>
        <right>3.4305249299999998</right>
        <bottom>-0.37878305999999995</bottom>
      </extent>
      <center>
        <x>-1.3163660878947259</x>
        <y>-0.24628550452329701</y>
      </center>
      <pyramid>
        <level index="0" path="0/c11.tif" mask="0/m11.tif"/>
        <level index="1" path="1/c11.tif" mask="1/m11.tif"/>
        <level index="2" path="2/c11.tif" mask="2/m11.tif"/>
        <level index="3" path="3/c11.tif" mask="3/m11.tif"/>
        <level index="4" path="4/c11.tif" mask="4/m11.tif"/>
        <level index="5" path="5/c11.tif" mask="5/m11.tif"/>
        <level index="6" path="6/c11.tif" mask="6/m11.tif"/>
        <level index="7" path="7/c11.tif" mask="7/m11.tif"/>
        <level index="8" path="8/c11.tif" mask="8/m11.tif"/>
        <level index="9" path="9/c11.tif" mask="9/m11.tif"/>
      </pyramid>
    </image>
    <image id="10">
      <extent>
        <left>-1.9602999600000002</left>
        <top>4.3325753100000002</top>
        <right>3.4227149699999995</right>
        <bottom>-0.37878305999999995</bottom>
      </extent>
      <center>
        <x>-2.2102388038132608</x>
        <y>-0.032825112211059188</y>
      </center>
      <pyramid>
        <level index="0" path="0/c10.tif" mask="0/m10.tif"/>
        <level index="1" path="1/c10.tif" mask="1/m10.tif"/>
        <level index="2" path="2/c10.tif" mask="2/m10.tif"/>
        <level index="3" path="3/c10.tif" mask="3/m10.tif"/>
        <level index="4" path="4/c10.tif" mask="4/m10.tif"/>
        <level index="5" path="5/c10.tif" mask="5/m10.tif"/>
        <level index="6" path="6/c10.tif" mask="6/m10.tif"/>
        <level index="7" path="7/c10.tif" mask="7/m10.tif"/>
        <level index="8" path="8/c10.tif" mask="8/m10.tif"/>
        <level index="9" path="9/c10.tif" mask="9/m10.tif"/>
      </pyramid>
    </image>
    <image id="12">
      <extent>
        <left>-1.8919628100000001</left>
        <top>4.3286703300000005</top>
        <right>3.44028738</right>
        <bottom>-0.37878305999999906</bottom>
      </extent>
      <center>
        <x>0.026002176645423133</x>
        <y>-0.38386291077153578</y>
      </center>
      <pyramid>
        <level index="0" path="0/c12.tif" mask="0/m12.tif"/>
        <level index="1" path="1/c12.tif" mask="1/m12.tif"/>
        <level index="2" path="2/c12.tif" mask="2/m12.tif"/>
        <level index="3" path="3/c12.tif" mask="3/m12.tif"/>
        <level index="4" path="4/c12.tif" mask="4/m12.tif"/>
        <level index="5" path="5/c12.tif" mask="5/m12.tif"/>
        <level index="6" path="6/c12.tif" mask="6/m12.tif"/>
        <level index="7" path="7/c12.tif" mask="7/m12.tif"/>
        <level index="8" path="8/c12.tif" mask="8/m12.tif"/>
        <level index="9" path="9/c12.tif" mask="9/m12.tif"/>
      </pyramid>
    </image>
    <image id="13">
      <extent>
        <left>-1.8880578300000002</left>
        <top>4.3286703300000005</top>
        <right>3.4500498300000002</right>
        <bottom>-0.37878305999999906</bottom>
      </extent>
      <center>
        <x>0.94318640685118005</x>
        <y>-0.36166598866657407</y>
      </center>
      <pyramid>
        <level index="0" path="0/c13.tif" mask="0/m13.tif"/>
        <level index="1" path="1/c13.tif" mask="1/m13.tif"/>
        <level index="2" path="2/c13.tif" mask="2/m13.tif"/>
        <level index="3" path="3/c13.tif" mask="3/m13.tif"/>
        <level index="4" path="4/c13.tif" mask="4/m13.tif"/>
        <level index="5" path="5/c13.tif" mask="5/m13.tif"/>
        <level index="6" path="6/c13.tif" mask="6/m13.tif"/>
        <level index="7" path="7/c13.tif" mask="7/m13.tif"/>
        <level index="8" path="8/c13.tif" mask="8/m13.tif"/>
        <level index="9" path="9/c13.tif" mask="9/m13.tif"/>
      </pyramid>
    </image>
    <image id="14">
      <extent>
        <left>-1.8802478700000003</left>
        <top>4.3286703300000005</top>
        <right>3.4637172599999997</right>
        <bottom>-0.37878305999999906</bottom>
      </extent>
      <center>
        <x>1.840838925477694</x>
        <y>-0.24643973462433555</y>
      </center>
      <pyramid>
        <level index="0" path="0/c14.tif" mask="0/m14.tif"/>
        <level index="1" path="1/c14.tif" mask="1/m14.tif"/>
        <level index="2" path="2/c14.tif" mask="2/m14.tif"/>
        <level index="3" path="3/c14.tif" mask="3/m14.tif"/>
        <level index="4" path="4/c14.tif" mask="4/m14.tif"/>
        <level index="5" path="5/c14.tif" mask="5/m14.tif"/>
        <level index="6" path="6/c14.tif" mask="6/m14.tif"/>
        <level index="7" path="7/c14.tif" mask="7/m14.tif"/>
        <level index="8" path="8/c14.tif" mask="8/m14.tif"/>
        <level index="9" path="9/c14.tif" mask="9/m14.tif"/>
      </pyramid>
    </image>
    <image id="15">
      <extent>
        <left>-1.8802478700000003</left>
        <top>4.3286703300000005</top>
        <right>3.4656697499999995</right>
        <bottom>-0.37878305999999906</bottom>
      </extent>
      <center>
        <x>2.4326283703225142</x>
        <y>-0.11983142963452746</y>
      </center>
      <pyramid>
        <level index="0" path="0/c15.tif" mask="0/m15.tif"/>
        <level index="1" path="1/c15.tif" mask="1/m15.tif"/>
        <level index="2" path="2/c15.tif" mask="2/m15.tif"/>
        <level index="3" path="3/c15.tif" mask="3/m15.tif"/>
        <level index="4" path="4/c15.tif" mask="4/m15.tif"/>
        <level index="5" path="5/c15.tif" mask="5/m15.tif"/>
        <level index="6" path="6/c15.tif" mask="6/m15.tif"/>
        <level index="7" path="7/c15.tif" mask="7/m15.tif"/>
        <level index="8" path="8/c15.tif" mask="8/m15.tif"/>
        <level index="9" path="9/c15.tif" mask="9/m15.tif"/>
      </pyramid>
    </image>
    <image id="16">
      <extent>
        <left>-1.8802478700000003</left>
        <top>4.3286703300000005</top>
        <right>3.4676222400000003</right>
        <bottom>-0.37878305999999906</bottom>
      </extent>
      <center>
        <x>2.9941732491808475</x>
        <y>0.039425765271729543</y>
      </center>
      <pyramid>
        <level index="0" path="0/c16.tif" mask="0/m16.tif"/>
        <level index="1" path="1/c16.tif" mask="1/m16.tif"/>
        <level index="2" path="2/c16.tif" mask="2/m16.tif"/>
        <level index="3" path="3/c16.tif" mask="3/m16.tif"/>
        <level index="4" path="4/c16.tif" mask="4/m16.tif"/>
        <level index="5" path="5/c16.tif" mask="5/m16.tif"/>
        <level index="6" path="6/c16.tif" mask="6/m16.tif"/>
        <level index="7" path="7/c16.tif" mask="7/m16.tif"/>
        <level index="8" path="8/c16.tif" mask="8/m16.tif"/>
        <level index="9" path="9/c16.tif" mask="9/m16.tif"/>
      </pyramid>
    </image>
    <image id="17">
      <extent>
        <left>-1.8802478700000003</left>
        <top>4.3325753100000002</top>
        <right>3.4676222400000003</right>
        <bottom>-0.37292559000000036</bottom>
      </extent>
      <center>
        <x>3.7484814675727751</x>
        <y>0.32093191753339784</y>
      </center>
      <pyramid>
        <level index="0" path="0/c17.tif" mask="0/m17.tif"/>
        <level index="1" path="1/c17.tif" mask="1/m17.tif"/>
        <level index="2" path="2/c17.tif" mask="2/m17.tif"/>
        <level index="3" path="3/c17.tif" mask="3/m17.tif"/>
        <level index="4" path="4/c17.tif" mask="4/m17.tif"/>
        <level index="5" path="5/c17.tif" mask="5/m17.tif"/>
        <level index="6" path="6/c17.tif" mask="6/m17.tif"/>
        <level index="7" path="7/c17.tif" mask="7/m17.tif"/>
        <level index="8" path="8/c17.tif" mask="8/m17.tif"/>
        <level index="9" path="9/c17.tif" mask="9/m17.tif"/>
      </pyramid>
    </image>
  </images>
</orthomosaic>
