<?xml version="1.0" encoding="UTF-8"?>
<orthomosaic version="1.2.0">
  <images level_count="10">
    <image id="88">
      <extent>
        <left>-1.3760000099999998</left>
        <top>2.6430350099999993</top>
        <right>1.6268729399999997</right>
        <bottom>-1.60913445</bottom>
      </extent>
      <center>
        <x>-3.2385896544545187</x>
        <y>4.9585854093798387</y>
      </center>
      <pyramid>
        <level index="0" path="0/c88.tif" mask="0/m88.tif"/>
        <level index="1" path="1/c88.tif" mask="1/m88.tif"/>
        <level index="2" path="2/c88.tif" mask="2/m88.tif"/>
        <level index="3" path="3/c88.tif" mask="3/m88.tif"/>
        <level index="4" path="4/c88.tif" mask="4/m88.tif"/>
        <level index="5" path="5/c88.tif" mask="5/m88.tif"/>
        <level index="6" path="6/c88.tif" mask="6/m88.tif"/>
        <level index="7" path="7/c88.tif" mask="7/m88.tif"/>
        <level index="8" path="8/c88.tif" mask="8/m88.tif"/>
        <level index="9" path="9/c88.tif" mask="9/m88.tif"/>
      </pyramid>
    </image>
    <image id="90">
      <extent>
        <left>-1.3760000099999998</left>
        <top>2.6430350099999993</top>
        <right>1.6268729399999997</right>
        <bottom>-1.6218048000000005</bottom>
      </extent>
      <center>
        <x>-4.3912615548155243</x>
        <y>4.7199238170259212</y>
      </center>
      <pyramid>
        <level index="0" path="0/c90.tif" mask="0/m90.tif"/>
        <level index="1" path="1/c90.tif" mask="1/m90.tif"/>
        <level index="2" path="2/c90.tif" mask="2/m90.tif"/>
        <level index="3" path="3/c90.tif" mask="3/m90.tif"/>
        <level index="4" path="4/c90.tif" mask="4/m90.tif"/>
        <level index="5" path="5/c90.tif" mask="5/m90.tif"/>
        <level index="6" path="6/c90.tif" mask="6/m90.tif"/>
        <level index="7" path="7/c90.tif" mask="7/m90.tif"/>
        <level index="8" path="8/c90.tif" mask="8/m90.tif"/>
        <level index="9" path="9/c90.tif" mask="9/m90.tif"/>
      </pyramid>
    </image>
    <image id="89">
      <extent>
        <left>-1.3760000099999998</left>
        <top>2.6430350099999993</top>
        <right>1.6268729399999997</right>
        <bottom>-1.60913445</bottom>
      </extent>
      <center>
        <x>-3.6942393068333321</x>
        <y>4.8767149677515089</y>
      </center>
      <pyramid>
        <level index="0" path="0/c89.tif" mask="0/m89.tif"/>
        <level index="1" path="1/c89.tif" mask="1/m89.tif"/>
        <level index="2" path="2/c89.tif" mask="2/m89.tif"/>
        <level index="3" path="3/c89.tif" mask="3/m89.tif"/>
        <level index="4" path="4/c89.tif" mask="4/m89.tif"/>
        <level index="5" path="5/c89.tif" mask="5/m89.tif"/>
        <level index="6" path="6/c89.tif" mask="6/m89.tif"/>
        <level index="7" path="7/c89.tif" mask="7/m89.tif"/>
        <level index="8" path="8/c89.tif" mask="8/m89.tif"/>
        <level index="9" path="9/c89.tif" mask="9/m89.tif"/>
      </pyramid>
    </image>
    <image id="91">
      <extent>
        <left>-1.3760000099999998</left>
        <top>2.6430350099999993</top>
        <right>1.6268729399999997</right>
        <bottom>-1.6218048000000005</bottom>
      </extent>
      <center>
        <x>-5.1328898364312137</x>
        <y>4.487640162063335</y>
      </center>
      <pyramid>
        <level index="0" path="0/c91.tif" mask="0/m91.tif"/>
        <level index="1" path="1/c91.tif" mask="1/m91.tif"/>
        <level index="2" path="2/c91.tif" mask="2/m91.tif"/>
        <level index="3" path="3/c91.tif" mask="3/m91.tif"/>
        <level index="4" path="4/c91.tif" mask="4/m91.tif"/>
        <level index="5" path="5/c91.tif" mask="5/m91.tif"/>
        <level index="6" path="6/c91.tif" mask="6/m91.tif"/>
        <level index="7" path="7/c91.tif" mask="7/m91.tif"/>
        <level index="8" path="8/c91.tif" mask="8/m91.tif"/>
        <level index="9" path="9/c91.tif" mask="9/m91.tif"/>
      </pyramid>
    </image>
    <image id="92">
      <extent>
        <left>-1.3760000099999998</left>
        <top>2.6075580299999994</top>
        <right>1.5027035099999995</right>
        <bottom>-1.6218048</bottom>
      </extent>
      <center>
        <x>-5.8904380024215133</x>
        <y>4.1408334608538677</y>
      </center>
      <pyramid>
        <level index="0" path="0/c92.tif" mask="0/m92.tif"/>
        <level index="1" path="1/c92.tif" mask="1/m92.tif"/>
        <level index="2" path="2/c92.tif" mask="2/m92.tif"/>
        <level index="3" path="3/c92.tif" mask="3/m92.tif"/>
        <level index="4" path="4/c92.tif" mask="4/m92.tif"/>
        <level index="5" path="5/c92.tif" mask="5/m92.tif"/>
        <level index="6" path="6/c92.tif" mask="6/m92.tif"/>
        <level index="7" path="7/c92.tif" mask="7/m92.tif"/>
        <level index="8" path="8/c92.tif" mask="8/m92.tif"/>
        <level index="9" path="9/c92.tif" mask="9/m92.tif"/>
      </pyramid>
    </image>
    <image id="93">
      <extent>
        <left>-1.3760000099999998</left>
        <top>2.6075580299999994</top>
        <right>1.5027035099999995</right>
        <bottom>-1.9106887799999996</bottom>
      </extent>
      <center>
        <x>-6.4229052026202966</x>
        <y>3.7724014401398756</y>
      </center>
      <pyramid>
        <level index="0" path="0/c93.tif" mask="0/m93.tif"/>
        <level index="1" path="1/c93.tif" mask="1/m93.tif"/>
        <level index="2" path="2/c93.tif" mask="2/m93.tif"/>
        <level index="3" path="3/c93.tif" mask="3/m93.tif"/>
        <level index="4" path="4/c93.tif" mask="4/m93.tif"/>
        <level index="5" path="5/c93.tif" mask="5/m93.tif"/>
        <level index="6" path="6/c93.tif" mask="6/m93.tif"/>
        <level index="7" path="7/c93.tif" mask="7/m93.tif"/>
        <level index="8" path="8/c93.tif" mask="8/m93.tif"/>
        <level index="9" path="9/c93.tif" mask="9/m93.tif"/>
      </pyramid>
    </image>
    <image id="94">
      <extent>
        <left>-1.3760000099999998</left>
        <top>2.6075580299999994</top>
        <right>1.4798968799999996</right>
        <bottom>-1.9258931999999995</bottom>
      </extent>
      <center>
        <x>-6.7711954393565517</x>
        <y>3.3611251487960048</y>
      </center>
      <pyramid>
        <level index="0" path="0/c94.tif" mask="0/m94.tif"/>
        <level index="1" path="1/c94.tif" mask="1/m94.tif"/>
        <level index="2" path="2/c94.tif" mask="2/m94.tif"/>
        <level index="3" path="3/c94.tif" mask="3/m94.tif"/>
        <level index="4" path="4/c94.tif" mask="4/m94.tif"/>
        <level index="5" path="5/c94.tif" mask="5/m94.tif"/>
        <level index="6" path="6/c94.tif" mask="6/m94.tif"/>
        <level index="7" path="7/c94.tif" mask="7/m94.tif"/>
        <level index="8" path="8/c94.tif" mask="8/m94.tif"/>
        <level index="9" path="9/c94.tif" mask="9/m94.tif"/>
      </pyramid>
    </image>
    <image id="95">
      <extent>
        <left>-1.3760000099999998</left>
        <top>2.6075580299999994</top>
        <right>1.4798968799999996</right>
        <bottom>-1.9258931999999995</bottom>
      </extent>
      <center>
        <x>-6.8813101922040172</x>
        <y>3.1076674956026817</y>
      </center>
      <pyramid>
        <level index="0" path="0/c95.tif" mask="0/m95.tif"/>
        <level index="1" path="1/c95.tif" mask="1/m95.tif"/>
        <level index="2" path="2/c95.tif" mask="2/m95.tif"/>
        <level index="3" path="3/c95.tif" mask="3/m95.tif"/>
        <level index="4" path="4/c95.tif" mask="4/m95.tif"/>
        <level index="5" path="5/c95.tif" mask="5/m95.tif"/>
        <level index="6" path="6/c95.tif" mask="6/m95.tif"/>
        <level index="7" path="7/c95.tif" mask="7/m95.tif"/>
        <level index="8" path="8/c95.tif" mask="8/m95.tif"/>
        <level index="9" path="9/c95.tif" mask="9/m95.tif"/>
      </pyramid>
    </image>
    <image id="98">
      <extent>
        <left>-1.3760000099999998</left>
        <top>2.6075580299999994</top>
        <right>0.77795948999999975</right>
        <bottom>-2.0120515800000001</bottom>
      </extent>
      <center>
        <x>-6.8218327885224612</x>
        <y>2.413103729001175</y>
      </center>
      <pyramid>
        <level index="0" path="0/c98.tif" mask="0/m98.tif"/>
        <level index="1" path="1/c98.tif" mask="1/m98.tif"/>
        <level index="2" path="2/c98.tif" mask="2/m98.tif"/>
        <level index="3" path="3/c98.tif" mask="3/m98.tif"/>
        <level index="4" path="4/c98.tif" mask="4/m98.tif"/>
        <level index="5" path="5/c98.tif" mask="5/m98.tif"/>
        <level index="6" path="6/c98.tif" mask="6/m98.tif"/>
        <level index="7" path="7/c98.tif" mask="7/m98.tif"/>
        <level index="8" path="8/c98.tif" mask="8/m98.tif"/>
        <level index="9" path="9/c98.tif" mask="9/m98.tif"/>
      </pyramid>
    </image>
    <image id="96">
      <extent>
        <left>-1.3760000099999998</left>
        <top>2.6075580299999994</top>
        <right>1.4621583899999999</right>
        <bottom>-1.9664383199999995</bottom>
      </extent>
      <center>
        <x>-6.9130035391949365</x>
        <y>2.9033940421069611</y>
      </center>
      <pyramid>
        <level index="0" path="0/c96.tif" mask="0/m96.tif"/>
        <level index="1" path="1/c96.tif" mask="1/m96.tif"/>
        <level index="2" path="2/c96.tif" mask="2/m96.tif"/>
        <level index="3" path="3/c96.tif" mask="3/m96.tif"/>
        <level index="4" path="4/c96.tif" mask="4/m96.tif"/>
        <level index="5" path="5/c96.tif" mask="5/m96.tif"/>
        <level index="6" path="6/c96.tif" mask="6/m96.tif"/>
        <level index="7" path="7/c96.tif" mask="7/m96.tif"/>
        <level index="8" path="8/c96.tif" mask="8/m96.tif"/>
        <level index="9" path="9/c96.tif" mask="9/m96.tif"/>
      </pyramid>
    </image>
    <image id="99">
      <extent>
        <left>-1.3760000099999998</left>
        <top>2.6278305899999994</top>
        <right>0.92493554999999983</right>
        <bottom>-2.0120515799999996</bottom>
      </extent>
      <center>
        <x>-6.6175469589129348</x>
        <y>2.0551360074036511</y>
      </center>
      <pyramid>
        <level index="0" path="0/c99.tif" mask="0/m99.tif"/>
        <level index="1" path="1/c99.tif" mask="1/m99.tif"/>
        <level index="2" path="2/c99.tif" mask="2/m99.tif"/>
        <level index="3" path="3/c99.tif" mask="3/m99.tif"/>
        <level index="4" path="4/c99.tif" mask="4/m99.tif"/>
        <level index="5" path="5/c99.tif" mask="5/m99.tif"/>
        <level index="6" path="6/c99.tif" mask="6/m99.tif"/>
        <level index="7" path="7/c99.tif" mask="7/m99.tif"/>
        <level index="8" path="8/c99.tif" mask="8/m99.tif"/>
        <level index="9" path="9/c99.tif" mask="9/m99.tif"/>
      </pyramid>
    </image>
    <image id="97">
      <extent>
        <left>-1.3760000099999998</left>
        <top>2.6075580299999994</top>
        <right>0.75768692999999976</right>
        <bottom>-2.0120515800000001</bottom>
      </extent>
      <center>
        <x>-6.8922013939103168</x>
        <y>2.6306444047186415</y>
      </center>
      <pyramid>
        <level index="0" path="0/c97.tif" mask="0/m97.tif"/>
        <level index="1" path="1/c97.tif" mask="1/m97.tif"/>
        <level index="2" path="2/c97.tif" mask="2/m97.tif"/>
        <level index="3" path="3/c97.tif" mask="3/m97.tif"/>
        <level index="4" path="4/c97.tif" mask="4/m97.tif"/>
        <level index="5" path="5/c97.tif" mask="5/m97.tif"/>
        <level index="6" path="6/c97.tif" mask="6/m97.tif"/>
        <level index="7" path="7/c97.tif" mask="7/m97.tif"/>
        <level index="8" path="8/c97.tif" mask="8/m97.tif"/>
        <level index="9" path="9/c97.tif" mask="9/m97.tif"/>
      </pyramid>
    </image>
    <image id="100">
      <extent>
        <left>-1.3709318699999997</left>
        <top>2.6430350099999993</top>
        <right>1.6395432899999998</right>
        <bottom>-2.0171197200000002</bottom>
      </extent>
      <center>
        <x>-0.52855092420488359</x>
        <y>2.2472172759447</y>
      </center>
      <pyramid>
        <level index="0" path="0/c100.tif" mask="0/m100.tif"/>
        <level index="1" path="1/c100.tif" mask="1/m100.tif"/>
        <level index="2" path="2/c100.tif" mask="2/m100.tif"/>
        <level index="3" path="3/c100.tif" mask="3/m100.tif"/>
        <level index="4" path="4/c100.tif" mask="4/m100.tif"/>
        <level index="5" path="5/c100.tif" mask="5/m100.tif"/>
        <level index="6" path="6/c100.tif" mask="6/m100.tif"/>
        <level index="7" path="7/c100.tif" mask="7/m100.tif"/>
        <level index="8" path="8/c100.tif" mask="8/m100.tif"/>
        <level index="9" path="9/c100.tif" mask="9/m100.tif"/>
      </pyramid>
    </image>
    <image id="101">
      <extent>
        <left>-1.3379889599999999</left>
        <top>2.6430350099999993</top>
        <right>1.6395432899999995</right>
        <bottom>-2.0171197200000002</bottom>
      </extent>
      <center>
        <x>1.417392073636234</x>
        <y>2.1974893816740102</y>
      </center>
      <pyramid>
        <level index="0" path="0/c101.tif" mask="0/m101.tif"/>
        <level index="1" path="1/c101.tif" mask="1/m101.tif"/>
        <level index="2" path="2/c101.tif" mask="2/m101.tif"/>
        <level index="3" path="3/c101.tif" mask="3/m101.tif"/>
        <level index="4" path="4/c101.tif" mask="4/m101.tif"/>
        <level index="5" path="5/c101.tif" mask="5/m101.tif"/>
        <level index="6" path="6/c101.tif" mask="6/m101.tif"/>
        <level index="7" path="7/c101.tif" mask="7/m101.tif"/>
        <level index="8" path="8/c101.tif" mask="8/m101.tif"/>
        <level index="9" path="9/c101.tif" mask="9/m101.tif"/>
      </pyramid>
    </image>
    <image id="103">
      <extent>
        <left>-1.3126482599999998</left>
        <top>2.6430350099999993</top>
        <right>1.63954329</right>
        <bottom>-2.0171197200000002</bottom>
      </extent>
      <center>
        <x>2.8211359432427643</x>
        <y>2.2756557766295447</y>
      </center>
      <pyramid>
        <level index="0" path="0/c103.tif" mask="0/m103.tif"/>
        <level index="1" path="1/c103.tif" mask="1/m103.tif"/>
        <level index="2" path="2/c103.tif" mask="2/m103.tif"/>
        <level index="3" path="3/c103.tif" mask="3/m103.tif"/>
        <level index="4" path="4/c103.tif" mask="4/m103.tif"/>
        <level index="5" path="5/c103.tif" mask="5/m103.tif"/>
        <level index="6" path="6/c103.tif" mask="6/m103.tif"/>
        <level index="7" path="7/c103.tif" mask="7/m103.tif"/>
        <level index="8" path="8/c103.tif" mask="8/m103.tif"/>
        <level index="9" path="9/c103.tif" mask="9/m103.tif"/>
      </pyramid>
    </image>
    <image id="102">
      <extent>
        <left>-1.3354548899999998</left>
        <top>2.6430350099999993</top>
        <right>1.6395432899999998</right>
        <bottom>-2.0171197200000002</bottom>
      </extent>
      <center>
        <x>2.0626651756742147</x>
        <y>2.2192327432524492</y>
      </center>
      <pyramid>
        <level index="0" path="0/c102.tif" mask="0/m102.tif"/>
        <level index="1" path="1/c102.tif" mask="1/m102.tif"/>
        <level index="2" path="2/c102.tif" mask="2/m102.tif"/>
        <level index="3" path="3/c102.tif" mask="3/m102.tif"/>
        <level index="4" path="4/c102.tif" mask="4/m102.tif"/>
        <level index="5" path="5/c102.tif" mask="5/m102.tif"/>
        <level index="6" path="6/c102.tif" mask="6/m102.tif"/>
        <level index="7" path="7/c102.tif" mask="7/m102.tif"/>
        <level index="8" path="8/c102.tif" mask="8/m102.tif"/>
        <level index="9" path="9/c102.tif" mask="9/m102.tif"/>
      </pyramid>
    </image>
    <image id="104">
      <extent>
        <left>-1.2721031399999998</left>
        <top>2.6430350099999993</top>
        <right>1.63954329</right>
        <bottom>-2.0171197200000002</bottom>
      </extent>
      <center>
        <x>3.5102210170880275</x>
        <y>2.3626536489199714</y>
      </center>
      <pyramid>
        <level index="0" path="0/c104.tif" mask="0/m104.tif"/>
        <level index="1" path="1/c104.tif" mask="1/m104.tif"/>
        <level index="2" path="2/c104.tif" mask="2/m104.tif"/>
        <level index="3" path="3/c104.tif" mask="3/m104.tif"/>
        <level index="4" path="4/c104.tif" mask="4/m104.tif"/>
        <level index="5" path="5/c104.tif" mask="5/m104.tif"/>
        <level index="6" path="6/c104.tif" mask="6/m104.tif"/>
        <level index="7" path="7/c104.tif" mask="7/m104.tif"/>
        <level index="8" path="8/c104.tif" mask="8/m104.tif"/>
        <level index="9" path="9/c104.tif" mask="9/m104.tif"/>
      </pyramid>
    </image>
    <image id="105">
      <extent>
        <left>-1.1834106899999999</left>
        <top>2.6430350099999993</top>
        <right>1.63954329</right>
        <bottom>-2.0171197200000002</bottom>
      </extent>
      <center>
        <x>4.6276383433759074</x>
        <y>2.5778657383991894</y>
      </center>
      <pyramid>
        <level index="0" path="0/c105.tif" mask="0/m105.tif"/>
        <level index="1" path="1/c105.tif" mask="1/m105.tif"/>
        <level index="2" path="2/c105.tif" mask="2/m105.tif"/>
        <level index="3" path="3/c105.tif" mask="3/m105.tif"/>
        <level index="4" path="4/c105.tif" mask="4/m105.tif"/>
        <level index="5" path="5/c105.tif" mask="5/m105.tif"/>
        <level index="6" path="6/c105.tif" mask="6/m105.tif"/>
        <level index="7" path="7/c105.tif" mask="7/m105.tif"/>
        <level index="8" path="8/c105.tif" mask="8/m105.tif"/>
        <level index="9" path="9/c105.tif" mask="9/m105.tif"/>
      </pyramid>
    </image>
    <image id="106">
      <extent>
        <left>-1.1327292899999999</left>
        <top>2.6430350099999993</top>
        <right>1.6395432899999998</right>
        <bottom>-2.0171197200000002</bottom>
      </extent>
      <center>
        <x>5.4646286422901893</x>
        <y>2.829772048742909</y>
      </center>
      <pyramid>
        <level index="0" path="0/c106.tif" mask="0/m106.tif"/>
        <level index="1" path="1/c106.tif" mask="1/m106.tif"/>
        <level index="2" path="2/c106.tif" mask="2/m106.tif"/>
        <level index="3" path="3/c106.tif" mask="3/m106.tif"/>
        <level index="4" path="4/c106.tif" mask="4/m106.tif"/>
        <level index="5" path="5/c106.tif" mask="5/m106.tif"/>
        <level index="6" path="6/c106.tif" mask="6/m106.tif"/>
        <level index="7" path="7/c106.tif" mask="7/m106.tif"/>
        <level index="8" path="8/c106.tif" mask="8/m106.tif"/>
        <level index="9" path="9/c106.tif" mask="9/m106.tif"/>
      </pyramid>
    </image>
  </images>
</orthomosaic>
