<?xml version="1.0" encoding="UTF-8"?>
<depth_maps version="1.5.0">
  <depth_map camera_id="25" level="0" path="0/d25.exr">
    <calibration type="frame">
      <resolution width="756" height="1008"/>
      <f>778.65038137734155</f>
      <cx>0.097786989100768551</cx>
      <cy>-7.5438318510706495</cy>
    </calibration>
  </depth_map>
  <depth_map camera_id="25" level="1" path="1/d25.exr">
    <calibration type="frame">
      <resolution width="378" height="504"/>
      <f>389.32519068867077</f>
      <cx>0.048893494550384275</cx>
      <cy>-3.7719159255353247</cy>
    </calibration>
  </depth_map>
  <depth_map camera_id="25" level="2" path="2/d25.exr">
    <calibration type="frame">
      <resolution width="189" height="252"/>
      <f>194.66259534433539</f>
      <cx>0.024446747275192138</cx>
      <cy>-1.8859579627676624</cy>
    </calibration>
  </depth_map>
  <depth_map camera_id="26" level="0" path="0/d26.exr">
    <calibration type="frame">
      <resolution width="756" height="1008"/>
      <f>778.65038137734155</f>
      <cx>0.097786989100768551</cx>
      <cy>-7.5438318510706495</cy>
    </calibration>
  </depth_map>
  <depth_map camera_id="26" level="1" path="1/d26.exr">
    <calibration type="frame">
      <resolution width="378" height="504"/>
      <f>389.32519068867077</f>
      <cx>0.048893494550384275</cx>
      <cy>-3.7719159255353247</cy>
    </calibration>
  </depth_map>
  <depth_map camera_id="26" level="2" path="2/d26.exr">
    <calibration type="frame">
      <resolution width="189" height="252"/>
      <f>194.66259534433539</f>
      <cx>0.024446747275192138</cx>
      <cy>-1.8859579627676624</cy>
    </calibration>
  </depth_map>
  <depth_map camera_id="27" level="0" path="0/d27.exr">
    <calibration type="frame">
      <resolution width="756" height="1008"/>
      <f>778.65038137734155</f>
      <cx>0.097786989100768551</cx>
      <cy>-7.5438318510706495</cy>
    </calibration>
  </depth_map>
  <depth_map camera_id="27" level="1" path="1/d27.exr">
    <calibration type="frame">
      <resolution width="378" height="504"/>
      <f>389.32519068867077</f>
      <cx>0.048893494550384275</cx>
      <cy>-3.7719159255353247</cy>
    </calibration>
  </depth_map>
  <depth_map camera_id="27" level="2" path="2/d27.exr">
    <calibration type="frame">
      <resolution width="189" height="252"/>
      <f>194.66259534433539</f>
      <cx>0.024446747275192138</cx>
      <cy>-1.8859579627676624</cy>
    </calibration>
  </depth_map>
  <depth_map camera_id="28" level="0" path="0/d28.exr">
    <calibration type="frame">
      <resolution width="756" height="1008"/>
      <f>778.65038137734155</f>
      <cx>0.097786989100768551</cx>
      <cy>-7.5438318510706495</cy>
    </calibration>
  </depth_map>
  <depth_map camera_id="28" level="1" path="1/d28.exr">
    <calibration type="frame">
      <resolution width="378" height="504"/>
      <f>389.32519068867077</f>
      <cx>0.048893494550384275</cx>
      <cy>-3.7719159255353247</cy>
    </calibration>
  </depth_map>
  <depth_map camera_id="28" level="2" path="2/d28.exr">
    <calibration type="frame">
      <resolution width="189" height="252"/>
      <f>194.66259534433539</f>
      <cx>0.024446747275192138</cx>
      <cy>-1.8859579627676624</cy>
    </calibration>
  </depth_map>
  <depth_map camera_id="29" level="0" path="0/d29.exr">
    <calibration type="frame">
      <resolution width="756" height="1008"/>
      <f>778.65038137734155</f>
      <cx>0.097786989100768551</cx>
      <cy>-7.5438318510706495</cy>
    </calibration>
  </depth_map>
  <depth_map camera_id="29" level="1" path="1/d29.exr">
    <calibration type="frame">
      <resolution width="378" height="504"/>
      <f>389.32519068867077</f>
      <cx>0.048893494550384275</cx>
      <cy>-3.7719159255353247</cy>
    </calibration>
  </depth_map>
  <depth_map camera_id="29" level="2" path="2/d29.exr">
    <calibration type="frame">
      <resolution width="189" height="252"/>
      <f>194.66259534433539</f>
      <cx>0.024446747275192138</cx>
      <cy>-1.8859579627676624</cy>
    </calibration>
  </depth_map>
  <depth_map camera_id="30" level="0" path="0/d30.exr">
    <calibration type="frame">
      <resolution width="756" height="1008"/>
      <f>778.65038137734155</f>
      <cx>0.097786989100768551</cx>
      <cy>-7.5438318510706495</cy>
    </calibration>
  </depth_map>
  <depth_map camera_id="30" level="1" path="1/d30.exr">
    <calibration type="frame">
      <resolution width="378" height="504"/>
      <f>389.32519068867077</f>
      <cx>0.048893494550384275</cx>
      <cy>-3.7719159255353247</cy>
    </calibration>
  </depth_map>
  <depth_map camera_id="30" level="2" path="2/d30.exr">
    <calibration type="frame">
      <resolution width="189" height="252"/>
      <f>194.66259534433539</f>
      <cx>0.024446747275192138</cx>
      <cy>-1.8859579627676624</cy>
    </calibration>
  </depth_map>
  <depth_map camera_id="31" level="0" path="0/d31.exr">
    <calibration type="frame">
      <resolution width="756" height="1008"/>
      <f>778.65038137734155</f>
      <cx>0.097786989100768551</cx>
      <cy>-7.5438318510706495</cy>
    </calibration>
  </depth_map>
  <depth_map camera_id="31" level="1" path="1/d31.exr">
    <calibration type="frame">
      <resolution width="378" height="504"/>
      <f>389.32519068867077</f>
      <cx>0.048893494550384275</cx>
      <cy>-3.7719159255353247</cy>
    </calibration>
  </depth_map>
  <depth_map camera_id="31" level="2" path="2/d31.exr">
    <calibration type="frame">
      <resolution width="189" height="252"/>
      <f>194.66259534433539</f>
      <cx>0.024446747275192138</cx>
      <cy>-1.8859579627676624</cy>
    </calibration>
  </depth_map>
  <depth_map camera_id="32" level="0" path="0/d32.exr">
    <calibration type="frame">
      <resolution width="756" height="1008"/>
      <f>778.65038137734155</f>
      <cx>0.097786989100768551</cx>
      <cy>-7.5438318510706495</cy>
    </calibration>
  </depth_map>
  <depth_map camera_id="32" level="1" path="1/d32.exr">
    <calibration type="frame">
      <resolution width="378" height="504"/>
      <f>389.32519068867077</f>
      <cx>0.048893494550384275</cx>
      <cy>-3.7719159255353247</cy>
    </calibration>
  </depth_map>
  <depth_map camera_id="32" level="2" path="2/d32.exr">
    <calibration type="frame">
      <resolution width="189" height="252"/>
      <f>194.66259534433539</f>
      <cx>0.024446747275192138</cx>
      <cy>-1.8859579627676624</cy>
    </calibration>
  </depth_map>
  <depth_map camera_id="33" level="0" path="0/d33.exr">
    <calibration type="frame">
      <resolution width="756" height="1008"/>
      <f>778.65038137734155</f>
      <cx>0.097786989100768551</cx>
      <cy>-7.5438318510706495</cy>
    </calibration>
  </depth_map>
  <depth_map camera_id="33" level="1" path="1/d33.exr">
    <calibration type="frame">
      <resolution width="378" height="504"/>
      <f>389.32519068867077</f>
      <cx>0.048893494550384275</cx>
      <cy>-3.7719159255353247</cy>
    </calibration>
  </depth_map>
  <depth_map camera_id="33" level="2" path="2/d33.exr">
    <calibration type="frame">
      <resolution width="189" height="252"/>
      <f>194.66259534433539</f>
      <cx>0.024446747275192138</cx>
      <cy>-1.8859579627676624</cy>
    </calibration>
  </depth_map>
  <depth_map camera_id="34" level="0" path="0/d34.exr">
    <calibration type="frame">
      <resolution width="756" height="1008"/>
      <f>778.65038137734155</f>
      <cx>0.097786989100768551</cx>
      <cy>-7.5438318510706495</cy>
    </calibration>
  </depth_map>
  <depth_map camera_id="34" level="1" path="1/d34.exr">
    <calibration type="frame">
      <resolution width="378" height="504"/>
      <f>389.32519068867077</f>
      <cx>0.048893494550384275</cx>
      <cy>-3.7719159255353247</cy>
    </calibration>
  </depth_map>
  <depth_map camera_id="34" level="2" path="2/d34.exr">
    <calibration type="frame">
      <resolution width="189" height="252"/>
      <f>194.66259534433539</f>
      <cx>0.024446747275192138</cx>
      <cy>-1.8859579627676624</cy>
    </calibration>
  </depth_map>
  <depth_map camera_id="35" level="0" path="0/d35.exr">
    <calibration type="frame">
      <resolution width="756" height="1008"/>
      <f>778.65038137734155</f>
      <cx>0.097786989100768551</cx>
      <cy>-7.5438318510706495</cy>
    </calibration>
  </depth_map>
  <depth_map camera_id="35" level="1" path="1/d35.exr">
    <calibration type="frame">
      <resolution width="378" height="504"/>
      <f>389.32519068867077</f>
      <cx>0.048893494550384275</cx>
      <cy>-3.7719159255353247</cy>
    </calibration>
  </depth_map>
  <depth_map camera_id="35" level="2" path="2/d35.exr">
    <calibration type="frame">
      <resolution width="189" height="252"/>
      <f>194.66259534433539</f>
      <cx>0.024446747275192138</cx>
      <cy>-1.8859579627676624</cy>
    </calibration>
  </depth_map>
  <depth_map camera_id="36" level="0" path="0/d36.exr">
    <calibration type="frame">
      <resolution width="756" height="1008"/>
      <f>778.65038137734155</f>
      <cx>0.097786989100768551</cx>
      <cy>-7.5438318510706495</cy>
    </calibration>
  </depth_map>
  <depth_map camera_id="36" level="1" path="1/d36.exr">
    <calibration type="frame">
      <resolution width="378" height="504"/>
      <f>389.32519068867077</f>
      <cx>0.048893494550384275</cx>
      <cy>-3.7719159255353247</cy>
    </calibration>
  </depth_map>
  <depth_map camera_id="36" level="2" path="2/d36.exr">
    <calibration type="frame">
      <resolution width="189" height="252"/>
      <f>194.66259534433539</f>
      <cx>0.024446747275192138</cx>
      <cy>-1.8859579627676624</cy>
    </calibration>
  </depth_map>
  <depth_map camera_id="37" level="0" path="0/d37.exr">
    <calibration type="frame">
      <resolution width="756" height="1008"/>
      <f>778.65038137734155</f>
      <cx>0.097786989100768551</cx>
      <cy>-7.5438318510706495</cy>
    </calibration>
  </depth_map>
  <depth_map camera_id="37" level="1" path="1/d37.exr">
    <calibration type="frame">
      <resolution width="378" height="504"/>
      <f>389.32519068867077</f>
      <cx>0.048893494550384275</cx>
      <cy>-3.7719159255353247</cy>
    </calibration>
  </depth_map>
  <depth_map camera_id="37" level="2" path="2/d37.exr">
    <calibration type="frame">
      <resolution width="189" height="252"/>
      <f>194.66259534433539</f>
      <cx>0.024446747275192138</cx>
      <cy>-1.8859579627676624</cy>
    </calibration>
  </depth_map>
  <depth_map camera_id="38" level="0" path="0/d38.exr">
    <calibration type="frame">
      <resolution width="756" height="1008"/>
      <f>778.65038137734155</f>
      <cx>0.097786989100768551</cx>
      <cy>-7.5438318510706495</cy>
    </calibration>
  </depth_map>
  <depth_map camera_id="38" level="1" path="1/d38.exr">
    <calibration type="frame">
      <resolution width="378" height="504"/>
      <f>389.32519068867077</f>
      <cx>0.048893494550384275</cx>
      <cy>-3.7719159255353247</cy>
    </calibration>
  </depth_map>
  <depth_map camera_id="38" level="2" path="2/d38.exr">
    <calibration type="frame">
      <resolution width="189" height="252"/>
      <f>194.66259534433539</f>
      <cx>0.024446747275192138</cx>
      <cy>-1.8859579627676624</cy>
    </calibration>
  </depth_map>
  <depth_map camera_id="39" level="0" path="0/d39.exr">
    <calibration type="frame">
      <resolution width="756" height="1008"/>
      <f>778.65038137734155</f>
      <cx>0.097786989100768551</cx>
      <cy>-7.5438318510706495</cy>
    </calibration>
  </depth_map>
  <depth_map camera_id="39" level="1" path="1/d39.exr">
    <calibration type="frame">
      <resolution width="378" height="504"/>
      <f>389.32519068867077</f>
      <cx>0.048893494550384275</cx>
      <cy>-3.7719159255353247</cy>
    </calibration>
  </depth_map>
  <depth_map camera_id="39" level="2" path="2/d39.exr">
    <calibration type="frame">
      <resolution width="189" height="252"/>
      <f>194.66259534433539</f>
      <cx>0.024446747275192138</cx>
      <cy>-1.8859579627676624</cy>
    </calibration>
  </depth_map>
  <depth_map camera_id="40" level="0" path="0/d40.exr">
    <calibration type="frame">
      <resolution width="756" height="1008"/>
      <f>778.65038137734155</f>
      <cx>0.097786989100768551</cx>
      <cy>-7.5438318510706495</cy>
    </calibration>
  </depth_map>
  <depth_map camera_id="40" level="1" path="1/d40.exr">
    <calibration type="frame">
      <resolution width="378" height="504"/>
      <f>389.32519068867077</f>
      <cx>0.048893494550384275</cx>
      <cy>-3.7719159255353247</cy>
    </calibration>
  </depth_map>
  <depth_map camera_id="40" level="2" path="2/d40.exr">
    <calibration type="frame">
      <resolution width="189" height="252"/>
      <f>194.66259534433539</f>
      <cx>0.024446747275192138</cx>
      <cy>-1.8859579627676624</cy>
    </calibration>
  </depth_map>
  <depth_map camera_id="41" level="0" path="0/d41.exr">
    <calibration type="frame">
      <resolution width="756" height="1008"/>
      <f>778.65038137734155</f>
      <cx>0.097786989100768551</cx>
      <cy>-7.5438318510706495</cy>
    </calibration>
  </depth_map>
  <depth_map camera_id="41" level="1" path="1/d41.exr">
    <calibration type="frame">
      <resolution width="378" height="504"/>
      <f>389.32519068867077</f>
      <cx>0.048893494550384275</cx>
      <cy>-3.7719159255353247</cy>
    </calibration>
  </depth_map>
  <depth_map camera_id="41" level="2" path="2/d41.exr">
    <calibration type="frame">
      <resolution width="189" height="252"/>
      <f>194.66259534433539</f>
      <cx>0.024446747275192138</cx>
      <cy>-1.8859579627676624</cy>
    </calibration>
  </depth_map>
  <depth_map camera_id="42" level="0" path="0/d42.exr">
    <calibration type="frame">
      <resolution width="756" height="1008"/>
      <f>778.65038137734155</f>
      <cx>0.097786989100768551</cx>
      <cy>-7.5438318510706495</cy>
    </calibration>
  </depth_map>
  <depth_map camera_id="42" level="1" path="1/d42.exr">
    <calibration type="frame">
      <resolution width="378" height="504"/>
      <f>389.32519068867077</f>
      <cx>0.048893494550384275</cx>
      <cy>-3.7719159255353247</cy>
    </calibration>
  </depth_map>
  <depth_map camera_id="42" level="2" path="2/d42.exr">
    <calibration type="frame">
      <resolution width="189" height="252"/>
      <f>194.66259534433539</f>
      <cx>0.024446747275192138</cx>
      <cy>-1.8859579627676624</cy>
    </calibration>
  </depth_map>
  <depth_map camera_id="43" level="0" path="0/d43.exr">
    <calibration type="frame">
      <resolution width="756" height="1008"/>
      <f>778.65038137734155</f>
      <cx>0.097786989100768551</cx>
      <cy>-7.5438318510706495</cy>
    </calibration>
  </depth_map>
  <depth_map camera_id="43" level="1" path="1/d43.exr">
    <calibration type="frame">
      <resolution width="378" height="504"/>
      <f>389.32519068867077</f>
      <cx>0.048893494550384275</cx>
      <cy>-3.7719159255353247</cy>
    </calibration>
  </depth_map>
  <depth_map camera_id="43" level="2" path="2/d43.exr">
    <calibration type="frame">
      <resolution width="189" height="252"/>
      <f>194.66259534433539</f>
      <cx>0.024446747275192138</cx>
      <cy>-1.8859579627676624</cy>
    </calibration>
  </depth_map>
  <depth_map camera_id="44" level="0" path="0/d44.exr">
    <calibration type="frame">
      <resolution width="756" height="1008"/>
      <f>778.65038137734155</f>
      <cx>0.097786989100768551</cx>
      <cy>-7.5438318510706495</cy>
    </calibration>
  </depth_map>
  <depth_map camera_id="44" level="1" path="1/d44.exr">
    <calibration type="frame">
      <resolution width="378" height="504"/>
      <f>389.32519068867077</f>
      <cx>0.048893494550384275</cx>
      <cy>-3.7719159255353247</cy>
    </calibration>
  </depth_map>
  <depth_map camera_id="44" level="2" path="2/d44.exr">
    <calibration type="frame">
      <resolution width="189" height="252"/>
      <f>194.66259534433539</f>
      <cx>0.024446747275192138</cx>
      <cy>-1.8859579627676624</cy>
    </calibration>
  </depth_map>
  <depth_map camera_id="45" level="0" path="0/d45.exr">
    <calibration type="frame">
      <resolution width="756" height="1008"/>
      <f>778.65038137734155</f>
      <cx>0.097786989100768551</cx>
      <cy>-7.5438318510706495</cy>
    </calibration>
  </depth_map>
  <depth_map camera_id="45" level="1" path="1/d45.exr">
    <calibration type="frame">
      <resolution width="378" height="504"/>
      <f>389.32519068867077</f>
      <cx>0.048893494550384275</cx>
      <cy>-3.7719159255353247</cy>
    </calibration>
  </depth_map>
  <depth_map camera_id="45" level="2" path="2/d45.exr">
    <calibration type="frame">
      <resolution width="189" height="252"/>
      <f>194.66259534433539</f>
      <cx>0.024446747275192138</cx>
      <cy>-1.8859579627676624</cy>
    </calibration>
  </depth_map>
  <depth_map camera_id="46" level="0" path="0/d46.exr">
    <calibration type="frame">
      <resolution width="756" height="1008"/>
      <f>778.65038137734155</f>
      <cx>0.097786989100768551</cx>
      <cy>-7.5438318510706495</cy>
    </calibration>
  </depth_map>
  <depth_map camera_id="46" level="1" path="1/d46.exr">
    <calibration type="frame">
      <resolution width="378" height="504"/>
      <f>389.32519068867077</f>
      <cx>0.048893494550384275</cx>
      <cy>-3.7719159255353247</cy>
    </calibration>
  </depth_map>
  <depth_map camera_id="46" level="2" path="2/d46.exr">
    <calibration type="frame">
      <resolution width="189" height="252"/>
      <f>194.66259534433539</f>
      <cx>0.024446747275192138</cx>
      <cy>-1.8859579627676624</cy>
    </calibration>
  </depth_map>
  <depth_map camera_id="47" level="0" path="0/d47.exr">
    <calibration type="frame">
      <resolution width="756" height="1008"/>
      <f>778.65038137734155</f>
      <cx>0.097786989100768551</cx>
      <cy>-7.5438318510706495</cy>
    </calibration>
  </depth_map>
  <depth_map camera_id="47" level="1" path="1/d47.exr">
    <calibration type="frame">
      <resolution width="378" height="504"/>
      <f>389.32519068867077</f>
      <cx>0.048893494550384275</cx>
      <cy>-3.7719159255353247</cy>
    </calibration>
  </depth_map>
  <depth_map camera_id="47" level="2" path="2/d47.exr">
    <calibration type="frame">
      <resolution width="189" height="252"/>
      <f>194.66259534433539</f>
      <cx>0.024446747275192138</cx>
      <cy>-1.8859579627676624</cy>
    </calibration>
  </depth_map>
  <depth_map camera_id="48" level="0" path="0/d48.exr">
    <calibration type="frame">
      <resolution width="756" height="1008"/>
      <f>778.65038137734155</f>
      <cx>0.097786989100768551</cx>
      <cy>-7.5438318510706495</cy>
    </calibration>
  </depth_map>
  <depth_map camera_id="48" level="1" path="1/d48.exr">
    <calibration type="frame">
      <resolution width="378" height="504"/>
      <f>389.32519068867077</f>
      <cx>0.048893494550384275</cx>
      <cy>-3.7719159255353247</cy>
    </calibration>
  </depth_map>
  <depth_map camera_id="48" level="2" path="2/d48.exr">
    <calibration type="frame">
      <resolution width="189" height="252"/>
      <f>194.66259534433539</f>
      <cx>0.024446747275192138</cx>
      <cy>-1.8859579627676624</cy>
    </calibration>
  </depth_map>
  <depth_map camera_id="49" level="0" path="0/d49.exr">
    <calibration type="frame">
      <resolution width="756" height="1008"/>
      <f>778.65038137734155</f>
      <cx>0.097786989100768551</cx>
      <cy>-7.5438318510706495</cy>
    </calibration>
  </depth_map>
  <depth_map camera_id="49" level="1" path="1/d49.exr">
    <calibration type="frame">
      <resolution width="378" height="504"/>
      <f>389.32519068867077</f>
      <cx>0.048893494550384275</cx>
      <cy>-3.7719159255353247</cy>
    </calibration>
  </depth_map>
  <depth_map camera_id="49" level="2" path="2/d49.exr">
    <calibration type="frame">
      <resolution width="189" height="252"/>
      <f>194.66259534433539</f>
      <cx>0.024446747275192138</cx>
      <cy>-1.8859579627676624</cy>
    </calibration>
  </depth_map>
  <depth_map camera_id="50" level="0" path="0/d50.exr">
    <calibration type="frame">
      <resolution width="756" height="1008"/>
      <f>778.65038137734155</f>
      <cx>0.097786989100768551</cx>
      <cy>-7.5438318510706495</cy>
    </calibration>
  </depth_map>
  <depth_map camera_id="50" level="1" path="1/d50.exr">
    <calibration type="frame">
      <resolution width="378" height="504"/>
      <f>389.32519068867077</f>
      <cx>0.048893494550384275</cx>
      <cy>-3.7719159255353247</cy>
    </calibration>
  </depth_map>
  <depth_map camera_id="50" level="2" path="2/d50.exr">
    <calibration type="frame">
      <resolution width="189" height="252"/>
      <f>194.66259534433539</f>
      <cx>0.024446747275192138</cx>
      <cy>-1.8859579627676624</cy>
    </calibration>
  </depth_map>
  <depth_map camera_id="51" level="0" path="0/d51.exr">
    <calibration type="frame">
      <resolution width="756" height="1008"/>
      <f>778.65038137734155</f>
      <cx>0.097786989100768551</cx>
      <cy>-7.5438318510706495</cy>
    </calibration>
  </depth_map>
  <depth_map camera_id="51" level="1" path="1/d51.exr">
    <calibration type="frame">
      <resolution width="378" height="504"/>
      <f>389.32519068867077</f>
      <cx>0.048893494550384275</cx>
      <cy>-3.7719159255353247</cy>
    </calibration>
  </depth_map>
  <depth_map camera_id="51" level="2" path="2/d51.exr">
    <calibration type="frame">
      <resolution width="189" height="252"/>
      <f>194.66259534433539</f>
      <cx>0.024446747275192138</cx>
      <cy>-1.8859579627676624</cy>
    </calibration>
  </depth_map>
  <depth_map camera_id="52" level="0" path="0/d52.exr">
    <calibration type="frame">
      <resolution width="756" height="1008"/>
      <f>778.65038137734155</f>
      <cx>0.097786989100768551</cx>
      <cy>-7.5438318510706495</cy>
    </calibration>
  </depth_map>
  <depth_map camera_id="52" level="1" path="1/d52.exr">
    <calibration type="frame">
      <resolution width="378" height="504"/>
      <f>389.32519068867077</f>
      <cx>0.048893494550384275</cx>
      <cy>-3.7719159255353247</cy>
    </calibration>
  </depth_map>
  <depth_map camera_id="52" level="2" path="2/d52.exr">
    <calibration type="frame">
      <resolution width="189" height="252"/>
      <f>194.66259534433539</f>
      <cx>0.024446747275192138</cx>
      <cy>-1.8859579627676624</cy>
    </calibration>
  </depth_map>
  <depth_map camera_id="53" level="0" path="0/d53.exr">
    <calibration type="frame">
      <resolution width="756" height="1008"/>
      <f>778.65038137734155</f>
      <cx>0.097786989100768551</cx>
      <cy>-7.5438318510706495</cy>
    </calibration>
  </depth_map>
  <depth_map camera_id="53" level="1" path="1/d53.exr">
    <calibration type="frame">
      <resolution width="378" height="504"/>
      <f>389.32519068867077</f>
      <cx>0.048893494550384275</cx>
      <cy>-3.7719159255353247</cy>
    </calibration>
  </depth_map>
  <depth_map camera_id="53" level="2" path="2/d53.exr">
    <calibration type="frame">
      <resolution width="189" height="252"/>
      <f>194.66259534433539</f>
      <cx>0.024446747275192138</cx>
      <cy>-1.8859579627676624</cy>
    </calibration>
  </depth_map>
  <depth_map camera_id="54" level="0" path="0/d54.exr">
    <calibration type="frame">
      <resolution width="756" height="1008"/>
      <f>778.65038137734155</f>
      <cx>0.097786989100768551</cx>
      <cy>-7.5438318510706495</cy>
    </calibration>
  </depth_map>
  <depth_map camera_id="54" level="1" path="1/d54.exr">
    <calibration type="frame">
      <resolution width="378" height="504"/>
      <f>389.32519068867077</f>
      <cx>0.048893494550384275</cx>
      <cy>-3.7719159255353247</cy>
    </calibration>
  </depth_map>
  <depth_map camera_id="54" level="2" path="2/d54.exr">
    <calibration type="frame">
      <resolution width="189" height="252"/>
      <f>194.66259534433539</f>
      <cx>0.024446747275192138</cx>
      <cy>-1.8859579627676624</cy>
    </calibration>
  </depth_map>
  <depth_map camera_id="55" level="0" path="0/d55.exr">
    <calibration type="frame">
      <resolution width="756" height="1008"/>
      <f>778.65038137734155</f>
      <cx>0.097786989100768551</cx>
      <cy>-7.5438318510706495</cy>
    </calibration>
  </depth_map>
  <depth_map camera_id="55" level="1" path="1/d55.exr">
    <calibration type="frame">
      <resolution width="378" height="504"/>
      <f>389.32519068867077</f>
      <cx>0.048893494550384275</cx>
      <cy>-3.7719159255353247</cy>
    </calibration>
  </depth_map>
  <depth_map camera_id="55" level="2" path="2/d55.exr">
    <calibration type="frame">
      <resolution width="189" height="252"/>
      <f>194.66259534433539</f>
      <cx>0.024446747275192138</cx>
      <cy>-1.8859579627676624</cy>
    </calibration>
  </depth_map>
  <depth_map camera_id="56" level="0" path="0/d56.exr">
    <calibration type="frame">
      <resolution width="756" height="1008"/>
      <f>778.65038137734155</f>
      <cx>0.097786989100768551</cx>
      <cy>-7.5438318510706495</cy>
    </calibration>
  </depth_map>
  <depth_map camera_id="56" level="1" path="1/d56.exr">
    <calibration type="frame">
      <resolution width="378" height="504"/>
      <f>389.32519068867077</f>
      <cx>0.048893494550384275</cx>
      <cy>-3.7719159255353247</cy>
    </calibration>
  </depth_map>
  <depth_map camera_id="56" level="2" path="2/d56.exr">
    <calibration type="frame">
      <resolution width="189" height="252"/>
      <f>194.66259534433539</f>
      <cx>0.024446747275192138</cx>
      <cy>-1.8859579627676624</cy>
    </calibration>
  </depth_map>
  <depth_map camera_id="57" level="0" path="0/d57.exr">
    <calibration type="frame">
      <resolution width="756" height="1008"/>
      <f>778.65038137734155</f>
      <cx>0.097786989100768551</cx>
      <cy>-7.5438318510706495</cy>
    </calibration>
  </depth_map>
  <depth_map camera_id="57" level="1" path="1/d57.exr">
    <calibration type="frame">
      <resolution width="378" height="504"/>
      <f>389.32519068867077</f>
      <cx>0.048893494550384275</cx>
      <cy>-3.7719159255353247</cy>
    </calibration>
  </depth_map>
  <depth_map camera_id="57" level="2" path="2/d57.exr">
    <calibration type="frame">
      <resolution width="189" height="252"/>
      <f>194.66259534433539</f>
      <cx>0.024446747275192138</cx>
      <cy>-1.8859579627676624</cy>
    </calibration>
  </depth_map>
  <depth_map camera_id="58" level="0" path="0/d58.exr">
    <calibration type="frame">
      <resolution width="756" height="1008"/>
      <f>778.65038137734155</f>
      <cx>0.097786989100768551</cx>
      <cy>-7.5438318510706495</cy>
    </calibration>
  </depth_map>
  <depth_map camera_id="58" level="1" path="1/d58.exr">
    <calibration type="frame">
      <resolution width="378" height="504"/>
      <f>389.32519068867077</f>
      <cx>0.048893494550384275</cx>
      <cy>-3.7719159255353247</cy>
    </calibration>
  </depth_map>
  <depth_map camera_id="58" level="2" path="2/d58.exr">
    <calibration type="frame">
      <resolution width="189" height="252"/>
      <f>194.66259534433539</f>
      <cx>0.024446747275192138</cx>
      <cy>-1.8859579627676624</cy>
    </calibration>
  </depth_map>
  <depth_map camera_id="59" level="0" path="0/d59.exr">
    <calibration type="frame">
      <resolution width="756" height="1008"/>
      <f>778.65038137734155</f>
      <cx>0.097786989100768551</cx>
      <cy>-7.5438318510706495</cy>
    </calibration>
  </depth_map>
  <depth_map camera_id="59" level="1" path="1/d59.exr">
    <calibration type="frame">
      <resolution width="378" height="504"/>
      <f>389.32519068867077</f>
      <cx>0.048893494550384275</cx>
      <cy>-3.7719159255353247</cy>
    </calibration>
  </depth_map>
  <depth_map camera_id="59" level="2" path="2/d59.exr">
    <calibration type="frame">
      <resolution width="189" height="252"/>
      <f>194.66259534433539</f>
      <cx>0.024446747275192138</cx>
      <cy>-1.8859579627676624</cy>
    </calibration>
  </depth_map>
</depth_maps>
