<?xml version="1.0" encoding="UTF-8"?>
<orthomosaic version="1.2.0">
  <images level_count="10">
    <image id="126">
      <extent>
        <left>-1.3760000099999998</left>
        <top>2.6430350099999993</top>
        <right>1.5584530499999998</right>
        <bottom>-1.6218048000000005</bottom>
      </extent>
      <center>
        <x>-5.5858672394212689</x>
        <y>6.7636532955725572</y>
      </center>
      <pyramid>
        <level index="0" path="0/c126.tif" mask="0/m126.tif"/>
        <level index="1" path="1/c126.tif" mask="1/m126.tif"/>
        <level index="2" path="2/c126.tif" mask="2/m126.tif"/>
        <level index="3" path="3/c126.tif" mask="3/m126.tif"/>
        <level index="4" path="4/c126.tif" mask="4/m126.tif"/>
        <level index="5" path="5/c126.tif" mask="5/m126.tif"/>
        <level index="6" path="6/c126.tif" mask="6/m126.tif"/>
        <level index="7" path="7/c126.tif" mask="7/m126.tif"/>
        <level index="8" path="8/c126.tif" mask="8/m126.tif"/>
        <level index="9" path="9/c126.tif" mask="9/m126.tif"/>
      </pyramid>
    </image>
    <image id="127">
      <extent>
        <left>-1.3760000099999998</left>
        <top>2.6430350099999993</top>
        <right>1.5457826999999997</right>
        <bottom>-1.6851565500000003</bottom>
      </extent>
      <center>
        <x>-6.3152795514155935</x>
        <y>6.3180604208108067</y>
      </center>
      <pyramid>
        <level index="0" path="0/c127.tif" mask="0/m127.tif"/>
        <level index="1" path="1/c127.tif" mask="1/m127.tif"/>
        <level index="2" path="2/c127.tif" mask="2/m127.tif"/>
        <level index="3" path="3/c127.tif" mask="3/m127.tif"/>
        <level index="4" path="4/c127.tif" mask="4/m127.tif"/>
        <level index="5" path="5/c127.tif" mask="5/m127.tif"/>
        <level index="6" path="6/c127.tif" mask="6/m127.tif"/>
        <level index="7" path="7/c127.tif" mask="7/m127.tif"/>
        <level index="8" path="8/c127.tif" mask="8/m127.tif"/>
        <level index="9" path="9/c127.tif" mask="9/m127.tif"/>
      </pyramid>
    </image>
    <image id="128">
      <extent>
        <left>-1.3760000099999998</left>
        <top>2.6430350099999993</top>
        <right>1.5457826999999997</right>
        <bottom>-1.6876906200000006</bottom>
      </extent>
      <center>
        <x>-6.7277634695764554</x>
        <y>5.8808552452250842</y>
      </center>
      <pyramid>
        <level index="0" path="0/c128.tif" mask="0/m128.tif"/>
        <level index="1" path="1/c128.tif" mask="1/m128.tif"/>
        <level index="2" path="2/c128.tif" mask="2/m128.tif"/>
        <level index="3" path="3/c128.tif" mask="3/m128.tif"/>
        <level index="4" path="4/c128.tif" mask="4/m128.tif"/>
        <level index="5" path="5/c128.tif" mask="5/m128.tif"/>
        <level index="6" path="6/c128.tif" mask="6/m128.tif"/>
        <level index="7" path="7/c128.tif" mask="7/m128.tif"/>
        <level index="8" path="8/c128.tif" mask="8/m128.tif"/>
        <level index="9" path="9/c128.tif" mask="9/m128.tif"/>
      </pyramid>
    </image>
    <image id="129">
      <extent>
        <left>-1.3760000099999998</left>
        <top>2.6430350099999993</top>
        <right>1.5457826999999997</right>
        <bottom>-1.9258932</bottom>
      </extent>
      <center>
        <x>-6.9356485206223137</x>
        <y>5.3151638268686874</y>
      </center>
      <pyramid>
        <level index="0" path="0/c129.tif" mask="0/m129.tif"/>
        <level index="1" path="1/c129.tif" mask="1/m129.tif"/>
        <level index="2" path="2/c129.tif" mask="2/m129.tif"/>
        <level index="3" path="3/c129.tif" mask="3/m129.tif"/>
        <level index="4" path="4/c129.tif" mask="4/m129.tif"/>
        <level index="5" path="5/c129.tif" mask="5/m129.tif"/>
        <level index="6" path="6/c129.tif" mask="6/m129.tif"/>
        <level index="7" path="7/c129.tif" mask="7/m129.tif"/>
        <level index="8" path="8/c129.tif" mask="8/m129.tif"/>
        <level index="9" path="9/c129.tif" mask="9/m129.tif"/>
      </pyramid>
    </image>
    <image id="130">
      <extent>
        <left>-1.3760000099999998</left>
        <top>2.6430350099999993</top>
        <right>1.5457826999999997</right>
        <bottom>-1.96643832</bottom>
      </extent>
      <center>
        <x>-6.8692385604950248</x>
        <y>4.8714748159870407</y>
      </center>
      <pyramid>
        <level index="0" path="0/c130.tif" mask="0/m130.tif"/>
        <level index="1" path="1/c130.tif" mask="1/m130.tif"/>
        <level index="2" path="2/c130.tif" mask="2/m130.tif"/>
        <level index="3" path="3/c130.tif" mask="3/m130.tif"/>
        <level index="4" path="4/c130.tif" mask="4/m130.tif"/>
        <level index="5" path="5/c130.tif" mask="5/m130.tif"/>
        <level index="6" path="6/c130.tif" mask="6/m130.tif"/>
        <level index="7" path="7/c130.tif" mask="7/m130.tif"/>
        <level index="8" path="8/c130.tif" mask="8/m130.tif"/>
        <level index="9" path="9/c130.tif" mask="9/m130.tif"/>
      </pyramid>
    </image>
    <image id="133">
      <extent>
        <left>-1.3760000099999998</left>
        <top>2.6430350099999993</top>
        <right>1.5761915399999999</right>
        <bottom>-2.0120515800000005</bottom>
      </extent>
      <center>
        <x>-5.3768825925781902</x>
        <y>3.5237654127517986</y>
      </center>
      <pyramid>
        <level index="0" path="0/c133.tif" mask="0/m133.tif"/>
        <level index="1" path="1/c133.tif" mask="1/m133.tif"/>
        <level index="2" path="2/c133.tif" mask="2/m133.tif"/>
        <level index="3" path="3/c133.tif" mask="3/m133.tif"/>
        <level index="4" path="4/c133.tif" mask="4/m133.tif"/>
        <level index="5" path="5/c133.tif" mask="5/m133.tif"/>
        <level index="6" path="6/c133.tif" mask="6/m133.tif"/>
        <level index="7" path="7/c133.tif" mask="7/m133.tif"/>
        <level index="8" path="8/c133.tif" mask="8/m133.tif"/>
        <level index="9" path="9/c133.tif" mask="9/m133.tif"/>
      </pyramid>
    </image>
    <image id="132">
      <extent>
        <left>-1.3760000099999998</left>
        <top>2.6430350099999993</top>
        <right>1.5761915399999999</right>
        <bottom>-2.0120515800000005</bottom>
      </extent>
      <center>
        <x>-6.0191022378523531</x>
        <y>3.9368604455424809</y>
      </center>
      <pyramid>
        <level index="0" path="0/c132.tif" mask="0/m132.tif"/>
        <level index="1" path="1/c132.tif" mask="1/m132.tif"/>
        <level index="2" path="2/c132.tif" mask="2/m132.tif"/>
        <level index="3" path="3/c132.tif" mask="3/m132.tif"/>
        <level index="4" path="4/c132.tif" mask="4/m132.tif"/>
        <level index="5" path="5/c132.tif" mask="5/m132.tif"/>
        <level index="6" path="6/c132.tif" mask="6/m132.tif"/>
        <level index="7" path="7/c132.tif" mask="7/m132.tif"/>
        <level index="8" path="8/c132.tif" mask="8/m132.tif"/>
        <level index="9" path="9/c132.tif" mask="9/m132.tif"/>
      </pyramid>
    </image>
    <image id="131">
      <extent>
        <left>-1.3760000099999998</left>
        <top>2.6430350099999993</top>
        <right>1.5711233999999998</right>
        <bottom>-2.0120515800000005</bottom>
      </extent>
      <center>
        <x>-6.3803824146746093</x>
        <y>4.1915919856345694</y>
      </center>
      <pyramid>
        <level index="0" path="0/c131.tif" mask="0/m131.tif"/>
        <level index="1" path="1/c131.tif" mask="1/m131.tif"/>
        <level index="2" path="2/c131.tif" mask="2/m131.tif"/>
        <level index="3" path="3/c131.tif" mask="3/m131.tif"/>
        <level index="4" path="4/c131.tif" mask="4/m131.tif"/>
        <level index="5" path="5/c131.tif" mask="5/m131.tif"/>
        <level index="6" path="6/c131.tif" mask="6/m131.tif"/>
        <level index="7" path="7/c131.tif" mask="7/m131.tif"/>
        <level index="8" path="8/c131.tif" mask="8/m131.tif"/>
        <level index="9" path="9/c131.tif" mask="9/m131.tif"/>
      </pyramid>
    </image>
    <image id="134">
      <extent>
        <left>-1.3760000099999998</left>
        <top>2.6430350099999993</top>
        <right>1.6294070099999995</right>
        <bottom>-2.0120515800000005</bottom>
      </extent>
      <center>
        <x>-4.8750020261956752</x>
        <y>3.289962099399212</y>
      </center>
      <pyramid>
        <level index="0" path="0/c134.tif" mask="0/m134.tif"/>
        <level index="1" path="1/c134.tif" mask="1/m134.tif"/>
        <level index="2" path="2/c134.tif" mask="2/m134.tif"/>
        <level index="3" path="3/c134.tif" mask="3/m134.tif"/>
        <level index="4" path="4/c134.tif" mask="4/m134.tif"/>
        <level index="5" path="5/c134.tif" mask="5/m134.tif"/>
        <level index="6" path="6/c134.tif" mask="6/m134.tif"/>
        <level index="7" path="7/c134.tif" mask="7/m134.tif"/>
        <level index="8" path="8/c134.tif" mask="8/m134.tif"/>
        <level index="9" path="9/c134.tif" mask="9/m134.tif"/>
      </pyramid>
    </image>
    <image id="135">
      <extent>
        <left>-1.3760000099999998</left>
        <top>2.6430350099999993</top>
        <right>1.6294070099999995</right>
        <bottom>-2.0120515800000005</bottom>
      </extent>
      <center>
        <x>-4.3643117464886716</x>
        <y>3.0872032751680085</y>
      </center>
      <pyramid>
        <level index="0" path="0/c135.tif" mask="0/m135.tif"/>
        <level index="1" path="1/c135.tif" mask="1/m135.tif"/>
        <level index="2" path="2/c135.tif" mask="2/m135.tif"/>
        <level index="3" path="3/c135.tif" mask="3/m135.tif"/>
        <level index="4" path="4/c135.tif" mask="4/m135.tif"/>
        <level index="5" path="5/c135.tif" mask="5/m135.tif"/>
        <level index="6" path="6/c135.tif" mask="6/m135.tif"/>
        <level index="7" path="7/c135.tif" mask="7/m135.tif"/>
        <level index="8" path="8/c135.tif" mask="8/m135.tif"/>
        <level index="9" path="9/c135.tif" mask="9/m135.tif"/>
      </pyramid>
    </image>
    <image id="136">
      <extent>
        <left>-1.3760000099999998</left>
        <top>2.6430350099999993</top>
        <right>1.6294070099999995</right>
        <bottom>-2.0120515800000005</bottom>
      </extent>
      <center>
        <x>-3.5535051644612663</x>
        <y>2.8424504802693207</y>
      </center>
      <pyramid>
        <level index="0" path="0/c136.tif" mask="0/m136.tif"/>
        <level index="1" path="1/c136.tif" mask="1/m136.tif"/>
        <level index="2" path="2/c136.tif" mask="2/m136.tif"/>
        <level index="3" path="3/c136.tif" mask="3/m136.tif"/>
        <level index="4" path="4/c136.tif" mask="4/m136.tif"/>
        <level index="5" path="5/c136.tif" mask="5/m136.tif"/>
        <level index="6" path="6/c136.tif" mask="6/m136.tif"/>
        <level index="7" path="7/c136.tif" mask="7/m136.tif"/>
        <level index="8" path="8/c136.tif" mask="8/m136.tif"/>
        <level index="9" path="9/c136.tif" mask="9/m136.tif"/>
      </pyramid>
    </image>
    <image id="137">
      <extent>
        <left>-1.3760000099999998</left>
        <top>2.6430350099999993</top>
        <right>1.6395432899999998</right>
        <bottom>-2.0120515800000005</bottom>
      </extent>
      <center>
        <x>-2.4504086096477962</x>
        <y>2.5720644858246016</y>
      </center>
      <pyramid>
        <level index="0" path="0/c137.tif" mask="0/m137.tif"/>
        <level index="1" path="1/c137.tif" mask="1/m137.tif"/>
        <level index="2" path="2/c137.tif" mask="2/m137.tif"/>
        <level index="3" path="3/c137.tif" mask="3/m137.tif"/>
        <level index="4" path="4/c137.tif" mask="4/m137.tif"/>
        <level index="5" path="5/c137.tif" mask="5/m137.tif"/>
        <level index="6" path="6/c137.tif" mask="6/m137.tif"/>
        <level index="7" path="7/c137.tif" mask="7/m137.tif"/>
        <level index="8" path="8/c137.tif" mask="8/m137.tif"/>
        <level index="9" path="9/c137.tif" mask="9/m137.tif"/>
      </pyramid>
    </image>
    <image id="138">
      <extent>
        <left>-1.3760000099999998</left>
        <top>2.6430350099999993</top>
        <right>1.6395432899999998</right>
        <bottom>-2.0145856499999999</bottom>
      </extent>
      <center>
        <x>-1.8036255926399385</x>
        <y>2.4572102235793842</y>
      </center>
      <pyramid>
        <level index="0" path="0/c138.tif" mask="0/m138.tif"/>
        <level index="1" path="1/c138.tif" mask="1/m138.tif"/>
        <level index="2" path="2/c138.tif" mask="2/m138.tif"/>
        <level index="3" path="3/c138.tif" mask="3/m138.tif"/>
        <level index="4" path="4/c138.tif" mask="4/m138.tif"/>
        <level index="5" path="5/c138.tif" mask="5/m138.tif"/>
        <level index="6" path="6/c138.tif" mask="6/m138.tif"/>
        <level index="7" path="7/c138.tif" mask="7/m138.tif"/>
        <level index="8" path="8/c138.tif" mask="8/m138.tif"/>
        <level index="9" path="9/c138.tif" mask="9/m138.tif"/>
      </pyramid>
    </image>
    <image id="139">
      <extent>
        <left>-1.3760000099999998</left>
        <top>2.6430350099999993</top>
        <right>1.6395432899999998</right>
        <bottom>-2.0145856499999999</bottom>
      </extent>
      <center>
        <x>-1.0629330092380078</x>
        <y>2.3553384344777086</y>
      </center>
      <pyramid>
        <level index="0" path="0/c139.tif" mask="0/m139.tif"/>
        <level index="1" path="1/c139.tif" mask="1/m139.tif"/>
        <level index="2" path="2/c139.tif" mask="2/m139.tif"/>
        <level index="3" path="3/c139.tif" mask="3/m139.tif"/>
        <level index="4" path="4/c139.tif" mask="4/m139.tif"/>
        <level index="5" path="5/c139.tif" mask="5/m139.tif"/>
        <level index="6" path="6/c139.tif" mask="6/m139.tif"/>
        <level index="7" path="7/c139.tif" mask="7/m139.tif"/>
        <level index="8" path="8/c139.tif" mask="8/m139.tif"/>
        <level index="9" path="9/c139.tif" mask="9/m139.tif"/>
      </pyramid>
    </image>
    <image id="140">
      <extent>
        <left>-1.3709318699999997</left>
        <top>2.6430350099999993</top>
        <right>1.6395432899999998</right>
        <bottom>-2.0171197200000002</bottom>
      </extent>
      <center>
        <x>-0.011482532783350815</x>
        <y>2.2578397568707111</y>
      </center>
      <pyramid>
        <level index="0" path="0/c140.tif" mask="0/m140.tif"/>
        <level index="1" path="1/c140.tif" mask="1/m140.tif"/>
        <level index="2" path="2/c140.tif" mask="2/m140.tif"/>
        <level index="3" path="3/c140.tif" mask="3/m140.tif"/>
        <level index="4" path="4/c140.tif" mask="4/m140.tif"/>
        <level index="5" path="5/c140.tif" mask="5/m140.tif"/>
        <level index="6" path="6/c140.tif" mask="6/m140.tif"/>
        <level index="7" path="7/c140.tif" mask="7/m140.tif"/>
        <level index="8" path="8/c140.tif" mask="8/m140.tif"/>
        <level index="9" path="9/c140.tif" mask="9/m140.tif"/>
      </pyramid>
    </image>
    <image id="141">
      <extent>
        <left>-1.3607955899999997</left>
        <top>2.6430350099999993</top>
        <right>1.63954329</right>
        <bottom>-2.0171197200000002</bottom>
      </extent>
      <center>
        <x>0.46906328590390672</x>
        <y>2.2478974658542996</y>
      </center>
      <pyramid>
        <level index="0" path="0/c141.tif" mask="0/m141.tif"/>
        <level index="1" path="1/c141.tif" mask="1/m141.tif"/>
        <level index="2" path="2/c141.tif" mask="2/m141.tif"/>
        <level index="3" path="3/c141.tif" mask="3/m141.tif"/>
        <level index="4" path="4/c141.tif" mask="4/m141.tif"/>
        <level index="5" path="5/c141.tif" mask="5/m141.tif"/>
        <level index="6" path="6/c141.tif" mask="6/m141.tif"/>
        <level index="7" path="7/c141.tif" mask="7/m141.tif"/>
        <level index="8" path="8/c141.tif" mask="8/m141.tif"/>
        <level index="9" path="9/c141.tif" mask="9/m141.tif"/>
      </pyramid>
    </image>
    <image id="142">
      <extent>
        <left>-1.3379889599999999</left>
        <top>2.6430350099999993</top>
        <right>1.6395432899999995</right>
        <bottom>-2.0171197200000002</bottom>
      </extent>
      <center>
        <x>1.7366982281989947</x>
        <y>2.2410117305219641</y>
      </center>
      <pyramid>
        <level index="0" path="0/c142.tif" mask="0/m142.tif"/>
        <level index="1" path="1/c142.tif" mask="1/m142.tif"/>
        <level index="2" path="2/c142.tif" mask="2/m142.tif"/>
        <level index="3" path="3/c142.tif" mask="3/m142.tif"/>
        <level index="4" path="4/c142.tif" mask="4/m142.tif"/>
        <level index="5" path="5/c142.tif" mask="5/m142.tif"/>
        <level index="6" path="6/c142.tif" mask="6/m142.tif"/>
        <level index="7" path="7/c142.tif" mask="7/m142.tif"/>
        <level index="8" path="8/c142.tif" mask="8/m142.tif"/>
        <level index="9" path="9/c142.tif" mask="9/m142.tif"/>
      </pyramid>
    </image>
  </images>
</orthomosaic>
