<?xml version="1.0" encoding="UTF-8"?>
<orthomosaic version="1.2.0">
  <images level_count="10">
    <image id="70">
      <extent>
        <left>-0.31422467999999992</left>
        <top>2.6430350099999993</top>
        <right>1.63954329</right>
        <bottom>-1.8878821500000003</bottom>
      </extent>
      <center>
        <x>6.2927715245706652</x>
        <y>3.426189444930404</y>
      </center>
      <pyramid>
        <level index="0" path="0/c70.tif" mask="0/m70.tif"/>
        <level index="1" path="1/c70.tif" mask="1/m70.tif"/>
        <level index="2" path="2/c70.tif" mask="2/m70.tif"/>
        <level index="3" path="3/c70.tif" mask="3/m70.tif"/>
        <level index="4" path="4/c70.tif" mask="4/m70.tif"/>
        <level index="5" path="5/c70.tif" mask="5/m70.tif"/>
        <level index="6" path="6/c70.tif" mask="6/m70.tif"/>
        <level index="7" path="7/c70.tif" mask="7/m70.tif"/>
        <level index="8" path="8/c70.tif" mask="8/m70.tif"/>
        <level index="9" path="9/c70.tif" mask="9/m70.tif"/>
      </pyramid>
    </image>
    <image id="71">
      <extent>
        <left>-0.19512339000000001</left>
        <top>2.6430350099999993</top>
        <right>1.6395432899999998</right>
        <bottom>-1.8878821500000003</bottom>
      </extent>
      <center>
        <x>5.9311965351631279</x>
        <y>3.6702838382601439</y>
      </center>
      <pyramid>
        <level index="0" path="0/c71.tif" mask="0/m71.tif"/>
        <level index="1" path="1/c71.tif" mask="1/m71.tif"/>
        <level index="2" path="2/c71.tif" mask="2/m71.tif"/>
        <level index="3" path="3/c71.tif" mask="3/m71.tif"/>
        <level index="4" path="4/c71.tif" mask="4/m71.tif"/>
        <level index="5" path="5/c71.tif" mask="5/m71.tif"/>
        <level index="6" path="6/c71.tif" mask="6/m71.tif"/>
        <level index="7" path="7/c71.tif" mask="7/m71.tif"/>
        <level index="8" path="8/c71.tif" mask="8/m71.tif"/>
        <level index="9" path="9/c71.tif" mask="9/m71.tif"/>
      </pyramid>
    </image>
    <image id="69">
      <extent>
        <left>-0.30915654000000004</left>
        <top>2.6430350099999993</top>
        <right>1.6395432899999998</right>
        <bottom>-1.9968471599999997</bottom>
      </extent>
      <center>
        <x>6.6019680986971121</x>
        <y>3.166896854032347</y>
      </center>
      <pyramid>
        <level index="0" path="0/c69.tif" mask="0/m69.tif"/>
        <level index="1" path="1/c69.tif" mask="1/m69.tif"/>
        <level index="2" path="2/c69.tif" mask="2/m69.tif"/>
        <level index="3" path="3/c69.tif" mask="3/m69.tif"/>
        <level index="4" path="4/c69.tif" mask="4/m69.tif"/>
        <level index="5" path="5/c69.tif" mask="5/m69.tif"/>
        <level index="6" path="6/c69.tif" mask="6/m69.tif"/>
        <level index="7" path="7/c69.tif" mask="7/m69.tif"/>
        <level index="8" path="8/c69.tif" mask="8/m69.tif"/>
        <level index="9" path="9/c69.tif" mask="9/m69.tif"/>
      </pyramid>
    </image>
    <image id="72">
      <extent>
        <left>-0.16471455000000002</left>
        <top>2.6430350099999993</top>
        <right>1.63954329</right>
        <bottom>-1.8878821500000003</bottom>
      </extent>
      <center>
        <x>5.4867313349521947</x>
        <y>3.9168189183043243</y>
      </center>
      <pyramid>
        <level index="0" path="0/c72.tif" mask="0/m72.tif"/>
        <level index="1" path="1/c72.tif" mask="1/m72.tif"/>
        <level index="2" path="2/c72.tif" mask="2/m72.tif"/>
        <level index="3" path="3/c72.tif" mask="3/m72.tif"/>
        <level index="4" path="4/c72.tif" mask="4/m72.tif"/>
        <level index="5" path="5/c72.tif" mask="5/m72.tif"/>
        <level index="6" path="6/c72.tif" mask="6/m72.tif"/>
        <level index="7" path="7/c72.tif" mask="7/m72.tif"/>
        <level index="8" path="8/c72.tif" mask="8/m72.tif"/>
        <level index="9" path="9/c72.tif" mask="9/m72.tif"/>
      </pyramid>
    </image>
    <image id="73">
      <extent>
        <left>-0.04054511999999999</left>
        <top>2.6430350099999993</top>
        <right>1.6395432899999998</right>
        <bottom>-1.8878821500000003</bottom>
      </extent>
      <center>
        <x>5.2070727807581472</x>
        <y>4.048686664458522</y>
      </center>
      <pyramid>
        <level index="0" path="0/c73.tif" mask="0/m73.tif"/>
        <level index="1" path="1/c73.tif" mask="1/m73.tif"/>
        <level index="2" path="2/c73.tif" mask="2/m73.tif"/>
        <level index="3" path="3/c73.tif" mask="3/m73.tif"/>
        <level index="4" path="4/c73.tif" mask="4/m73.tif"/>
        <level index="5" path="5/c73.tif" mask="5/m73.tif"/>
        <level index="6" path="6/c73.tif" mask="6/m73.tif"/>
        <level index="7" path="7/c73.tif" mask="7/m73.tif"/>
        <level index="8" path="8/c73.tif" mask="8/m73.tif"/>
        <level index="9" path="9/c73.tif" mask="9/m73.tif"/>
      </pyramid>
    </image>
    <image id="75">
      <extent>
        <left>-0.04054511999999999</left>
        <top>2.6430350099999993</top>
        <right>1.6370092199999997</right>
        <bottom>-1.3557274500000003</bottom>
      </extent>
      <center>
        <x>4.83588578733871</x>
        <y>4.2038272740852678</y>
      </center>
      <pyramid>
        <level index="0" path="0/c75.tif" mask="0/m75.tif"/>
        <level index="1" path="1/c75.tif" mask="1/m75.tif"/>
        <level index="2" path="2/c75.tif" mask="2/m75.tif"/>
        <level index="3" path="3/c75.tif" mask="3/m75.tif"/>
        <level index="4" path="4/c75.tif" mask="4/m75.tif"/>
        <level index="5" path="5/c75.tif" mask="5/m75.tif"/>
        <level index="6" path="6/c75.tif" mask="6/m75.tif"/>
        <level index="7" path="7/c75.tif" mask="7/m75.tif"/>
        <level index="8" path="8/c75.tif" mask="8/m75.tif"/>
        <level index="9" path="9/c75.tif" mask="9/m75.tif"/>
      </pyramid>
    </image>
    <image id="74">
      <extent>
        <left>-0.04054511999999999</left>
        <top>2.6430350099999993</top>
        <right>1.6370092199999997</right>
        <bottom>-1.3557274500000003</bottom>
      </extent>
      <center>
        <x>4.986092084810636</x>
        <y>4.1423700992699883</y>
      </center>
      <pyramid>
        <level index="0" path="0/c74.tif" mask="0/m74.tif"/>
        <level index="1" path="1/c74.tif" mask="1/m74.tif"/>
        <level index="2" path="2/c74.tif" mask="2/m74.tif"/>
        <level index="3" path="3/c74.tif" mask="3/m74.tif"/>
        <level index="4" path="4/c74.tif" mask="4/m74.tif"/>
        <level index="5" path="5/c74.tif" mask="5/m74.tif"/>
        <level index="6" path="6/c74.tif" mask="6/m74.tif"/>
        <level index="7" path="7/c74.tif" mask="7/m74.tif"/>
        <level index="8" path="8/c74.tif" mask="8/m74.tif"/>
        <level index="9" path="9/c74.tif" mask="9/m74.tif"/>
      </pyramid>
    </image>
    <image id="76">
      <extent>
        <left>-0.04054511999999999</left>
        <top>2.6430350099999993</top>
        <right>1.6370092199999997</right>
        <bottom>-1.3481252399999999</bottom>
      </extent>
      <center>
        <x>4.6169836090603029</x>
        <y>4.2838183929424689</y>
      </center>
      <pyramid>
        <level index="0" path="0/c76.tif" mask="0/m76.tif"/>
        <level index="1" path="1/c76.tif" mask="1/m76.tif"/>
        <level index="2" path="2/c76.tif" mask="2/m76.tif"/>
        <level index="3" path="3/c76.tif" mask="3/m76.tif"/>
        <level index="4" path="4/c76.tif" mask="4/m76.tif"/>
        <level index="5" path="5/c76.tif" mask="5/m76.tif"/>
        <level index="6" path="6/c76.tif" mask="6/m76.tif"/>
        <level index="7" path="7/c76.tif" mask="7/m76.tif"/>
        <level index="8" path="8/c76.tif" mask="8/m76.tif"/>
        <level index="9" path="9/c76.tif" mask="9/m76.tif"/>
      </pyramid>
    </image>
    <image id="77">
      <extent>
        <left>-0.04054511999999999</left>
        <top>2.6430350099999993</top>
        <right>1.6370092199999997</right>
        <bottom>-1.2568987200000001</bottom>
      </extent>
      <center>
        <x>4.2836886693336274</x>
        <y>4.39738392420682</y>
      </center>
      <pyramid>
        <level index="0" path="0/c77.tif" mask="0/m77.tif"/>
        <level index="1" path="1/c77.tif" mask="1/m77.tif"/>
        <level index="2" path="2/c77.tif" mask="2/m77.tif"/>
        <level index="3" path="3/c77.tif" mask="3/m77.tif"/>
        <level index="4" path="4/c77.tif" mask="4/m77.tif"/>
        <level index="5" path="5/c77.tif" mask="5/m77.tif"/>
        <level index="6" path="6/c77.tif" mask="6/m77.tif"/>
        <level index="7" path="7/c77.tif" mask="7/m77.tif"/>
        <level index="8" path="8/c77.tif" mask="8/m77.tif"/>
        <level index="9" path="9/c77.tif" mask="9/m77.tif"/>
      </pyramid>
    </image>
    <image id="78">
      <extent>
        <left>-0.04054511999999999</left>
        <top>2.6430350099999993</top>
        <right>1.6370092199999997</right>
        <bottom>-1.0516390499999999</bottom>
      </extent>
      <center>
        <x>3.7444141129369983</x>
        <y>4.5554729069234599</y>
      </center>
      <pyramid>
        <level index="0" path="0/c78.tif" mask="0/m78.tif"/>
        <level index="1" path="1/c78.tif" mask="1/m78.tif"/>
        <level index="2" path="2/c78.tif" mask="2/m78.tif"/>
        <level index="3" path="3/c78.tif" mask="3/m78.tif"/>
        <level index="4" path="4/c78.tif" mask="4/m78.tif"/>
        <level index="5" path="5/c78.tif" mask="5/m78.tif"/>
        <level index="6" path="6/c78.tif" mask="6/m78.tif"/>
        <level index="7" path="7/c78.tif" mask="7/m78.tif"/>
        <level index="8" path="8/c78.tif" mask="8/m78.tif"/>
        <level index="9" path="9/c78.tif" mask="9/m78.tif"/>
      </pyramid>
    </image>
    <image id="79">
      <extent>
        <left>-1.1200589399999998</left>
        <top>2.6430350099999993</top>
        <right>1.6268729399999997</right>
        <bottom>-0.94267404000000043</bottom>
      </extent>
      <center>
        <x>2.7791359177711898</x>
        <y>4.7850316147206886</y>
      </center>
      <pyramid>
        <level index="0" path="0/c79.tif" mask="0/m79.tif"/>
        <level index="1" path="1/c79.tif" mask="1/m79.tif"/>
        <level index="2" path="2/c79.tif" mask="2/m79.tif"/>
        <level index="3" path="3/c79.tif" mask="3/m79.tif"/>
        <level index="4" path="4/c79.tif" mask="4/m79.tif"/>
        <level index="5" path="5/c79.tif" mask="5/m79.tif"/>
        <level index="6" path="6/c79.tif" mask="6/m79.tif"/>
        <level index="7" path="7/c79.tif" mask="7/m79.tif"/>
        <level index="8" path="8/c79.tif" mask="8/m79.tif"/>
        <level index="9" path="9/c79.tif" mask="9/m79.tif"/>
      </pyramid>
    </image>
    <image id="80">
      <extent>
        <left>-1.1200589399999998</left>
        <top>2.6430350099999993</top>
        <right>1.6243388699999999</right>
        <bottom>0.58030202999999947</bottom>
      </extent>
      <center>
        <x>2.1802037738885409</x>
        <y>4.8938369412508003</y>
      </center>
      <pyramid>
        <level index="0" path="0/c80.tif" mask="0/m80.tif"/>
        <level index="1" path="1/c80.tif" mask="1/m80.tif"/>
        <level index="2" path="2/c80.tif" mask="2/m80.tif"/>
        <level index="3" path="3/c80.tif" mask="3/m80.tif"/>
        <level index="4" path="4/c80.tif" mask="4/m80.tif"/>
        <level index="5" path="5/c80.tif" mask="5/m80.tif"/>
        <level index="6" path="6/c80.tif" mask="6/m80.tif"/>
        <level index="7" path="7/c80.tif" mask="7/m80.tif"/>
        <level index="8" path="8/c80.tif" mask="8/m80.tif"/>
        <level index="9" path="9/c80.tif" mask="9/m80.tif"/>
      </pyramid>
    </image>
    <image id="83">
      <extent>
        <left>-1.2163535999999999</left>
        <top>2.6430350099999993</top>
        <right>1.6268729399999995</right>
        <bottom>0.60310865999999974</bottom>
      </extent>
      <center>
        <x>0.4292796727147703</x>
        <y>5.0919693761157392</y>
      </center>
      <pyramid>
        <level index="0" path="0/c83.tif" mask="0/m83.tif"/>
        <level index="1" path="1/c83.tif" mask="1/m83.tif"/>
        <level index="2" path="2/c83.tif" mask="2/m83.tif"/>
        <level index="3" path="3/c83.tif" mask="3/m83.tif"/>
        <level index="4" path="4/c83.tif" mask="4/m83.tif"/>
        <level index="5" path="5/c83.tif" mask="5/m83.tif"/>
        <level index="6" path="6/c83.tif" mask="6/m83.tif"/>
        <level index="7" path="7/c83.tif" mask="7/m83.tif"/>
        <level index="8" path="8/c83.tif" mask="8/m83.tif"/>
        <level index="9" path="9/c83.tif" mask="9/m83.tif"/>
      </pyramid>
    </image>
    <image id="81">
      <extent>
        <left>-1.1200589399999998</left>
        <top>2.6430350099999993</top>
        <right>1.6243388699999999</right>
        <bottom>0.59550644999999935</bottom>
      </extent>
      <center>
        <x>1.4566253381372243</x>
        <y>4.9963685302743395</y>
      </center>
      <pyramid>
        <level index="0" path="0/c81.tif" mask="0/m81.tif"/>
        <level index="1" path="1/c81.tif" mask="1/m81.tif"/>
        <level index="2" path="2/c81.tif" mask="2/m81.tif"/>
        <level index="3" path="3/c81.tif" mask="3/m81.tif"/>
        <level index="4" path="4/c81.tif" mask="4/m81.tif"/>
        <level index="5" path="5/c81.tif" mask="5/m81.tif"/>
        <level index="6" path="6/c81.tif" mask="6/m81.tif"/>
        <level index="7" path="7/c81.tif" mask="7/m81.tif"/>
        <level index="8" path="8/c81.tif" mask="8/m81.tif"/>
        <level index="9" path="9/c81.tif" mask="9/m81.tif"/>
      </pyramid>
    </image>
    <image id="82">
      <extent>
        <left>-1.1200589399999998</left>
        <top>2.6430350099999993</top>
        <right>1.6218047999999996</right>
        <bottom>0.60310865999999974</bottom>
      </extent>
      <center>
        <x>0.78827858020826191</x>
        <y>5.0664424740397411</y>
      </center>
      <pyramid>
        <level index="0" path="0/c82.tif" mask="0/m82.tif"/>
        <level index="1" path="1/c82.tif" mask="1/m82.tif"/>
        <level index="2" path="2/c82.tif" mask="2/m82.tif"/>
        <level index="3" path="3/c82.tif" mask="3/m82.tif"/>
        <level index="4" path="4/c82.tif" mask="4/m82.tif"/>
        <level index="5" path="5/c82.tif" mask="5/m82.tif"/>
        <level index="6" path="6/c82.tif" mask="6/m82.tif"/>
        <level index="7" path="7/c82.tif" mask="7/m82.tif"/>
        <level index="8" path="8/c82.tif" mask="8/m82.tif"/>
        <level index="9" path="9/c82.tif" mask="9/m82.tif"/>
      </pyramid>
    </image>
    <image id="84">
      <extent>
        <left>-1.3075801199999999</left>
        <top>2.6430350099999993</top>
        <right>1.6268729399999997</right>
        <bottom>0.60310865999999974</bottom>
      </extent>
      <center>
        <x>-0.16536244457591961</x>
        <y>5.1231557699736152</y>
      </center>
      <pyramid>
        <level index="0" path="0/c84.tif" mask="0/m84.tif"/>
        <level index="1" path="1/c84.tif" mask="1/m84.tif"/>
        <level index="2" path="2/c84.tif" mask="2/m84.tif"/>
        <level index="3" path="3/c84.tif" mask="3/m84.tif"/>
        <level index="4" path="4/c84.tif" mask="4/m84.tif"/>
        <level index="5" path="5/c84.tif" mask="5/m84.tif"/>
        <level index="6" path="6/c84.tif" mask="6/m84.tif"/>
        <level index="7" path="7/c84.tif" mask="7/m84.tif"/>
        <level index="8" path="8/c84.tif" mask="8/m84.tif"/>
        <level index="9" path="9/c84.tif" mask="9/m84.tif"/>
      </pyramid>
    </image>
    <image id="85">
      <extent>
        <left>-1.3658637299999998</left>
        <top>2.6430350099999993</top>
        <right>1.6268729399999995</right>
        <bottom>-1.5787256100000002</bottom>
      </extent>
      <center>
        <x>-0.7693707137678133</x>
        <y>5.1317640772057054</y>
      </center>
      <pyramid>
        <level index="0" path="0/c85.tif" mask="0/m85.tif"/>
        <level index="1" path="1/c85.tif" mask="1/m85.tif"/>
        <level index="2" path="2/c85.tif" mask="2/m85.tif"/>
        <level index="3" path="3/c85.tif" mask="3/m85.tif"/>
        <level index="4" path="4/c85.tif" mask="4/m85.tif"/>
        <level index="5" path="5/c85.tif" mask="5/m85.tif"/>
        <level index="6" path="6/c85.tif" mask="6/m85.tif"/>
        <level index="7" path="7/c85.tif" mask="7/m85.tif"/>
        <level index="8" path="8/c85.tif" mask="8/m85.tif"/>
        <level index="9" path="9/c85.tif" mask="9/m85.tif"/>
      </pyramid>
    </image>
    <image id="86">
      <extent>
        <left>-1.3734659399999998</left>
        <top>2.6430350099999993</top>
        <right>1.6268729399999999</right>
        <bottom>-1.5787256100000002</bottom>
      </extent>
      <center>
        <x>-1.2407616951709923</x>
        <y>5.1280806025593</y>
      </center>
      <pyramid>
        <level index="0" path="0/c86.tif" mask="0/m86.tif"/>
        <level index="1" path="1/c86.tif" mask="1/m86.tif"/>
        <level index="2" path="2/c86.tif" mask="2/m86.tif"/>
        <level index="3" path="3/c86.tif" mask="3/m86.tif"/>
        <level index="4" path="4/c86.tif" mask="4/m86.tif"/>
        <level index="5" path="5/c86.tif" mask="5/m86.tif"/>
        <level index="6" path="6/c86.tif" mask="6/m86.tif"/>
        <level index="7" path="7/c86.tif" mask="7/m86.tif"/>
        <level index="8" path="8/c86.tif" mask="8/m86.tif"/>
        <level index="9" path="9/c86.tif" mask="9/m86.tif"/>
      </pyramid>
    </image>
    <image id="87">
      <extent>
        <left>-1.3760000099999998</left>
        <top>2.6430350099999993</top>
        <right>1.6268729399999997</right>
        <bottom>-1.60913445</bottom>
      </extent>
      <center>
        <x>-2.3596242294645093</x>
        <y>5.0643501721242981</y>
      </center>
      <pyramid>
        <level index="0" path="0/c87.tif" mask="0/m87.tif"/>
        <level index="1" path="1/c87.tif" mask="1/m87.tif"/>
        <level index="2" path="2/c87.tif" mask="2/m87.tif"/>
        <level index="3" path="3/c87.tif" mask="3/m87.tif"/>
        <level index="4" path="4/c87.tif" mask="4/m87.tif"/>
        <level index="5" path="5/c87.tif" mask="5/m87.tif"/>
        <level index="6" path="6/c87.tif" mask="6/m87.tif"/>
        <level index="7" path="7/c87.tif" mask="7/m87.tif"/>
        <level index="8" path="8/c87.tif" mask="8/m87.tif"/>
        <level index="9" path="9/c87.tif" mask="9/m87.tif"/>
      </pyramid>
    </image>
  </images>
</orthomosaic>
