<?xml version="1.0" encoding="UTF-8"?>
<frame version="1.2.0">
  <cameras>
    <camera camera_id="0">
      <photo path="../../../../../../Cess_3D/5-Data/converted_jpg/20251204_164849333_iOS.jpg">
        <meta>
          <property name="File/ImageHeight" value="4032"/>
          <property name="File/ImageWidth" value="3024"/>
          <property name="System/FileModifyDate" value="2025:12:07 03:33:19"/>
          <property name="System/FileSize" value="2855468"/>
        </meta>
      </photo>
    </camera>
    <camera camera_id="1">
      <photo path="../../../../../../Cess_3D/5-Data/converted_jpg/20251204_164856699_iOS.jpg">
        <meta>
          <property name="File/ImageHeight" value="4032"/>
          <property name="File/ImageWidth" value="3024"/>
          <property name="System/FileModifyDate" value="2025:12:07 03:33:19"/>
          <property name="System/FileSize" value="3063450"/>
        </meta>
      </photo>
    </camera>
    <camera camera_id="2">
      <photo path="../../../../../../Cess_3D/5-Data/converted_jpg/20251204_164900558_iOS.jpg">
        <meta>
          <property name="File/ImageHeight" value="4032"/>
          <property name="File/ImageWidth" value="3024"/>
          <property name="System/FileModifyDate" value="2025:12:07 03:33:19"/>
          <property name="System/FileSize" value="3179912"/>
        </meta>
      </photo>
    </camera>
    <camera camera_id="3">
      <photo path="../../../../../../Cess_3D/5-Data/converted_jpg/20251204_164905837_iOS.jpg">
        <meta>
          <property name="File/ImageHeight" value="4032"/>
          <property name="File/ImageWidth" value="3024"/>
          <property name="System/FileModifyDate" value="2025:12:07 03:33:19"/>
          <property name="System/FileSize" value="3185274"/>
        </meta>
      </photo>
    </camera>
    <camera camera_id="4">
      <photo path="../../../../../../Cess_3D/5-Data/converted_jpg/20251204_164910906_iOS.jpg">
        <meta>
          <property name="File/ImageHeight" value="4032"/>
          <property name="File/ImageWidth" value="3024"/>
          <property name="System/FileModifyDate" value="2025:12:07 03:33:18"/>
          <property name="System/FileSize" value="3082531"/>
        </meta>
      </photo>
    </camera>
    <camera camera_id="5">
      <photo path="../../../../../../Cess_3D/5-Data/converted_jpg/20251204_164913597_iOS.jpg">
        <meta>
          <property name="File/ImageHeight" value="4032"/>
          <property name="File/ImageWidth" value="3024"/>
          <property name="System/FileModifyDate" value="2025:12:07 03:33:19"/>
          <property name="System/FileSize" value="3008472"/>
        </meta>
      </photo>
    </camera>
    <camera camera_id="6">
      <photo path="../../../../../../Cess_3D/5-Data/converted_jpg/20251204_164916152_iOS.jpg">
        <meta>
          <property name="File/ImageHeight" value="4032"/>
          <property name="File/ImageWidth" value="3024"/>
          <property name="System/FileModifyDate" value="2025:12:07 03:33:19"/>
          <property name="System/FileSize" value="3054631"/>
        </meta>
      </photo>
    </camera>
    <camera camera_id="7">
      <photo path="../../../../../../Cess_3D/5-Data/converted_jpg/20251204_164918488_iOS.jpg">
        <meta>
          <property name="File/ImageHeight" value="4032"/>
          <property name="File/ImageWidth" value="3024"/>
          <property name="System/FileModifyDate" value="2025:12:07 03:33:19"/>
          <property name="System/FileSize" value="3102744"/>
        </meta>
      </photo>
    </camera>
    <camera camera_id="8">
      <photo path="../../../../../../Cess_3D/5-Data/converted_jpg/20251204_164920861_iOS.jpg">
        <meta>
          <property name="File/ImageHeight" value="4032"/>
          <property name="File/ImageWidth" value="3024"/>
          <property name="System/FileModifyDate" value="2025:12:07 03:33:19"/>
          <property name="System/FileSize" value="3145816"/>
        </meta>
      </photo>
    </camera>
    <camera camera_id="9">
      <photo path="../../../../../../Cess_3D/5-Data/converted_jpg/20251204_164923053_iOS.jpg">
        <meta>
          <property name="File/ImageHeight" value="4032"/>
          <property name="File/ImageWidth" value="3024"/>
          <property name="System/FileModifyDate" value="2025:12:07 03:33:19"/>
          <property name="System/FileSize" value="3219287"/>
        </meta>
      </photo>
    </camera>
    <camera camera_id="10">
      <photo path="../../../../../../Cess_3D/5-Data/converted_jpg/20251204_164925816_iOS.jpg">
        <meta>
          <property name="File/ImageHeight" value="4032"/>
          <property name="File/ImageWidth" value="3024"/>
          <property name="System/FileModifyDate" value="2025:12:07 03:33:19"/>
          <property name="System/FileSize" value="3032487"/>
        </meta>
      </photo>
    </camera>
    <camera camera_id="11">
      <photo path="../../../../../../Cess_3D/5-Data/converted_jpg/20251204_164929878_iOS.jpg">
        <meta>
          <property name="File/ImageHeight" value="4032"/>
          <property name="File/ImageWidth" value="3024"/>
          <property name="System/FileModifyDate" value="2025:12:07 03:33:19"/>
          <property name="System/FileSize" value="2980104"/>
        </meta>
      </photo>
    </camera>
    <camera camera_id="12">
      <photo path="../../../../../../Cess_3D/5-Data/converted_jpg/20251204_164934721_iOS.jpg">
        <meta>
          <property name="File/ImageHeight" value="4032"/>
          <property name="File/ImageWidth" value="3024"/>
          <property name="System/FileModifyDate" value="2025:12:07 03:33:19"/>
          <property name="System/FileSize" value="2918810"/>
        </meta>
      </photo>
    </camera>
    <camera camera_id="13">
      <photo path="../../../../../../Cess_3D/5-Data/converted_jpg/20251204_164937308_iOS.jpg">
        <meta>
          <property name="File/ImageHeight" value="4032"/>
          <property name="File/ImageWidth" value="3024"/>
          <property name="System/FileModifyDate" value="2025:12:07 03:33:19"/>
          <property name="System/FileSize" value="3060465"/>
        </meta>
      </photo>
    </camera>
    <camera camera_id="14">
      <photo path="../../../../../../Cess_3D/5-Data/converted_jpg/20251204_164939180_iOS.jpg">
        <meta>
          <property name="File/ImageHeight" value="4032"/>
          <property name="File/ImageWidth" value="3024"/>
          <property name="System/FileModifyDate" value="2025:12:07 03:33:18"/>
          <property name="System/FileSize" value="3028970"/>
        </meta>
      </photo>
    </camera>
    <camera camera_id="15">
      <photo path="../../../../../../Cess_3D/5-Data/converted_jpg/20251204_164940713_iOS.jpg">
        <meta>
          <property name="File/ImageHeight" value="4032"/>
          <property name="File/ImageWidth" value="3024"/>
          <property name="System/FileModifyDate" value="2025:12:07 03:33:18"/>
          <property name="System/FileSize" value="3089600"/>
        </meta>
      </photo>
    </camera>
    <camera camera_id="16">
      <photo path="../../../../../../Cess_3D/5-Data/converted_jpg/20251204_164942361_iOS.jpg">
        <meta>
          <property name="File/ImageHeight" value="4032"/>
          <property name="File/ImageWidth" value="3024"/>
          <property name="System/FileModifyDate" value="2025:12:07 03:33:18"/>
          <property name="System/FileSize" value="3114085"/>
        </meta>
      </photo>
    </camera>
    <camera camera_id="17">
      <photo path="../../../../../../Cess_3D/5-Data/converted_jpg/20251204_164943759_iOS.jpg">
        <meta>
          <property name="File/ImageHeight" value="4032"/>
          <property name="File/ImageWidth" value="3024"/>
          <property name="System/FileModifyDate" value="2025:12:07 03:33:18"/>
          <property name="System/FileSize" value="3715480"/>
        </meta>
      </photo>
    </camera>
    <camera camera_id="18">
      <photo path="../../../../../../Cess_3D/5-Data/converted_jpg/20251204_164945377_iOS.jpg">
        <meta>
          <property name="File/ImageHeight" value="4032"/>
          <property name="File/ImageWidth" value="3024"/>
          <property name="System/FileModifyDate" value="2025:12:07 03:33:18"/>
          <property name="System/FileSize" value="3001463"/>
        </meta>
      </photo>
    </camera>
    <camera camera_id="19">
      <photo path="../../../../../../Cess_3D/5-Data/converted_jpg/20251204_164946722_iOS.jpg">
        <meta>
          <property name="File/ImageHeight" value="4032"/>
          <property name="File/ImageWidth" value="3024"/>
          <property name="System/FileModifyDate" value="2025:12:07 03:33:18"/>
          <property name="System/FileSize" value="2889691"/>
        </meta>
      </photo>
    </camera>
    <camera camera_id="20">
      <photo path="../../../../../../Cess_3D/5-Data/converted_jpg/20251204_164948435_iOS.jpg">
        <meta>
          <property name="File/ImageHeight" value="4032"/>
          <property name="File/ImageWidth" value="3024"/>
          <property name="System/FileModifyDate" value="2025:12:07 03:33:18"/>
          <property name="System/FileSize" value="2999674"/>
        </meta>
      </photo>
    </camera>
    <camera camera_id="21">
      <photo path="../../../../../../Cess_3D/5-Data/converted_jpg/20251204_164950779_iOS.jpg">
        <meta>
          <property name="File/ImageHeight" value="4032"/>
          <property name="File/ImageWidth" value="3024"/>
          <property name="System/FileModifyDate" value="2025:12:07 03:33:18"/>
          <property name="System/FileSize" value="2949645"/>
        </meta>
      </photo>
    </camera>
    <camera camera_id="22">
      <photo path="../../../../../../Cess_3D/5-Data/converted_jpg/20251204_164952412_iOS.jpg">
        <meta>
          <property name="File/ImageHeight" value="4032"/>
          <property name="File/ImageWidth" value="3024"/>
          <property name="System/FileModifyDate" value="2025:12:07 03:33:18"/>
          <property name="System/FileSize" value="2936430"/>
        </meta>
      </photo>
    </camera>
    <camera camera_id="23">
      <photo path="../../../../../../Cess_3D/5-Data/converted_jpg/20251204_164953974_iOS.jpg">
        <meta>
          <property name="File/ImageHeight" value="4032"/>
          <property name="File/ImageWidth" value="3024"/>
          <property name="System/FileModifyDate" value="2025:12:07 03:33:18"/>
          <property name="System/FileSize" value="3069012"/>
        </meta>
      </photo>
    </camera>
    <camera camera_id="24">
      <photo path="../../../../../../Cess_3D/5-Data/converted_jpg/20251204_164955328_iOS.jpg">
        <meta>
          <property name="File/ImageHeight" value="4032"/>
          <property name="File/ImageWidth" value="3024"/>
          <property name="System/FileModifyDate" value="2025:12:07 03:33:18"/>
          <property name="System/FileSize" value="2840162"/>
        </meta>
      </photo>
    </camera>
    <camera camera_id="25">
      <photo path="../../../../../../Cess_3D/5-Data/converted_jpg/20251204_164956731_iOS.jpg">
        <meta>
          <property name="File/ImageHeight" value="4032"/>
          <property name="File/ImageWidth" value="3024"/>
          <property name="System/FileModifyDate" value="2025:12:07 03:33:18"/>
          <property name="System/FileSize" value="2693232"/>
        </meta>
      </photo>
    </camera>
    <camera camera_id="26">
      <photo path="../../../../../../Cess_3D/5-Data/converted_jpg/20251204_164958120_iOS.jpg">
        <meta>
          <property name="File/ImageHeight" value="4032"/>
          <property name="File/ImageWidth" value="3024"/>
          <property name="System/FileModifyDate" value="2025:12:07 03:33:18"/>
          <property name="System/FileSize" value="2712385"/>
        </meta>
      </photo>
    </camera>
    <camera camera_id="27">
      <photo path="../../../../../../Cess_3D/5-Data/converted_jpg/20251204_164959645_iOS.jpg">
        <meta>
          <property name="File/ImageHeight" value="4032"/>
          <property name="File/ImageWidth" value="3024"/>
          <property name="System/FileModifyDate" value="2025:12:07 03:33:18"/>
          <property name="System/FileSize" value="2807760"/>
        </meta>
      </photo>
    </camera>
    <camera camera_id="28">
      <photo path="../../../../../../Cess_3D/5-Data/converted_jpg/20251204_165000945_iOS.jpg">
        <meta>
          <property name="File/ImageHeight" value="4032"/>
          <property name="File/ImageWidth" value="3024"/>
          <property name="System/FileModifyDate" value="2025:12:07 03:33:18"/>
          <property name="System/FileSize" value="2758243"/>
        </meta>
      </photo>
    </camera>
    <camera camera_id="29">
      <photo path="../../../../../../Cess_3D/5-Data/converted_jpg/20251204_165002338_iOS.jpg">
        <meta>
          <property name="File/ImageHeight" value="4032"/>
          <property name="File/ImageWidth" value="3024"/>
          <property name="System/FileModifyDate" value="2025:12:07 03:33:18"/>
          <property name="System/FileSize" value="2887599"/>
        </meta>
      </photo>
    </camera>
    <camera camera_id="30">
      <photo path="../../../../../../Cess_3D/5-Data/converted_jpg/20251204_165003833_iOS.jpg">
        <meta>
          <property name="File/ImageHeight" value="4032"/>
          <property name="File/ImageWidth" value="3024"/>
          <property name="System/FileModifyDate" value="2025:12:07 03:33:19"/>
          <property name="System/FileSize" value="2888955"/>
        </meta>
      </photo>
    </camera>
    <camera camera_id="31">
      <photo path="../../../../../../Cess_3D/5-Data/converted_jpg/20251204_165005046_iOS.jpg">
        <meta>
          <property name="File/ImageHeight" value="4032"/>
          <property name="File/ImageWidth" value="3024"/>
          <property name="System/FileModifyDate" value="2025:12:07 03:33:19"/>
          <property name="System/FileSize" value="2714556"/>
        </meta>
      </photo>
    </camera>
    <camera camera_id="32">
      <photo path="../../../../../../Cess_3D/5-Data/converted_jpg/20251204_165006416_iOS.jpg">
        <meta>
          <property name="File/ImageHeight" value="4032"/>
          <property name="File/ImageWidth" value="3024"/>
          <property name="System/FileModifyDate" value="2025:12:07 03:33:19"/>
          <property name="System/FileSize" value="2828927"/>
        </meta>
      </photo>
    </camera>
    <camera camera_id="33">
      <photo path="../../../../../../Cess_3D/5-Data/converted_jpg/20251204_165007683_iOS.jpg">
        <meta>
          <property name="File/ImageHeight" value="4032"/>
          <property name="File/ImageWidth" value="3024"/>
          <property name="System/FileModifyDate" value="2025:12:07 03:33:17"/>
          <property name="System/FileSize" value="2854609"/>
        </meta>
      </photo>
    </camera>
    <camera camera_id="34">
      <photo path="../../../../../../Cess_3D/5-Data/converted_jpg/20251204_165008988_iOS.jpg">
        <meta>
          <property name="File/ImageHeight" value="4032"/>
          <property name="File/ImageWidth" value="3024"/>
          <property name="System/FileModifyDate" value="2025:12:07 03:33:17"/>
          <property name="System/FileSize" value="2958249"/>
        </meta>
      </photo>
    </camera>
    <camera camera_id="35">
      <photo path="../../../../../../Cess_3D/5-Data/converted_jpg/20251204_165010102_iOS.jpg">
        <meta>
          <property name="File/ImageHeight" value="4032"/>
          <property name="File/ImageWidth" value="3024"/>
          <property name="System/FileModifyDate" value="2025:12:07 03:33:18"/>
          <property name="System/FileSize" value="3663911"/>
        </meta>
      </photo>
    </camera>
    <camera camera_id="36">
      <photo path="../../../../../../Cess_3D/5-Data/converted_jpg/20251204_165011342_iOS.jpg">
        <meta>
          <property name="File/ImageHeight" value="4032"/>
          <property name="File/ImageWidth" value="3024"/>
          <property name="System/FileModifyDate" value="2025:12:07 03:33:17"/>
          <property name="System/FileSize" value="3712762"/>
        </meta>
      </photo>
    </camera>
    <camera camera_id="37">
      <photo path="../../../../../../Cess_3D/5-Data/converted_jpg/20251204_165012961_iOS.jpg">
        <meta>
          <property name="File/ImageHeight" value="4032"/>
          <property name="File/ImageWidth" value="3024"/>
          <property name="System/FileModifyDate" value="2025:12:07 03:33:17"/>
          <property name="System/FileSize" value="3736613"/>
        </meta>
      </photo>
    </camera>
    <camera camera_id="38">
      <photo path="../../../../../../Cess_3D/5-Data/converted_jpg/20251204_165014143_iOS.jpg">
        <meta>
          <property name="File/ImageHeight" value="4032"/>
          <property name="File/ImageWidth" value="3024"/>
          <property name="System/FileModifyDate" value="2025:12:07 03:33:16"/>
          <property name="System/FileSize" value="3302937"/>
        </meta>
      </photo>
    </camera>
    <camera camera_id="39">
      <photo path="../../../../../../Cess_3D/5-Data/converted_jpg/20251204_165015456_iOS.jpg">
        <meta>
          <property name="File/ImageHeight" value="4032"/>
          <property name="File/ImageWidth" value="3024"/>
          <property name="System/FileModifyDate" value="2025:12:07 03:33:18"/>
          <property name="System/FileSize" value="2889997"/>
        </meta>
      </photo>
    </camera>
    <camera camera_id="40">
      <photo path="../../../../../../Cess_3D/5-Data/converted_jpg/20251204_165017029_iOS.jpg">
        <meta>
          <property name="File/ImageHeight" value="4032"/>
          <property name="File/ImageWidth" value="3024"/>
          <property name="System/FileModifyDate" value="2025:12:07 03:33:17"/>
          <property name="System/FileSize" value="3085096"/>
        </meta>
      </photo>
    </camera>
    <camera camera_id="41">
      <photo path="../../../../../../Cess_3D/5-Data/converted_jpg/20251204_165018068_iOS.jpg">
        <meta>
          <property name="File/ImageHeight" value="4032"/>
          <property name="File/ImageWidth" value="3024"/>
          <property name="System/FileModifyDate" value="2025:12:07 03:33:16"/>
          <property name="System/FileSize" value="2964557"/>
        </meta>
      </photo>
    </camera>
    <camera camera_id="42">
      <photo path="../../../../../../Cess_3D/5-Data/converted_jpg/20251204_165019260_iOS.jpg">
        <meta>
          <property name="File/ImageHeight" value="4032"/>
          <property name="File/ImageWidth" value="3024"/>
          <property name="System/FileModifyDate" value="2025:12:07 03:33:18"/>
          <property name="System/FileSize" value="3023264"/>
        </meta>
      </photo>
    </camera>
    <camera camera_id="43">
      <photo path="../../../../../../Cess_3D/5-Data/converted_jpg/20251204_165020356_iOS.jpg">
        <meta>
          <property name="File/ImageHeight" value="4032"/>
          <property name="File/ImageWidth" value="3024"/>
          <property name="System/FileModifyDate" value="2025:12:07 03:33:18"/>
          <property name="System/FileSize" value="2935630"/>
        </meta>
      </photo>
    </camera>
    <camera camera_id="44">
      <photo path="../../../../../../Cess_3D/5-Data/converted_jpg/20251204_165021373_iOS.jpg">
        <meta>
          <property name="File/ImageHeight" value="4032"/>
          <property name="File/ImageWidth" value="3024"/>
          <property name="System/FileModifyDate" value="2025:12:07 03:33:17"/>
          <property name="System/FileSize" value="2847016"/>
        </meta>
      </photo>
    </camera>
    <camera camera_id="45">
      <photo path="../../../../../../Cess_3D/5-Data/converted_jpg/20251204_165022481_iOS.jpg">
        <meta>
          <property name="File/ImageHeight" value="4032"/>
          <property name="File/ImageWidth" value="3024"/>
          <property name="System/FileModifyDate" value="2025:12:07 03:33:17"/>
          <property name="System/FileSize" value="3697765"/>
        </meta>
      </photo>
    </camera>
    <camera camera_id="46">
      <photo path="../../../../../../Cess_3D/5-Data/converted_jpg/20251204_165023974_iOS.jpg">
        <meta>
          <property name="File/ImageHeight" value="4032"/>
          <property name="File/ImageWidth" value="3024"/>
          <property name="System/FileModifyDate" value="2025:12:07 03:33:17"/>
          <property name="System/FileSize" value="2769690"/>
        </meta>
      </photo>
    </camera>
    <camera camera_id="47">
      <photo path="../../../../../../Cess_3D/5-Data/converted_jpg/20251204_165025488_iOS.jpg">
        <meta>
          <property name="File/ImageHeight" value="4032"/>
          <property name="File/ImageWidth" value="3024"/>
          <property name="System/FileModifyDate" value="2025:12:07 03:33:17"/>
          <property name="System/FileSize" value="3567425"/>
        </meta>
      </photo>
    </camera>
    <camera camera_id="48">
      <photo path="../../../../../../Cess_3D/5-Data/converted_jpg/20251204_165026799_iOS.jpg">
        <meta>
          <property name="File/ImageHeight" value="4032"/>
          <property name="File/ImageWidth" value="3024"/>
          <property name="System/FileModifyDate" value="2025:12:07 03:33:17"/>
          <property name="System/FileSize" value="2919225"/>
        </meta>
      </photo>
    </camera>
    <camera camera_id="49">
      <photo path="../../../../../../Cess_3D/5-Data/converted_jpg/20251204_165027946_iOS.jpg">
        <meta>
          <property name="File/ImageHeight" value="4032"/>
          <property name="File/ImageWidth" value="3024"/>
          <property name="System/FileModifyDate" value="2025:12:07 03:33:17"/>
          <property name="System/FileSize" value="3003962"/>
        </meta>
      </photo>
    </camera>
    <camera camera_id="50">
      <photo path="../../../../../../Cess_3D/5-Data/converted_jpg/20251204_165029464_iOS.jpg">
        <meta>
          <property name="File/ImageHeight" value="4032"/>
          <property name="File/ImageWidth" value="3024"/>
          <property name="System/FileModifyDate" value="2025:12:07 03:33:17"/>
          <property name="System/FileSize" value="2780650"/>
        </meta>
      </photo>
    </camera>
    <camera camera_id="51">
      <photo path="../../../../../../Cess_3D/5-Data/converted_jpg/20251204_165030596_iOS.jpg">
        <meta>
          <property name="File/ImageHeight" value="4032"/>
          <property name="File/ImageWidth" value="3024"/>
          <property name="System/FileModifyDate" value="2025:12:07 03:33:17"/>
          <property name="System/FileSize" value="3628219"/>
        </meta>
      </photo>
    </camera>
    <camera camera_id="52">
      <photo path="../../../../../../Cess_3D/5-Data/converted_jpg/20251204_165031808_iOS.jpg">
        <meta>
          <property name="File/ImageHeight" value="4032"/>
          <property name="File/ImageWidth" value="3024"/>
          <property name="System/FileModifyDate" value="2025:12:07 03:33:18"/>
          <property name="System/FileSize" value="2838864"/>
        </meta>
      </photo>
    </camera>
    <camera camera_id="53">
      <photo path="../../../../../../Cess_3D/5-Data/converted_jpg/20251204_165032902_iOS.jpg">
        <meta>
          <property name="File/ImageHeight" value="4032"/>
          <property name="File/ImageWidth" value="3024"/>
          <property name="System/FileModifyDate" value="2025:12:07 03:33:18"/>
          <property name="System/FileSize" value="2936395"/>
        </meta>
      </photo>
    </camera>
    <camera camera_id="54">
      <photo path="../../../../../../Cess_3D/5-Data/converted_jpg/20251204_165033909_iOS.jpg">
        <meta>
          <property name="File/ImageHeight" value="4032"/>
          <property name="File/ImageWidth" value="3024"/>
          <property name="System/FileModifyDate" value="2025:12:07 03:33:17"/>
          <property name="System/FileSize" value="3572549"/>
        </meta>
      </photo>
    </camera>
    <camera camera_id="55">
      <photo path="../../../../../../Cess_3D/5-Data/converted_jpg/20251204_165034916_iOS.jpg">
        <meta>
          <property name="File/ImageHeight" value="4032"/>
          <property name="File/ImageWidth" value="3024"/>
          <property name="System/FileModifyDate" value="2025:12:07 03:33:17"/>
          <property name="System/FileSize" value="3646876"/>
        </meta>
      </photo>
    </camera>
    <camera camera_id="56">
      <photo path="../../../../../../Cess_3D/5-Data/converted_jpg/20251204_165035951_iOS.jpg">
        <meta>
          <property name="File/ImageHeight" value="4032"/>
          <property name="File/ImageWidth" value="3024"/>
          <property name="System/FileModifyDate" value="2025:12:07 03:33:17"/>
          <property name="System/FileSize" value="3237351"/>
        </meta>
      </photo>
    </camera>
    <camera camera_id="57">
      <photo path="../../../../../../Cess_3D/5-Data/converted_jpg/20251204_165036965_iOS.jpg">
        <meta>
          <property name="File/ImageHeight" value="4032"/>
          <property name="File/ImageWidth" value="3024"/>
          <property name="System/FileModifyDate" value="2025:12:07 03:33:17"/>
          <property name="System/FileSize" value="3735963"/>
        </meta>
      </photo>
    </camera>
    <camera camera_id="58">
      <photo path="../../../../../../Cess_3D/5-Data/converted_jpg/20251204_165038039_iOS.jpg">
        <meta>
          <property name="File/ImageHeight" value="4032"/>
          <property name="File/ImageWidth" value="3024"/>
          <property name="System/FileModifyDate" value="2025:12:07 03:33:17"/>
          <property name="System/FileSize" value="2821464"/>
        </meta>
      </photo>
    </camera>
    <camera camera_id="59">
      <photo path="../../../../../../Cess_3D/5-Data/converted_jpg/20251204_165039134_iOS.jpg">
        <meta>
          <property name="File/ImageHeight" value="4032"/>
          <property name="File/ImageWidth" value="3024"/>
          <property name="System/FileModifyDate" value="2025:12:07 03:33:17"/>
          <property name="System/FileSize" value="2894899"/>
        </meta>
      </photo>
    </camera>
    <camera camera_id="60">
      <photo path="../../../../../../Cess_3D/5-Data/converted_jpg/20251204_165040260_iOS.jpg">
        <meta>
          <property name="File/ImageHeight" value="4032"/>
          <property name="File/ImageWidth" value="3024"/>
          <property name="System/FileModifyDate" value="2025:12:07 03:33:18"/>
          <property name="System/FileSize" value="3513039"/>
        </meta>
      </photo>
    </camera>
    <camera camera_id="61">
      <photo path="../../../../../../Cess_3D/5-Data/converted_jpg/20251204_165041367_iOS.jpg">
        <meta>
          <property name="File/ImageHeight" value="4032"/>
          <property name="File/ImageWidth" value="3024"/>
          <property name="System/FileModifyDate" value="2025:12:07 03:33:17"/>
          <property name="System/FileSize" value="3070126"/>
        </meta>
      </photo>
    </camera>
    <camera camera_id="62">
      <photo path="../../../../../../Cess_3D/5-Data/converted_jpg/20251204_165042358_iOS.jpg">
        <meta>
          <property name="File/ImageHeight" value="4032"/>
          <property name="File/ImageWidth" value="3024"/>
          <property name="System/FileModifyDate" value="2025:12:07 03:33:17"/>
          <property name="System/FileSize" value="3514546"/>
        </meta>
      </photo>
    </camera>
    <camera camera_id="63">
      <photo path="../../../../../../Cess_3D/5-Data/converted_jpg/20251204_165043355_iOS.jpg">
        <meta>
          <property name="File/ImageHeight" value="4032"/>
          <property name="File/ImageWidth" value="3024"/>
          <property name="System/FileModifyDate" value="2025:12:07 03:33:18"/>
          <property name="System/FileSize" value="3597866"/>
        </meta>
      </photo>
    </camera>
    <camera camera_id="64">
      <photo path="../../../../../../Cess_3D/5-Data/converted_jpg/20251204_165044340_iOS.jpg">
        <meta>
          <property name="File/ImageHeight" value="4032"/>
          <property name="File/ImageWidth" value="3024"/>
          <property name="System/FileModifyDate" value="2025:12:07 03:33:18"/>
          <property name="System/FileSize" value="3575069"/>
        </meta>
      </photo>
    </camera>
    <camera camera_id="65">
      <photo path="../../../../../../Cess_3D/5-Data/converted_jpg/20251204_165045386_iOS.jpg">
        <meta>
          <property name="File/ImageHeight" value="4032"/>
          <property name="File/ImageWidth" value="3024"/>
          <property name="System/FileModifyDate" value="2025:12:07 03:33:17"/>
          <property name="System/FileSize" value="2588062"/>
        </meta>
      </photo>
    </camera>
    <camera camera_id="66">
      <photo path="../../../../../../Cess_3D/5-Data/converted_jpg/20251204_165046530_iOS.jpg">
        <meta>
          <property name="File/ImageHeight" value="4032"/>
          <property name="File/ImageWidth" value="3024"/>
          <property name="System/FileModifyDate" value="2025:12:07 03:33:17"/>
          <property name="System/FileSize" value="2765613"/>
        </meta>
      </photo>
    </camera>
    <camera camera_id="67">
      <photo path="../../../../../../Cess_3D/5-Data/converted_jpg/20251204_165047506_iOS.jpg">
        <meta>
          <property name="File/ImageHeight" value="4032"/>
          <property name="File/ImageWidth" value="3024"/>
          <property name="System/FileModifyDate" value="2025:12:07 03:33:17"/>
          <property name="System/FileSize" value="3589808"/>
        </meta>
      </photo>
    </camera>
    <camera camera_id="68">
      <photo path="../../../../../../Cess_3D/5-Data/converted_jpg/20251204_165048598_iOS.jpg">
        <meta>
          <property name="File/ImageHeight" value="4032"/>
          <property name="File/ImageWidth" value="3024"/>
          <property name="System/FileModifyDate" value="2025:12:07 03:33:17"/>
          <property name="System/FileSize" value="2756409"/>
        </meta>
      </photo>
    </camera>
  </cameras>
  <markers>
    <marker marker_id="0">
      <location camera_id="0" pinned="false" x="1450.42566" y="1534.84448"/>
      <location camera_id="1" pinned="false" x="1409.76086" y="1531.94714"/>
      <location camera_id="2" pinned="false" x="1323.90442" y="1523.32288"/>
      <location camera_id="3" pinned="false" x="1240.28931" y="1509.81433"/>
      <location camera_id="4" pinned="false" x="1106.91467" y="1478.04089"/>
      <location camera_id="5" pinned="false" x="994.236206" y="1438.51465"/>
      <location camera_id="6" pinned="false" x="878.042603" y="1382.06458"/>
      <location camera_id="7" pinned="false" x="810.471558" y="1336.02307"/>
      <location camera_id="8" pinned="false" x="750.433472" y="1281.97742"/>
      <location camera_id="9" pinned="false" x="709.389343" y="1232.16248"/>
      <location camera_id="10" pinned="false" x="676.653992" y="1162.58508"/>
      <location camera_id="11" pinned="false" x="668.930115" y="1100.03467"/>
      <location camera_id="12" pinned="false" x="686.298279" y="1015.69952"/>
      <location camera_id="13" pinned="false" x="715.930237" y="964.723083"/>
      <location camera_id="14" pinned="false" x="758.580078" y="915.473145"/>
      <location camera_id="15" pinned="false" x="793.205322" y="884.04657"/>
      <location camera_id="16" pinned="false" x="831.421509" y="856.616821"/>
      <location camera_id="17" pinned="false" x="891.00769" y="821.560303"/>
      <location camera_id="18" pinned="false" x="973.205994" y="783.456299"/>
      <location camera_id="19" pinned="false" x="1026.94971" y="763.154236"/>
      <location camera_id="20" pinned="false" x="1087.98767" y="743.445007"/>
      <location camera_id="21" pinned="false" x="1140.36365" y="729.788574"/>
      <location camera_id="22" pinned="false" x="1175.51807" y="722.053284"/>
      <location camera_id="23" pinned="false" x="1231.17993" y="710.932434"/>
      <location camera_id="24" pinned="false" x="1313.01562" y="699.398193"/>
      <location camera_id="25" pinned="false" x="1389.36658" y="692.413635"/>
      <location camera_id="26" pinned="false" x="1490.73108" y="688.978455"/>
      <location camera_id="27" pinned="false" x="1548.00208" y="689.304016"/>
      <location camera_id="28" pinned="false" x="1619.56519" y="692.044922"/>
      <location camera_id="29" pinned="false" x="1674.38916" y="696.790039"/>
      <location camera_id="30" pinned="false" x="1744.23389" y="705.24762"/>
      <location camera_id="31" pinned="false" x="1836.0741" y="721.823853"/>
      <location camera_id="32" pinned="false" x="1892.69751" y="733.759766"/>
      <location camera_id="33" pinned="false" x="1951.75903" y="749.294983"/>
      <location camera_id="34" pinned="false" x="1999.72864" y="764.005981"/>
      <location camera_id="35" pinned="false" x="2037.80237" y="776.676331"/>
      <location camera_id="36" pinned="false" x="2085.32617" y="796.743042"/>
      <location camera_id="37" pinned="false" x="2121.42041" y="812.831848"/>
      <location camera_id="38" pinned="false" x="2177.71606" y="842.944397"/>
      <location camera_id="39" pinned="false" x="2208.33716" y="860.880005"/>
      <location camera_id="40" pinned="false" x="2244.23535" y="886.235718"/>
      <location camera_id="42" pinned="false" x="2304.93188" y="943.155273"/>
      <location camera_id="43" pinned="false" x="2331.49048" y="976.292419"/>
      <location camera_id="44" pinned="false" x="2352.19043" y="1012.10242"/>
      <location camera_id="45" pinned="false" x="2366.82959" y="1045.33484"/>
      <location camera_id="46" pinned="false" x="2373.61841" y="1069.07275"/>
      <location camera_id="50" pinned="false" x="2354.45654" y="1220.1842"/>
      <location camera_id="51" pinned="false" x="2328.28394" y="1261.91199"/>
      <location camera_id="52" pinned="false" x="2284.59717" y="1314.76892"/>
      <location camera_id="53" pinned="false" x="2254.04077" y="1339.90759"/>
      <location camera_id="54" pinned="false" x="2218.16968" y="1367.57983"/>
      <location camera_id="55" pinned="false" x="2167.14526" y="1396.46692"/>
      <location camera_id="56" pinned="false" x="2133.09326" y="1416.46948"/>
      <location camera_id="57" pinned="false" x="2086.50513" y="1438.39966"/>
      <location camera_id="58" pinned="false" x="2023.21033" y="1462.75806"/>
      <location camera_id="59" pinned="false" x="1958.03186" y="1484.95837"/>
      <location camera_id="60" pinned="false" x="1878.45825" y="1506.46497"/>
      <location camera_id="61" pinned="false" x="1786.35303" y="1523.30664"/>
      <location camera_id="62" pinned="false" x="1673.98975" y="1537.49353"/>
      <location camera_id="63" pinned="false" x="1595.81262" y="1542.03564"/>
      <location camera_id="64" pinned="false" x="1533.6593" y="1543.09521"/>
      <location camera_id="65" pinned="false" x="1468.73767" y="1541.44165"/>
      <location camera_id="66" pinned="false" x="1374.37939" y="1534.87573"/>
      <location camera_id="67" pinned="false" x="1308.36499" y="1526.89636"/>
      <location camera_id="68" pinned="false" x="1247.67029" y="1518.03833"/>
    </marker>
    <marker marker_id="1">
      <location camera_id="0" pinned="false" x="1408.43982" y="1395.87402"/>
      <location camera_id="1" pinned="false" x="1378.87866" y="1392.32141"/>
      <location camera_id="2" pinned="false" x="1316.73633" y="1383.2981"/>
      <location camera_id="3" pinned="false" x="1256.97961" y="1370.87842"/>
      <location camera_id="4" pinned="false" x="1162.66028" y="1344.05347"/>
      <location camera_id="5" pinned="false" x="1083.90991" y="1312.25488"/>
      <location camera_id="6" pinned="false" x="1003.83435" y="1268.48743"/>
      <location camera_id="7" pinned="false" x="957.829468" y="1233.15588"/>
      <location camera_id="8" pinned="false" x="917.398865" y="1191.95728"/>
      <location camera_id="9" pinned="false" x="890.406921" y="1154.51941"/>
      <location camera_id="10" pinned="false" x="870.343994" y="1101.63574"/>
      <location camera_id="11" pinned="false" x="869.047974" y="1054.76318"/>
      <location camera_id="12" pinned="false" x="887.275391" y="991.765076"/>
      <location camera_id="13" pinned="false" x="912.898315" y="953.918457"/>
      <location camera_id="14" pinned="false" x="948.748169" y="916.837402"/>
      <location camera_id="15" pinned="false" x="977.454773" y="893.070923"/>
      <location camera_id="16" pinned="false" x="1008.9425" y="872.671631"/>
      <location camera_id="17" pinned="false" x="1057.81689" y="846.54364"/>
      <location camera_id="18" pinned="false" x="1125.07361" y="818.502441"/>
      <location camera_id="19" pinned="false" x="1168.90063" y="803.634888"/>
      <location camera_id="20" pinned="false" x="1218.72437" y="789.427673"/>
      <location camera_id="21" pinned="false" x="1261.32361" y="779.874023"/>
      <location camera_id="22" pinned="false" x="1289.95142" y="774.565613"/>
      <location camera_id="23" pinned="false" x="1335.16931" y="767.043823"/>
      <location camera_id="24" pinned="false" x="1401.55847" y="760.039307"/>
      <location camera_id="25" pinned="false" x="1463.31116" y="756.490784"/>
      <location camera_id="26" pinned="false" x="1544.68677" y="756.392639"/>
      <location camera_id="27" pinned="false" x="1590.4906" y="758.3396"/>
      <location camera_id="28" pinned="false" x="1647.5011" y="762.56897"/>
      <location camera_id="29" pinned="false" x="1690.86255" y="768.105957"/>
      <location camera_id="30" pinned="false" x="1745.82581" y="777.057617"/>
      <location camera_id="31" pinned="false" x="1817.28357" y="793.449707"/>
      <location camera_id="32" pinned="false" x="1860.79004" y="804.817261"/>
      <location camera_id="33" pinned="false" x="1905.69019" y="819.265869"/>
      <location camera_id="34" pinned="false" x="1941.65466" y="832.63324"/>
      <location camera_id="35" pinned="false" x="1969.89062" y="843.984131"/>
      <location camera_id="36" pinned="false" x="2004.45837" y="861.832642"/>
      <location camera_id="37" pinned="false" x="2030.36755" y="875.861267"/>
      <location camera_id="38" pinned="false" x="2069.91284" y="901.872009"/>
      <location camera_id="39" pinned="false" x="2090.60522" y="917.145264"/>
      <location camera_id="40" pinned="false" x="2114.43384" y="938.384399"/>
      <location camera_id="41" pinned="false" x="2136.7959" y="964.396851"/>
      <location camera_id="42" pinned="false" x="2151.573" y="985.736755"/>
      <location camera_id="43" pinned="false" x="2165.86938" y="1012.65283"/>
      <location camera_id="44" pinned="false" x="2175.19189" y="1041.68262"/>
      <location camera_id="50" pinned="false" x="2134.62671" y="1201.13745"/>
      <location camera_id="51" pinned="false" x="2106.08838" y="1231.23389"/>
      <location camera_id="52" pinned="false" x="2063.42773" y="1269.39026"/>
      <location camera_id="53" pinned="false" x="2035.22144" y="1286.28784"/>
      <location camera_id="54" pinned="false" x="2003.30688" y="1305.54126"/>
      <location camera_id="55" pinned="false" x="1959.16187" y="1324.31555"/>
      <location camera_id="56" pinned="false" x="1930.68909" y="1337.72815"/>
      <location camera_id="57" pinned="false" x="1892.30286" y="1351.78528"/>
      <location camera_id="58" pinned="false" x="1841.02734" y="1366.93896"/>
      <location camera_id="59" pinned="false" x="1789.46912" y="1380.67358"/>
      <location camera_id="60" pinned="false" x="1727.64514" y="1392.99231"/>
      <location camera_id="61" pinned="false" x="1657.22021" y="1401.43811"/>
      <location camera_id="62" pinned="false" x="1572.82825" y="1407.29468"/>
      <location camera_id="63" pinned="false" x="1514.78723" y="1407.67737"/>
      <location camera_id="64" pinned="false" x="1468.90649" y="1406.23718"/>
      <location camera_id="65" pinned="false" x="1421.82385" y="1402.5575"/>
      <location camera_id="66" pinned="false" x="1353.74194" y="1394.57202"/>
      <location camera_id="67" pinned="false" x="1306.13916" y="1386.71851"/>
      <location camera_id="68" pinned="false" x="1262.81824" y="1378.63696"/>
    </marker>
  </markers>
  <thumbnails path="thumbnails/thumbnails.zip"/>
  <point_cloud path="point_cloud/point_cloud.zip"/>
  <depth_maps id="0" path="depth_maps/depth_maps.zip"/>
  <dense_cloud id="0" path="dense_cloud/dense_cloud.zip"/>
  <model id="0" path="model/model.zip"/>
  <orthomosaic id="0" path="orthomosaic/orthomosaic.zip"/>
  <shapes path="shapes/shapes.zip"/>
</frame>
