<?xml version="1.0" encoding="UTF-8"?>
<orthomosaic version="1.2.0">
  <images level_count="10">
    <image id="19">
      <extent>
        <left>-1.8685329300000002</left>
        <top>4.3325753100000002</top>
        <right>3.4676222399999994</right>
        <bottom>-0.37292559000000036</bottom>
      </extent>
      <center>
        <x>5.0868078145431168</x>
        <y>1.0723767692115038</y>
      </center>
      <pyramid>
        <level index="0" path="0/c19.tif" mask="0/m19.tif"/>
        <level index="1" path="1/c19.tif" mask="1/m19.tif"/>
        <level index="2" path="2/c19.tif" mask="2/m19.tif"/>
        <level index="3" path="3/c19.tif" mask="3/m19.tif"/>
        <level index="4" path="4/c19.tif" mask="4/m19.tif"/>
        <level index="5" path="5/c19.tif" mask="5/m19.tif"/>
        <level index="6" path="6/c19.tif" mask="6/m19.tif"/>
        <level index="7" path="7/c19.tif" mask="7/m19.tif"/>
        <level index="8" path="8/c19.tif" mask="8/m19.tif"/>
        <level index="9" path="9/c19.tif" mask="9/m19.tif"/>
      </pyramid>
    </image>
    <image id="21">
      <extent>
        <left>-1.8451030500000001</left>
        <top>4.3325753100000002</top>
        <right>3.4676222400000003</right>
        <bottom>-0.37878305999999995</bottom>
      </extent>
      <center>
        <x>5.9139643318766604</x>
        <y>1.7691559456371793</y>
      </center>
      <pyramid>
        <level index="0" path="0/c21.tif" mask="0/m21.tif"/>
        <level index="1" path="1/c21.tif" mask="1/m21.tif"/>
        <level index="2" path="2/c21.tif" mask="2/m21.tif"/>
        <level index="3" path="3/c21.tif" mask="3/m21.tif"/>
        <level index="4" path="4/c21.tif" mask="4/m21.tif"/>
        <level index="5" path="5/c21.tif" mask="5/m21.tif"/>
        <level index="6" path="6/c21.tif" mask="6/m21.tif"/>
        <level index="7" path="7/c21.tif" mask="7/m21.tif"/>
        <level index="8" path="8/c21.tif" mask="8/m21.tif"/>
        <level index="9" path="9/c21.tif" mask="9/m21.tif"/>
      </pyramid>
    </image>
    <image id="20">
      <extent>
        <left>-1.8509605200000001</left>
        <top>4.3325753100000002</top>
        <right>3.4676222400000007</right>
        <bottom>-0.37878305999999995</bottom>
      </extent>
      <center>
        <x>5.5573684059127419</x>
        <y>1.4393406429660458</y>
      </center>
      <pyramid>
        <level index="0" path="0/c20.tif" mask="0/m20.tif"/>
        <level index="1" path="1/c20.tif" mask="1/m20.tif"/>
        <level index="2" path="2/c20.tif" mask="2/m20.tif"/>
        <level index="3" path="3/c20.tif" mask="3/m20.tif"/>
        <level index="4" path="4/c20.tif" mask="4/m20.tif"/>
        <level index="5" path="5/c20.tif" mask="5/m20.tif"/>
        <level index="6" path="6/c20.tif" mask="6/m20.tif"/>
        <level index="7" path="7/c20.tif" mask="7/m20.tif"/>
        <level index="8" path="8/c20.tif" mask="8/m20.tif"/>
        <level index="9" path="9/c20.tif" mask="9/m20.tif"/>
      </pyramid>
    </image>
    <image id="18">
      <extent>
        <left>-1.8685329300000002</left>
        <top>4.3325753100000002</top>
        <right>3.4676222399999994</right>
        <bottom>-0.36902060999999975</bottom>
      </extent>
      <center>
        <x>4.6056170543698061</x>
        <y>0.76005558845797261</y>
      </center>
      <pyramid>
        <level index="0" path="0/c18.tif" mask="0/m18.tif"/>
        <level index="1" path="1/c18.tif" mask="1/m18.tif"/>
        <level index="2" path="2/c18.tif" mask="2/m18.tif"/>
        <level index="3" path="3/c18.tif" mask="3/m18.tif"/>
        <level index="4" path="4/c18.tif" mask="4/m18.tif"/>
        <level index="5" path="5/c18.tif" mask="5/m18.tif"/>
        <level index="6" path="6/c18.tif" mask="6/m18.tif"/>
        <level index="7" path="7/c18.tif" mask="7/m18.tif"/>
        <level index="8" path="8/c18.tif" mask="8/m18.tif"/>
        <level index="9" path="9/c18.tif" mask="9/m18.tif"/>
      </pyramid>
    </image>
    <image id="22">
      <extent>
        <left>-1.8529130100000002</left>
        <top>4.3325753100000002</top>
        <right>3.4676222399999999</right>
        <bottom>-0.37878305999999995</bottom>
      </extent>
      <center>
        <x>6.1264041204730226</x>
        <y>1.9951671712723618</y>
      </center>
      <pyramid>
        <level index="0" path="0/c22.tif" mask="0/m22.tif"/>
        <level index="1" path="1/c22.tif" mask="1/m22.tif"/>
        <level index="2" path="2/c22.tif" mask="2/m22.tif"/>
        <level index="3" path="3/c22.tif" mask="3/m22.tif"/>
        <level index="4" path="4/c22.tif" mask="4/m22.tif"/>
        <level index="5" path="5/c22.tif" mask="5/m22.tif"/>
        <level index="6" path="6/c22.tif" mask="6/m22.tif"/>
        <level index="7" path="7/c22.tif" mask="7/m22.tif"/>
        <level index="8" path="8/c22.tif" mask="8/m22.tif"/>
        <level index="9" path="9/c22.tif" mask="9/m22.tif"/>
      </pyramid>
    </image>
    <image id="25">
      <extent>
        <left>-1.8548655000000003</left>
        <top>4.3345278</top>
        <right>3.4676222399999994</right>
        <bottom>-0.37878305999999995</bottom>
      </extent>
      <center>
        <x>7.0261918218006016</x>
        <y>3.4417315217504787</y>
      </center>
      <pyramid>
        <level index="0" path="0/c25.tif" mask="0/m25.tif"/>
        <level index="1" path="1/c25.tif" mask="1/m25.tif"/>
        <level index="2" path="2/c25.tif" mask="2/m25.tif"/>
        <level index="3" path="3/c25.tif" mask="3/m25.tif"/>
        <level index="4" path="4/c25.tif" mask="4/m25.tif"/>
        <level index="5" path="5/c25.tif" mask="5/m25.tif"/>
        <level index="6" path="6/c25.tif" mask="6/m25.tif"/>
        <level index="7" path="7/c25.tif" mask="7/m25.tif"/>
        <level index="8" path="8/c25.tif" mask="8/m25.tif"/>
        <level index="9" path="9/c25.tif" mask="9/m25.tif"/>
      </pyramid>
    </image>
    <image id="23">
      <extent>
        <left>-1.8685329300000002</left>
        <top>4.3345278</top>
        <right>3.4676222399999994</right>
        <bottom>-0.37878305999999995</bottom>
      </extent>
      <center>
        <x>6.4246647366643668</x>
        <y>2.3616861342476994</y>
      </center>
      <pyramid>
        <level index="0" path="0/c23.tif" mask="0/m23.tif"/>
        <level index="1" path="1/c23.tif" mask="1/m23.tif"/>
        <level index="2" path="2/c23.tif" mask="2/m23.tif"/>
        <level index="3" path="3/c23.tif" mask="3/m23.tif"/>
        <level index="4" path="4/c23.tif" mask="4/m23.tif"/>
        <level index="5" path="5/c23.tif" mask="5/m23.tif"/>
        <level index="6" path="6/c23.tif" mask="6/m23.tif"/>
        <level index="7" path="7/c23.tif" mask="7/m23.tif"/>
        <level index="8" path="8/c23.tif" mask="8/m23.tif"/>
        <level index="9" path="9/c23.tif" mask="9/m23.tif"/>
      </pyramid>
    </image>
    <image id="24">
      <extent>
        <left>-1.8685329300000002</left>
        <top>4.3345278</top>
        <right>3.4676222399999994</right>
        <bottom>-0.37878305999999995</bottom>
      </extent>
      <center>
        <x>6.7792096586582753</x>
        <y>2.9117308323874309</y>
      </center>
      <pyramid>
        <level index="0" path="0/c24.tif" mask="0/m24.tif"/>
        <level index="1" path="1/c24.tif" mask="1/m24.tif"/>
        <level index="2" path="2/c24.tif" mask="2/m24.tif"/>
        <level index="3" path="3/c24.tif" mask="3/m24.tif"/>
        <level index="4" path="4/c24.tif" mask="4/m24.tif"/>
        <level index="5" path="5/c24.tif" mask="5/m24.tif"/>
        <level index="6" path="6/c24.tif" mask="6/m24.tif"/>
        <level index="7" path="7/c24.tif" mask="7/m24.tif"/>
        <level index="8" path="8/c24.tif" mask="8/m24.tif"/>
        <level index="9" path="9/c24.tif" mask="9/m24.tif"/>
      </pyramid>
    </image>
    <image id="26">
      <extent>
        <left>-1.8411980700000001</left>
        <top>4.3345278</top>
        <right>3.4676222400000007</right>
        <bottom>-0.37878305999999995</bottom>
      </extent>
      <center>
        <x>7.2445751644641083</x>
        <y>4.157520209233482</y>
      </center>
      <pyramid>
        <level index="0" path="0/c26.tif" mask="0/m26.tif"/>
        <level index="1" path="1/c26.tif" mask="1/m26.tif"/>
        <level index="2" path="2/c26.tif" mask="2/m26.tif"/>
        <level index="3" path="3/c26.tif" mask="3/m26.tif"/>
        <level index="4" path="4/c26.tif" mask="4/m26.tif"/>
        <level index="5" path="5/c26.tif" mask="5/m26.tif"/>
        <level index="6" path="6/c26.tif" mask="6/m26.tif"/>
        <level index="7" path="7/c26.tif" mask="7/m26.tif"/>
        <level index="8" path="8/c26.tif" mask="8/m26.tif"/>
        <level index="9" path="9/c26.tif" mask="9/m26.tif"/>
      </pyramid>
    </image>
    <image id="28">
      <extent>
        <left>-1.7884808400000001</left>
        <top>4.3345278</top>
        <right>3.4676222399999999</right>
        <bottom>-0.1932965099999997</bottom>
      </extent>
      <center>
        <x>7.3083660598084865</x>
        <y>5.0762072170768553</y>
      </center>
      <pyramid>
        <level index="0" path="0/c28.tif" mask="0/m28.tif"/>
        <level index="1" path="1/c28.tif" mask="1/m28.tif"/>
        <level index="2" path="2/c28.tif" mask="2/m28.tif"/>
        <level index="3" path="3/c28.tif" mask="3/m28.tif"/>
        <level index="4" path="4/c28.tif" mask="4/m28.tif"/>
        <level index="5" path="5/c28.tif" mask="5/m28.tif"/>
        <level index="6" path="6/c28.tif" mask="6/m28.tif"/>
        <level index="7" path="7/c28.tif" mask="7/m28.tif"/>
        <level index="8" path="8/c28.tif" mask="8/m28.tif"/>
        <level index="9" path="9/c28.tif" mask="9/m28.tif"/>
      </pyramid>
    </image>
    <image id="27">
      <extent>
        <left>-1.7982432900000003</left>
        <top>4.3345278</top>
        <right>3.4676222399999999</right>
        <bottom>-0.35730566999999969</bottom>
      </extent>
      <center>
        <x>7.3007468552468859</x>
        <y>4.5664843245275186</y>
      </center>
      <pyramid>
        <level index="0" path="0/c27.tif" mask="0/m27.tif"/>
        <level index="1" path="1/c27.tif" mask="1/m27.tif"/>
        <level index="2" path="2/c27.tif" mask="2/m27.tif"/>
        <level index="3" path="3/c27.tif" mask="3/m27.tif"/>
        <level index="4" path="4/c27.tif" mask="4/m27.tif"/>
        <level index="5" path="5/c27.tif" mask="5/m27.tif"/>
        <level index="6" path="6/c27.tif" mask="6/m27.tif"/>
        <level index="7" path="7/c27.tif" mask="7/m27.tif"/>
        <level index="8" path="8/c27.tif" mask="8/m27.tif"/>
        <level index="9" path="9/c27.tif" mask="9/m27.tif"/>
      </pyramid>
    </image>
    <image id="29">
      <extent>
        <left>-1.8685329300000002</left>
        <top>4.3345278</top>
        <right>3.4676222399999994</right>
        <bottom>-0.068337149999999625</bottom>
      </extent>
      <center>
        <x>7.2672704363101444</x>
        <y>5.4693182899581343</y>
      </center>
      <pyramid>
        <level index="0" path="0/c29.tif" mask="0/m29.tif"/>
        <level index="1" path="1/c29.tif" mask="1/m29.tif"/>
        <level index="2" path="2/c29.tif" mask="2/m29.tif"/>
        <level index="3" path="3/c29.tif" mask="3/m29.tif"/>
        <level index="4" path="4/c29.tif" mask="4/m29.tif"/>
        <level index="5" path="5/c29.tif" mask="5/m29.tif"/>
        <level index="6" path="6/c29.tif" mask="6/m29.tif"/>
        <level index="7" path="7/c29.tif" mask="7/m29.tif"/>
        <level index="8" path="8/c29.tif" mask="8/m29.tif"/>
        <level index="9" path="9/c29.tif" mask="9/m29.tif"/>
      </pyramid>
    </image>
    <image id="30">
      <extent>
        <left>-1.9602999600000002</left>
        <top>4.3345278</top>
        <right>3.4676222399999999</right>
        <bottom>0.13862679</bottom>
      </extent>
      <center>
        <x>7.1550793754742799</x>
        <y>5.9619384679629004</y>
      </center>
      <pyramid>
        <level index="0" path="0/c30.tif" mask="0/m30.tif"/>
        <level index="1" path="1/c30.tif" mask="1/m30.tif"/>
        <level index="2" path="2/c30.tif" mask="2/m30.tif"/>
        <level index="3" path="3/c30.tif" mask="3/m30.tif"/>
        <level index="4" path="4/c30.tif" mask="4/m30.tif"/>
        <level index="5" path="5/c30.tif" mask="5/m30.tif"/>
        <level index="6" path="6/c30.tif" mask="6/m30.tif"/>
        <level index="7" path="7/c30.tif" mask="7/m30.tif"/>
        <level index="8" path="8/c30.tif" mask="8/m30.tif"/>
        <level index="9" path="9/c30.tif" mask="9/m30.tif"/>
      </pyramid>
    </image>
    <image id="31">
      <extent>
        <left>-1.9602999600000002</left>
        <top>4.3345278</top>
        <right>3.4676222399999999</right>
        <bottom>0.13862679</bottom>
      </extent>
      <center>
        <x>6.897240006416772</x>
        <y>6.6038408038601446</y>
      </center>
      <pyramid>
        <level index="0" path="0/c31.tif" mask="0/m31.tif"/>
        <level index="1" path="1/c31.tif" mask="1/m31.tif"/>
        <level index="2" path="2/c31.tif" mask="2/m31.tif"/>
        <level index="3" path="3/c31.tif" mask="3/m31.tif"/>
        <level index="4" path="4/c31.tif" mask="4/m31.tif"/>
        <level index="5" path="5/c31.tif" mask="5/m31.tif"/>
        <level index="6" path="6/c31.tif" mask="6/m31.tif"/>
        <level index="7" path="7/c31.tif" mask="7/m31.tif"/>
        <level index="8" path="8/c31.tif" mask="8/m31.tif"/>
        <level index="9" path="9/c31.tif" mask="9/m31.tif"/>
      </pyramid>
    </image>
    <image id="33">
      <extent>
        <left>-1.9602999600000002</left>
        <top>4.3345278</top>
        <right>3.4676222399999999</right>
        <bottom>0.15619919999999965</bottom>
      </extent>
      <center>
        <x>6.3818149918426412</x>
        <y>7.390453590856759</y>
      </center>
      <pyramid>
        <level index="0" path="0/c33.tif" mask="0/m33.tif"/>
        <level index="1" path="1/c33.tif" mask="1/m33.tif"/>
        <level index="2" path="2/c33.tif" mask="2/m33.tif"/>
        <level index="3" path="3/c33.tif" mask="3/m33.tif"/>
        <level index="4" path="4/c33.tif" mask="4/m33.tif"/>
        <level index="5" path="5/c33.tif" mask="5/m33.tif"/>
        <level index="6" path="6/c33.tif" mask="6/m33.tif"/>
        <level index="7" path="7/c33.tif" mask="7/m33.tif"/>
        <level index="8" path="8/c33.tif" mask="8/m33.tif"/>
        <level index="9" path="9/c33.tif" mask="9/m33.tif"/>
      </pyramid>
    </image>
    <image id="32">
      <extent>
        <left>-1.9602999600000002</left>
        <top>4.3345278</top>
        <right>3.4676222399999999</right>
        <bottom>0.17962907999999977</bottom>
      </extent>
      <center>
        <x>6.672082556180718</x>
        <y>6.9933678366446559</y>
      </center>
      <pyramid>
        <level index="0" path="0/c32.tif" mask="0/m32.tif"/>
        <level index="1" path="1/c32.tif" mask="1/m32.tif"/>
        <level index="2" path="2/c32.tif" mask="2/m32.tif"/>
        <level index="3" path="3/c32.tif" mask="3/m32.tif"/>
        <level index="4" path="4/c32.tif" mask="4/m32.tif"/>
        <level index="5" path="5/c32.tif" mask="5/m32.tif"/>
        <level index="6" path="6/c32.tif" mask="6/m32.tif"/>
        <level index="7" path="7/c32.tif" mask="7/m32.tif"/>
        <level index="8" path="8/c32.tif" mask="8/m32.tif"/>
        <level index="9" path="9/c32.tif" mask="9/m32.tif"/>
      </pyramid>
    </image>
    <image id="34">
      <extent>
        <left>-1.9602999600000002</left>
        <top>4.3345278</top>
        <right>3.4676222399999999</right>
        <bottom>0.14643675000000034</bottom>
      </extent>
      <center>
        <x>6.0988592988384172</x>
        <y>7.7053059111503082</y>
      </center>
      <pyramid>
        <level index="0" path="0/c34.tif" mask="0/m34.tif"/>
        <level index="1" path="1/c34.tif" mask="1/m34.tif"/>
        <level index="2" path="2/c34.tif" mask="2/m34.tif"/>
        <level index="3" path="3/c34.tif" mask="3/m34.tif"/>
        <level index="4" path="4/c34.tif" mask="4/m34.tif"/>
        <level index="5" path="5/c34.tif" mask="5/m34.tif"/>
        <level index="6" path="6/c34.tif" mask="6/m34.tif"/>
        <level index="7" path="7/c34.tif" mask="7/m34.tif"/>
        <level index="8" path="8/c34.tif" mask="8/m34.tif"/>
        <level index="9" path="9/c34.tif" mask="9/m34.tif"/>
      </pyramid>
    </image>
    <image id="35">
      <extent>
        <left>-1.9602999600000002</left>
        <top>4.3345278</top>
        <right>3.4676222399999999</right>
        <bottom>0.14643675000000034</bottom>
      </extent>
      <center>
        <x>5.8423252236947381</x>
        <y>7.9491441708943196</y>
      </center>
      <pyramid>
        <level index="0" path="0/c35.tif" mask="0/m35.tif"/>
        <level index="1" path="1/c35.tif" mask="1/m35.tif"/>
        <level index="2" path="2/c35.tif" mask="2/m35.tif"/>
        <level index="3" path="3/c35.tif" mask="3/m35.tif"/>
        <level index="4" path="4/c35.tif" mask="4/m35.tif"/>
        <level index="5" path="5/c35.tif" mask="5/m35.tif"/>
        <level index="6" path="6/c35.tif" mask="6/m35.tif"/>
        <level index="7" path="7/c35.tif" mask="7/m35.tif"/>
        <level index="8" path="8/c35.tif" mask="8/m35.tif"/>
        <level index="9" path="9/c35.tif" mask="9/m35.tif"/>
      </pyramid>
    </image>
  </images>
</orthomosaic>
