<?xml version="1.0" encoding="UTF-8"?>
<depth_maps version="1.5.0">
  <depth_map camera_id="0" level="0" path="0/d0.exr">
    <calibration type="frame">
      <resolution width="756" height="1008"/>
      <f>778.65038137734155</f>
      <cx>0.097786989100768551</cx>
      <cy>-7.5438318510706495</cy>
    </calibration>
  </depth_map>
  <depth_map camera_id="0" level="1" path="1/d0.exr">
    <calibration type="frame">
      <resolution width="378" height="504"/>
      <f>389.32519068867077</f>
      <cx>0.048893494550384275</cx>
      <cy>-3.7719159255353247</cy>
    </calibration>
  </depth_map>
  <depth_map camera_id="0" level="2" path="2/d0.exr">
    <calibration type="frame">
      <resolution width="189" height="252"/>
      <f>194.66259534433539</f>
      <cx>0.024446747275192138</cx>
      <cy>-1.8859579627676624</cy>
    </calibration>
  </depth_map>
  <depth_map camera_id="1" level="0" path="0/d1.exr">
    <calibration type="frame">
      <resolution width="756" height="1008"/>
      <f>778.65038137734155</f>
      <cx>0.097786989100768551</cx>
      <cy>-7.5438318510706495</cy>
    </calibration>
  </depth_map>
  <depth_map camera_id="1" level="1" path="1/d1.exr">
    <calibration type="frame">
      <resolution width="378" height="504"/>
      <f>389.32519068867077</f>
      <cx>0.048893494550384275</cx>
      <cy>-3.7719159255353247</cy>
    </calibration>
  </depth_map>
  <depth_map camera_id="1" level="2" path="2/d1.exr">
    <calibration type="frame">
      <resolution width="189" height="252"/>
      <f>194.66259534433539</f>
      <cx>0.024446747275192138</cx>
      <cy>-1.8859579627676624</cy>
    </calibration>
  </depth_map>
  <depth_map camera_id="2" level="0" path="0/d2.exr">
    <calibration type="frame">
      <resolution width="756" height="1008"/>
      <f>778.65038137734155</f>
      <cx>0.097786989100768551</cx>
      <cy>-7.5438318510706495</cy>
    </calibration>
  </depth_map>
  <depth_map camera_id="2" level="1" path="1/d2.exr">
    <calibration type="frame">
      <resolution width="378" height="504"/>
      <f>389.32519068867077</f>
      <cx>0.048893494550384275</cx>
      <cy>-3.7719159255353247</cy>
    </calibration>
  </depth_map>
  <depth_map camera_id="2" level="2" path="2/d2.exr">
    <calibration type="frame">
      <resolution width="189" height="252"/>
      <f>194.66259534433539</f>
      <cx>0.024446747275192138</cx>
      <cy>-1.8859579627676624</cy>
    </calibration>
  </depth_map>
  <depth_map camera_id="3" level="0" path="0/d3.exr">
    <calibration type="frame">
      <resolution width="756" height="1008"/>
      <f>778.65038137734155</f>
      <cx>0.097786989100768551</cx>
      <cy>-7.5438318510706495</cy>
    </calibration>
  </depth_map>
  <depth_map camera_id="3" level="1" path="1/d3.exr">
    <calibration type="frame">
      <resolution width="378" height="504"/>
      <f>389.32519068867077</f>
      <cx>0.048893494550384275</cx>
      <cy>-3.7719159255353247</cy>
    </calibration>
  </depth_map>
  <depth_map camera_id="3" level="2" path="2/d3.exr">
    <calibration type="frame">
      <resolution width="189" height="252"/>
      <f>194.66259534433539</f>
      <cx>0.024446747275192138</cx>
      <cy>-1.8859579627676624</cy>
    </calibration>
  </depth_map>
  <depth_map camera_id="4" level="0" path="0/d4.exr">
    <calibration type="frame">
      <resolution width="756" height="1008"/>
      <f>778.65038137734155</f>
      <cx>0.097786989100768551</cx>
      <cy>-7.5438318510706495</cy>
    </calibration>
  </depth_map>
  <depth_map camera_id="4" level="1" path="1/d4.exr">
    <calibration type="frame">
      <resolution width="378" height="504"/>
      <f>389.32519068867077</f>
      <cx>0.048893494550384275</cx>
      <cy>-3.7719159255353247</cy>
    </calibration>
  </depth_map>
  <depth_map camera_id="4" level="2" path="2/d4.exr">
    <calibration type="frame">
      <resolution width="189" height="252"/>
      <f>194.66259534433539</f>
      <cx>0.024446747275192138</cx>
      <cy>-1.8859579627676624</cy>
    </calibration>
  </depth_map>
  <depth_map camera_id="5" level="0" path="0/d5.exr">
    <calibration type="frame">
      <resolution width="756" height="1008"/>
      <f>778.65038137734155</f>
      <cx>0.097786989100768551</cx>
      <cy>-7.5438318510706495</cy>
    </calibration>
  </depth_map>
  <depth_map camera_id="5" level="1" path="1/d5.exr">
    <calibration type="frame">
      <resolution width="378" height="504"/>
      <f>389.32519068867077</f>
      <cx>0.048893494550384275</cx>
      <cy>-3.7719159255353247</cy>
    </calibration>
  </depth_map>
  <depth_map camera_id="5" level="2" path="2/d5.exr">
    <calibration type="frame">
      <resolution width="189" height="252"/>
      <f>194.66259534433539</f>
      <cx>0.024446747275192138</cx>
      <cy>-1.8859579627676624</cy>
    </calibration>
  </depth_map>
  <depth_map camera_id="6" level="0" path="0/d6.exr">
    <calibration type="frame">
      <resolution width="756" height="1008"/>
      <f>778.65038137734155</f>
      <cx>0.097786989100768551</cx>
      <cy>-7.5438318510706495</cy>
    </calibration>
  </depth_map>
  <depth_map camera_id="6" level="1" path="1/d6.exr">
    <calibration type="frame">
      <resolution width="378" height="504"/>
      <f>389.32519068867077</f>
      <cx>0.048893494550384275</cx>
      <cy>-3.7719159255353247</cy>
    </calibration>
  </depth_map>
  <depth_map camera_id="6" level="2" path="2/d6.exr">
    <calibration type="frame">
      <resolution width="189" height="252"/>
      <f>194.66259534433539</f>
      <cx>0.024446747275192138</cx>
      <cy>-1.8859579627676624</cy>
    </calibration>
  </depth_map>
  <depth_map camera_id="7" level="0" path="0/d7.exr">
    <calibration type="frame">
      <resolution width="756" height="1008"/>
      <f>778.65038137734155</f>
      <cx>0.097786989100768551</cx>
      <cy>-7.5438318510706495</cy>
    </calibration>
  </depth_map>
  <depth_map camera_id="7" level="1" path="1/d7.exr">
    <calibration type="frame">
      <resolution width="378" height="504"/>
      <f>389.32519068867077</f>
      <cx>0.048893494550384275</cx>
      <cy>-3.7719159255353247</cy>
    </calibration>
  </depth_map>
  <depth_map camera_id="7" level="2" path="2/d7.exr">
    <calibration type="frame">
      <resolution width="189" height="252"/>
      <f>194.66259534433539</f>
      <cx>0.024446747275192138</cx>
      <cy>-1.8859579627676624</cy>
    </calibration>
  </depth_map>
  <depth_map camera_id="8" level="0" path="0/d8.exr">
    <calibration type="frame">
      <resolution width="756" height="1008"/>
      <f>778.65038137734155</f>
      <cx>0.097786989100768551</cx>
      <cy>-7.5438318510706495</cy>
    </calibration>
  </depth_map>
  <depth_map camera_id="8" level="1" path="1/d8.exr">
    <calibration type="frame">
      <resolution width="378" height="504"/>
      <f>389.32519068867077</f>
      <cx>0.048893494550384275</cx>
      <cy>-3.7719159255353247</cy>
    </calibration>
  </depth_map>
  <depth_map camera_id="8" level="2" path="2/d8.exr">
    <calibration type="frame">
      <resolution width="189" height="252"/>
      <f>194.66259534433539</f>
      <cx>0.024446747275192138</cx>
      <cy>-1.8859579627676624</cy>
    </calibration>
  </depth_map>
  <depth_map camera_id="9" level="0" path="0/d9.exr">
    <calibration type="frame">
      <resolution width="756" height="1008"/>
      <f>778.65038137734155</f>
      <cx>0.097786989100768551</cx>
      <cy>-7.5438318510706495</cy>
    </calibration>
  </depth_map>
  <depth_map camera_id="9" level="1" path="1/d9.exr">
    <calibration type="frame">
      <resolution width="378" height="504"/>
      <f>389.32519068867077</f>
      <cx>0.048893494550384275</cx>
      <cy>-3.7719159255353247</cy>
    </calibration>
  </depth_map>
  <depth_map camera_id="9" level="2" path="2/d9.exr">
    <calibration type="frame">
      <resolution width="189" height="252"/>
      <f>194.66259534433539</f>
      <cx>0.024446747275192138</cx>
      <cy>-1.8859579627676624</cy>
    </calibration>
  </depth_map>
  <depth_map camera_id="10" level="0" path="0/d10.exr">
    <calibration type="frame">
      <resolution width="756" height="1008"/>
      <f>778.65038137734155</f>
      <cx>0.097786989100768551</cx>
      <cy>-7.5438318510706495</cy>
    </calibration>
  </depth_map>
  <depth_map camera_id="10" level="1" path="1/d10.exr">
    <calibration type="frame">
      <resolution width="378" height="504"/>
      <f>389.32519068867077</f>
      <cx>0.048893494550384275</cx>
      <cy>-3.7719159255353247</cy>
    </calibration>
  </depth_map>
  <depth_map camera_id="10" level="2" path="2/d10.exr">
    <calibration type="frame">
      <resolution width="189" height="252"/>
      <f>194.66259534433539</f>
      <cx>0.024446747275192138</cx>
      <cy>-1.8859579627676624</cy>
    </calibration>
  </depth_map>
  <depth_map camera_id="11" level="0" path="0/d11.exr">
    <calibration type="frame">
      <resolution width="756" height="1008"/>
      <f>778.65038137734155</f>
      <cx>0.097786989100768551</cx>
      <cy>-7.5438318510706495</cy>
    </calibration>
  </depth_map>
  <depth_map camera_id="11" level="1" path="1/d11.exr">
    <calibration type="frame">
      <resolution width="378" height="504"/>
      <f>389.32519068867077</f>
      <cx>0.048893494550384275</cx>
      <cy>-3.7719159255353247</cy>
    </calibration>
  </depth_map>
  <depth_map camera_id="11" level="2" path="2/d11.exr">
    <calibration type="frame">
      <resolution width="189" height="252"/>
      <f>194.66259534433539</f>
      <cx>0.024446747275192138</cx>
      <cy>-1.8859579627676624</cy>
    </calibration>
  </depth_map>
  <depth_map camera_id="12" level="0" path="0/d12.exr">
    <calibration type="frame">
      <resolution width="756" height="1008"/>
      <f>778.65038137734155</f>
      <cx>0.097786989100768551</cx>
      <cy>-7.5438318510706495</cy>
    </calibration>
  </depth_map>
  <depth_map camera_id="12" level="1" path="1/d12.exr">
    <calibration type="frame">
      <resolution width="378" height="504"/>
      <f>389.32519068867077</f>
      <cx>0.048893494550384275</cx>
      <cy>-3.7719159255353247</cy>
    </calibration>
  </depth_map>
  <depth_map camera_id="12" level="2" path="2/d12.exr">
    <calibration type="frame">
      <resolution width="189" height="252"/>
      <f>194.66259534433539</f>
      <cx>0.024446747275192138</cx>
      <cy>-1.8859579627676624</cy>
    </calibration>
  </depth_map>
  <depth_map camera_id="13" level="0" path="0/d13.exr">
    <calibration type="frame">
      <resolution width="756" height="1008"/>
      <f>778.65038137734155</f>
      <cx>0.097786989100768551</cx>
      <cy>-7.5438318510706495</cy>
    </calibration>
  </depth_map>
  <depth_map camera_id="13" level="1" path="1/d13.exr">
    <calibration type="frame">
      <resolution width="378" height="504"/>
      <f>389.32519068867077</f>
      <cx>0.048893494550384275</cx>
      <cy>-3.7719159255353247</cy>
    </calibration>
  </depth_map>
  <depth_map camera_id="13" level="2" path="2/d13.exr">
    <calibration type="frame">
      <resolution width="189" height="252"/>
      <f>194.66259534433539</f>
      <cx>0.024446747275192138</cx>
      <cy>-1.8859579627676624</cy>
    </calibration>
  </depth_map>
  <depth_map camera_id="14" level="0" path="0/d14.exr">
    <calibration type="frame">
      <resolution width="756" height="1008"/>
      <f>778.65038137734155</f>
      <cx>0.097786989100768551</cx>
      <cy>-7.5438318510706495</cy>
    </calibration>
  </depth_map>
  <depth_map camera_id="14" level="1" path="1/d14.exr">
    <calibration type="frame">
      <resolution width="378" height="504"/>
      <f>389.32519068867077</f>
      <cx>0.048893494550384275</cx>
      <cy>-3.7719159255353247</cy>
    </calibration>
  </depth_map>
  <depth_map camera_id="14" level="2" path="2/d14.exr">
    <calibration type="frame">
      <resolution width="189" height="252"/>
      <f>194.66259534433539</f>
      <cx>0.024446747275192138</cx>
      <cy>-1.8859579627676624</cy>
    </calibration>
  </depth_map>
  <depth_map camera_id="15" level="0" path="0/d15.exr">
    <calibration type="frame">
      <resolution width="756" height="1008"/>
      <f>778.65038137734155</f>
      <cx>0.097786989100768551</cx>
      <cy>-7.5438318510706495</cy>
    </calibration>
  </depth_map>
  <depth_map camera_id="15" level="1" path="1/d15.exr">
    <calibration type="frame">
      <resolution width="378" height="504"/>
      <f>389.32519068867077</f>
      <cx>0.048893494550384275</cx>
      <cy>-3.7719159255353247</cy>
    </calibration>
  </depth_map>
  <depth_map camera_id="15" level="2" path="2/d15.exr">
    <calibration type="frame">
      <resolution width="189" height="252"/>
      <f>194.66259534433539</f>
      <cx>0.024446747275192138</cx>
      <cy>-1.8859579627676624</cy>
    </calibration>
  </depth_map>
  <depth_map camera_id="16" level="0" path="0/d16.exr">
    <calibration type="frame">
      <resolution width="756" height="1008"/>
      <f>778.65038137734155</f>
      <cx>0.097786989100768551</cx>
      <cy>-7.5438318510706495</cy>
    </calibration>
  </depth_map>
  <depth_map camera_id="16" level="1" path="1/d16.exr">
    <calibration type="frame">
      <resolution width="378" height="504"/>
      <f>389.32519068867077</f>
      <cx>0.048893494550384275</cx>
      <cy>-3.7719159255353247</cy>
    </calibration>
  </depth_map>
  <depth_map camera_id="16" level="2" path="2/d16.exr">
    <calibration type="frame">
      <resolution width="189" height="252"/>
      <f>194.66259534433539</f>
      <cx>0.024446747275192138</cx>
      <cy>-1.8859579627676624</cy>
    </calibration>
  </depth_map>
  <depth_map camera_id="17" level="0" path="0/d17.exr">
    <calibration type="frame">
      <resolution width="756" height="1008"/>
      <f>778.65038137734155</f>
      <cx>0.097786989100768551</cx>
      <cy>-7.5438318510706495</cy>
    </calibration>
  </depth_map>
  <depth_map camera_id="17" level="1" path="1/d17.exr">
    <calibration type="frame">
      <resolution width="378" height="504"/>
      <f>389.32519068867077</f>
      <cx>0.048893494550384275</cx>
      <cy>-3.7719159255353247</cy>
    </calibration>
  </depth_map>
  <depth_map camera_id="17" level="2" path="2/d17.exr">
    <calibration type="frame">
      <resolution width="189" height="252"/>
      <f>194.66259534433539</f>
      <cx>0.024446747275192138</cx>
      <cy>-1.8859579627676624</cy>
    </calibration>
  </depth_map>
  <depth_map camera_id="18" level="0" path="0/d18.exr">
    <calibration type="frame">
      <resolution width="756" height="1008"/>
      <f>778.65038137734155</f>
      <cx>0.097786989100768551</cx>
      <cy>-7.5438318510706495</cy>
    </calibration>
  </depth_map>
  <depth_map camera_id="18" level="1" path="1/d18.exr">
    <calibration type="frame">
      <resolution width="378" height="504"/>
      <f>389.32519068867077</f>
      <cx>0.048893494550384275</cx>
      <cy>-3.7719159255353247</cy>
    </calibration>
  </depth_map>
  <depth_map camera_id="18" level="2" path="2/d18.exr">
    <calibration type="frame">
      <resolution width="189" height="252"/>
      <f>194.66259534433539</f>
      <cx>0.024446747275192138</cx>
      <cy>-1.8859579627676624</cy>
    </calibration>
  </depth_map>
  <depth_map camera_id="19" level="0" path="0/d19.exr">
    <calibration type="frame">
      <resolution width="756" height="1008"/>
      <f>778.65038137734155</f>
      <cx>0.097786989100768551</cx>
      <cy>-7.5438318510706495</cy>
    </calibration>
  </depth_map>
  <depth_map camera_id="19" level="1" path="1/d19.exr">
    <calibration type="frame">
      <resolution width="378" height="504"/>
      <f>389.32519068867077</f>
      <cx>0.048893494550384275</cx>
      <cy>-3.7719159255353247</cy>
    </calibration>
  </depth_map>
  <depth_map camera_id="19" level="2" path="2/d19.exr">
    <calibration type="frame">
      <resolution width="189" height="252"/>
      <f>194.66259534433539</f>
      <cx>0.024446747275192138</cx>
      <cy>-1.8859579627676624</cy>
    </calibration>
  </depth_map>
  <depth_map camera_id="20" level="0" path="0/d20.exr">
    <calibration type="frame">
      <resolution width="756" height="1008"/>
      <f>778.65038137734155</f>
      <cx>0.097786989100768551</cx>
      <cy>-7.5438318510706495</cy>
    </calibration>
  </depth_map>
  <depth_map camera_id="20" level="1" path="1/d20.exr">
    <calibration type="frame">
      <resolution width="378" height="504"/>
      <f>389.32519068867077</f>
      <cx>0.048893494550384275</cx>
      <cy>-3.7719159255353247</cy>
    </calibration>
  </depth_map>
  <depth_map camera_id="20" level="2" path="2/d20.exr">
    <calibration type="frame">
      <resolution width="189" height="252"/>
      <f>194.66259534433539</f>
      <cx>0.024446747275192138</cx>
      <cy>-1.8859579627676624</cy>
    </calibration>
  </depth_map>
  <depth_map camera_id="21" level="0" path="0/d21.exr">
    <calibration type="frame">
      <resolution width="756" height="1008"/>
      <f>778.65038137734155</f>
      <cx>0.097786989100768551</cx>
      <cy>-7.5438318510706495</cy>
    </calibration>
  </depth_map>
  <depth_map camera_id="21" level="1" path="1/d21.exr">
    <calibration type="frame">
      <resolution width="378" height="504"/>
      <f>389.32519068867077</f>
      <cx>0.048893494550384275</cx>
      <cy>-3.7719159255353247</cy>
    </calibration>
  </depth_map>
  <depth_map camera_id="21" level="2" path="2/d21.exr">
    <calibration type="frame">
      <resolution width="189" height="252"/>
      <f>194.66259534433539</f>
      <cx>0.024446747275192138</cx>
      <cy>-1.8859579627676624</cy>
    </calibration>
  </depth_map>
  <depth_map camera_id="22" level="0" path="0/d22.exr">
    <calibration type="frame">
      <resolution width="756" height="1008"/>
      <f>778.65038137734155</f>
      <cx>0.097786989100768551</cx>
      <cy>-7.5438318510706495</cy>
    </calibration>
  </depth_map>
  <depth_map camera_id="22" level="1" path="1/d22.exr">
    <calibration type="frame">
      <resolution width="378" height="504"/>
      <f>389.32519068867077</f>
      <cx>0.048893494550384275</cx>
      <cy>-3.7719159255353247</cy>
    </calibration>
  </depth_map>
  <depth_map camera_id="22" level="2" path="2/d22.exr">
    <calibration type="frame">
      <resolution width="189" height="252"/>
      <f>194.66259534433539</f>
      <cx>0.024446747275192138</cx>
      <cy>-1.8859579627676624</cy>
    </calibration>
  </depth_map>
  <depth_map camera_id="23" level="0" path="0/d23.exr">
    <calibration type="frame">
      <resolution width="756" height="1008"/>
      <f>778.65038137734155</f>
      <cx>0.097786989100768551</cx>
      <cy>-7.5438318510706495</cy>
    </calibration>
  </depth_map>
  <depth_map camera_id="23" level="1" path="1/d23.exr">
    <calibration type="frame">
      <resolution width="378" height="504"/>
      <f>389.32519068867077</f>
      <cx>0.048893494550384275</cx>
      <cy>-3.7719159255353247</cy>
    </calibration>
  </depth_map>
  <depth_map camera_id="23" level="2" path="2/d23.exr">
    <calibration type="frame">
      <resolution width="189" height="252"/>
      <f>194.66259534433539</f>
      <cx>0.024446747275192138</cx>
      <cy>-1.8859579627676624</cy>
    </calibration>
  </depth_map>
  <depth_map camera_id="24" level="0" path="0/d24.exr">
    <calibration type="frame">
      <resolution width="756" height="1008"/>
      <f>778.65038137734155</f>
      <cx>0.097786989100768551</cx>
      <cy>-7.5438318510706495</cy>
    </calibration>
  </depth_map>
  <depth_map camera_id="24" level="1" path="1/d24.exr">
    <calibration type="frame">
      <resolution width="378" height="504"/>
      <f>389.32519068867077</f>
      <cx>0.048893494550384275</cx>
      <cy>-3.7719159255353247</cy>
    </calibration>
  </depth_map>
  <depth_map camera_id="24" level="2" path="2/d24.exr">
    <calibration type="frame">
      <resolution width="189" height="252"/>
      <f>194.66259534433539</f>
      <cx>0.024446747275192138</cx>
      <cy>-1.8859579627676624</cy>
    </calibration>
  </depth_map>
  <depth_map camera_id="60" level="0" path="0/d60.exr">
    <calibration type="frame">
      <resolution width="756" height="1008"/>
      <f>778.65038137734155</f>
      <cx>0.097786989100768551</cx>
      <cy>-7.5438318510706495</cy>
    </calibration>
  </depth_map>
  <depth_map camera_id="60" level="1" path="1/d60.exr">
    <calibration type="frame">
      <resolution width="378" height="504"/>
      <f>389.32519068867077</f>
      <cx>0.048893494550384275</cx>
      <cy>-3.7719159255353247</cy>
    </calibration>
  </depth_map>
  <depth_map camera_id="60" level="2" path="2/d60.exr">
    <calibration type="frame">
      <resolution width="189" height="252"/>
      <f>194.66259534433539</f>
      <cx>0.024446747275192138</cx>
      <cy>-1.8859579627676624</cy>
    </calibration>
  </depth_map>
  <depth_map camera_id="61" level="0" path="0/d61.exr">
    <calibration type="frame">
      <resolution width="756" height="1008"/>
      <f>778.65038137734155</f>
      <cx>0.097786989100768551</cx>
      <cy>-7.5438318510706495</cy>
    </calibration>
  </depth_map>
  <depth_map camera_id="61" level="1" path="1/d61.exr">
    <calibration type="frame">
      <resolution width="378" height="504"/>
      <f>389.32519068867077</f>
      <cx>0.048893494550384275</cx>
      <cy>-3.7719159255353247</cy>
    </calibration>
  </depth_map>
  <depth_map camera_id="61" level="2" path="2/d61.exr">
    <calibration type="frame">
      <resolution width="189" height="252"/>
      <f>194.66259534433539</f>
      <cx>0.024446747275192138</cx>
      <cy>-1.8859579627676624</cy>
    </calibration>
  </depth_map>
  <depth_map camera_id="62" level="0" path="0/d62.exr">
    <calibration type="frame">
      <resolution width="756" height="1008"/>
      <f>778.65038137734155</f>
      <cx>0.097786989100768551</cx>
      <cy>-7.5438318510706495</cy>
    </calibration>
  </depth_map>
  <depth_map camera_id="62" level="1" path="1/d62.exr">
    <calibration type="frame">
      <resolution width="378" height="504"/>
      <f>389.32519068867077</f>
      <cx>0.048893494550384275</cx>
      <cy>-3.7719159255353247</cy>
    </calibration>
  </depth_map>
  <depth_map camera_id="62" level="2" path="2/d62.exr">
    <calibration type="frame">
      <resolution width="189" height="252"/>
      <f>194.66259534433539</f>
      <cx>0.024446747275192138</cx>
      <cy>-1.8859579627676624</cy>
    </calibration>
  </depth_map>
  <depth_map camera_id="63" level="0" path="0/d63.exr">
    <calibration type="frame">
      <resolution width="756" height="1008"/>
      <f>778.65038137734155</f>
      <cx>0.097786989100768551</cx>
      <cy>-7.5438318510706495</cy>
    </calibration>
  </depth_map>
  <depth_map camera_id="63" level="1" path="1/d63.exr">
    <calibration type="frame">
      <resolution width="378" height="504"/>
      <f>389.32519068867077</f>
      <cx>0.048893494550384275</cx>
      <cy>-3.7719159255353247</cy>
    </calibration>
  </depth_map>
  <depth_map camera_id="63" level="2" path="2/d63.exr">
    <calibration type="frame">
      <resolution width="189" height="252"/>
      <f>194.66259534433539</f>
      <cx>0.024446747275192138</cx>
      <cy>-1.8859579627676624</cy>
    </calibration>
  </depth_map>
  <depth_map camera_id="64" level="0" path="0/d64.exr">
    <calibration type="frame">
      <resolution width="756" height="1008"/>
      <f>778.65038137734155</f>
      <cx>0.097786989100768551</cx>
      <cy>-7.5438318510706495</cy>
    </calibration>
  </depth_map>
  <depth_map camera_id="64" level="1" path="1/d64.exr">
    <calibration type="frame">
      <resolution width="378" height="504"/>
      <f>389.32519068867077</f>
      <cx>0.048893494550384275</cx>
      <cy>-3.7719159255353247</cy>
    </calibration>
  </depth_map>
  <depth_map camera_id="64" level="2" path="2/d64.exr">
    <calibration type="frame">
      <resolution width="189" height="252"/>
      <f>194.66259534433539</f>
      <cx>0.024446747275192138</cx>
      <cy>-1.8859579627676624</cy>
    </calibration>
  </depth_map>
  <depth_map camera_id="65" level="0" path="0/d65.exr">
    <calibration type="frame">
      <resolution width="756" height="1008"/>
      <f>778.65038137734155</f>
      <cx>0.097786989100768551</cx>
      <cy>-7.5438318510706495</cy>
    </calibration>
  </depth_map>
  <depth_map camera_id="65" level="1" path="1/d65.exr">
    <calibration type="frame">
      <resolution width="378" height="504"/>
      <f>389.32519068867077</f>
      <cx>0.048893494550384275</cx>
      <cy>-3.7719159255353247</cy>
    </calibration>
  </depth_map>
  <depth_map camera_id="65" level="2" path="2/d65.exr">
    <calibration type="frame">
      <resolution width="189" height="252"/>
      <f>194.66259534433539</f>
      <cx>0.024446747275192138</cx>
      <cy>-1.8859579627676624</cy>
    </calibration>
  </depth_map>
  <depth_map camera_id="66" level="0" path="0/d66.exr">
    <calibration type="frame">
      <resolution width="756" height="1008"/>
      <f>778.65038137734155</f>
      <cx>0.097786989100768551</cx>
      <cy>-7.5438318510706495</cy>
    </calibration>
  </depth_map>
  <depth_map camera_id="66" level="1" path="1/d66.exr">
    <calibration type="frame">
      <resolution width="378" height="504"/>
      <f>389.32519068867077</f>
      <cx>0.048893494550384275</cx>
      <cy>-3.7719159255353247</cy>
    </calibration>
  </depth_map>
  <depth_map camera_id="66" level="2" path="2/d66.exr">
    <calibration type="frame">
      <resolution width="189" height="252"/>
      <f>194.66259534433539</f>
      <cx>0.024446747275192138</cx>
      <cy>-1.8859579627676624</cy>
    </calibration>
  </depth_map>
  <depth_map camera_id="67" level="0" path="0/d67.exr">
    <calibration type="frame">
      <resolution width="756" height="1008"/>
      <f>778.65038137734155</f>
      <cx>0.097786989100768551</cx>
      <cy>-7.5438318510706495</cy>
    </calibration>
  </depth_map>
  <depth_map camera_id="67" level="1" path="1/d67.exr">
    <calibration type="frame">
      <resolution width="378" height="504"/>
      <f>389.32519068867077</f>
      <cx>0.048893494550384275</cx>
      <cy>-3.7719159255353247</cy>
    </calibration>
  </depth_map>
  <depth_map camera_id="67" level="2" path="2/d67.exr">
    <calibration type="frame">
      <resolution width="189" height="252"/>
      <f>194.66259534433539</f>
      <cx>0.024446747275192138</cx>
      <cy>-1.8859579627676624</cy>
    </calibration>
  </depth_map>
  <depth_map camera_id="68" level="0" path="0/d68.exr">
    <calibration type="frame">
      <resolution width="756" height="1008"/>
      <f>778.65038137734155</f>
      <cx>0.097786989100768551</cx>
      <cy>-7.5438318510706495</cy>
    </calibration>
  </depth_map>
  <depth_map camera_id="68" level="1" path="1/d68.exr">
    <calibration type="frame">
      <resolution width="378" height="504"/>
      <f>389.32519068867077</f>
      <cx>0.048893494550384275</cx>
      <cy>-3.7719159255353247</cy>
    </calibration>
  </depth_map>
  <depth_map camera_id="68" level="2" path="2/d68.exr">
    <calibration type="frame">
      <resolution width="189" height="252"/>
      <f>194.66259534433539</f>
      <cx>0.024446747275192138</cx>
      <cy>-1.8859579627676624</cy>
    </calibration>
  </depth_map>
</depth_maps>
