<?xml version="1.0" encoding="UTF-8"?>
<orthomosaic version="1.2.0">
  <images level_count="10">
    <image id="55">
      <extent>
        <left>-1.9602999600000002</left>
        <top>4.3345278</top>
        <right>3.4110000300000003</right>
        <bottom>-0.37878305999999995</bottom>
      </extent>
      <center>
        <x>-4.0532423342752821</x>
        <y>8.0820647991125902</y>
      </center>
      <pyramid>
        <level index="0" path="0/c55.tif" mask="0/m55.tif"/>
        <level index="1" path="1/c55.tif" mask="1/m55.tif"/>
        <level index="2" path="2/c55.tif" mask="2/m55.tif"/>
        <level index="3" path="3/c55.tif" mask="3/m55.tif"/>
        <level index="4" path="4/c55.tif" mask="4/m55.tif"/>
        <level index="5" path="5/c55.tif" mask="5/m55.tif"/>
        <level index="6" path="6/c55.tif" mask="6/m55.tif"/>
        <level index="7" path="7/c55.tif" mask="7/m55.tif"/>
        <level index="8" path="8/c55.tif" mask="8/m55.tif"/>
        <level index="9" path="9/c55.tif" mask="9/m55.tif"/>
      </pyramid>
    </image>
    <image id="56">
      <extent>
        <left>-1.9602999600000002</left>
        <top>4.3345278</top>
        <right>3.3973326000000004</right>
        <bottom>-0.37878305999999995</bottom>
      </extent>
      <center>
        <x>-4.2968134917232943</x>
        <y>7.8913814658212553</y>
      </center>
      <pyramid>
        <level index="0" path="0/c56.tif" mask="0/m56.tif"/>
        <level index="1" path="1/c56.tif" mask="1/m56.tif"/>
        <level index="2" path="2/c56.tif" mask="2/m56.tif"/>
        <level index="3" path="3/c56.tif" mask="3/m56.tif"/>
        <level index="4" path="4/c56.tif" mask="4/m56.tif"/>
        <level index="5" path="5/c56.tif" mask="5/m56.tif"/>
        <level index="6" path="6/c56.tif" mask="6/m56.tif"/>
        <level index="7" path="7/c56.tif" mask="7/m56.tif"/>
        <level index="8" path="8/c56.tif" mask="8/m56.tif"/>
        <level index="9" path="9/c56.tif" mask="9/m56.tif"/>
      </pyramid>
    </image>
    <image id="57">
      <extent>
        <left>-1.9602999600000002</left>
        <top>4.3345278</top>
        <right>3.3778077</right>
        <bottom>-0.37878305999999995</bottom>
      </extent>
      <center>
        <x>-4.5807683742395504</x>
        <y>7.6459987634261193</y>
      </center>
      <pyramid>
        <level index="0" path="0/c57.tif" mask="0/m57.tif"/>
        <level index="1" path="1/c57.tif" mask="1/m57.tif"/>
        <level index="2" path="2/c57.tif" mask="2/m57.tif"/>
        <level index="3" path="3/c57.tif" mask="3/m57.tif"/>
        <level index="4" path="4/c57.tif" mask="4/m57.tif"/>
        <level index="5" path="5/c57.tif" mask="5/m57.tif"/>
        <level index="6" path="6/c57.tif" mask="6/m57.tif"/>
        <level index="7" path="7/c57.tif" mask="7/m57.tif"/>
        <level index="8" path="8/c57.tif" mask="8/m57.tif"/>
        <level index="9" path="9/c57.tif" mask="9/m57.tif"/>
      </pyramid>
    </image>
    <image id="54">
      <extent>
        <left>-1.9602999600000002</left>
        <top>4.3345278</top>
        <right>3.4207624800000005</right>
        <bottom>-0.37878305999999995</bottom>
      </extent>
      <center>
        <x>-3.6341344026968279</x>
        <y>8.3699005802705209</y>
      </center>
      <pyramid>
        <level index="0" path="0/c54.tif" mask="0/m54.tif"/>
        <level index="1" path="1/c54.tif" mask="1/m54.tif"/>
        <level index="2" path="2/c54.tif" mask="2/m54.tif"/>
        <level index="3" path="3/c54.tif" mask="3/m54.tif"/>
        <level index="4" path="4/c54.tif" mask="4/m54.tif"/>
        <level index="5" path="5/c54.tif" mask="5/m54.tif"/>
        <level index="6" path="6/c54.tif" mask="6/m54.tif"/>
        <level index="7" path="7/c54.tif" mask="7/m54.tif"/>
        <level index="8" path="8/c54.tif" mask="8/m54.tif"/>
        <level index="9" path="9/c54.tif" mask="9/m54.tif"/>
      </pyramid>
    </image>
    <image id="59">
      <extent>
        <left>-1.9602999600000002</left>
        <top>4.3345278</top>
        <right>3.4051425599999998</right>
        <bottom>-0.37487808000000022</bottom>
      </extent>
      <center>
        <x>-5.19538743772444</x>
        <y>6.9813649621308898</y>
      </center>
      <pyramid>
        <level index="0" path="0/c59.tif" mask="0/m59.tif"/>
        <level index="1" path="1/c59.tif" mask="1/m59.tif"/>
        <level index="2" path="2/c59.tif" mask="2/m59.tif"/>
        <level index="3" path="3/c59.tif" mask="3/m59.tif"/>
        <level index="4" path="4/c59.tif" mask="4/m59.tif"/>
        <level index="5" path="5/c59.tif" mask="5/m59.tif"/>
        <level index="6" path="6/c59.tif" mask="6/m59.tif"/>
        <level index="7" path="7/c59.tif" mask="7/m59.tif"/>
        <level index="8" path="8/c59.tif" mask="8/m59.tif"/>
        <level index="9" path="9/c59.tif" mask="9/m59.tif"/>
      </pyramid>
    </image>
    <image id="58">
      <extent>
        <left>-1.9602999600000002</left>
        <top>4.3345278</top>
        <right>3.4012375800000001</right>
        <bottom>-0.37878305999999995</bottom>
      </extent>
      <center>
        <x>-4.9105091565867536</x>
        <y>7.3145873704718358</y>
      </center>
      <pyramid>
        <level index="0" path="0/c58.tif" mask="0/m58.tif"/>
        <level index="1" path="1/c58.tif" mask="1/m58.tif"/>
        <level index="2" path="2/c58.tif" mask="2/m58.tif"/>
        <level index="3" path="3/c58.tif" mask="3/m58.tif"/>
        <level index="4" path="4/c58.tif" mask="4/m58.tif"/>
        <level index="5" path="5/c58.tif" mask="5/m58.tif"/>
        <level index="6" path="6/c58.tif" mask="6/m58.tif"/>
        <level index="7" path="7/c58.tif" mask="7/m58.tif"/>
        <level index="8" path="8/c58.tif" mask="8/m58.tif"/>
        <level index="9" path="9/c58.tif" mask="9/m58.tif"/>
      </pyramid>
    </image>
    <image id="60">
      <extent>
        <left>-1.9602999600000002</left>
        <top>4.3345278</top>
        <right>3.4207624800000005</right>
        <bottom>-0.36902060999999975</bottom>
      </extent>
      <center>
        <x>-5.4750172462703013</x>
        <y>6.5818904555072626</y>
      </center>
      <pyramid>
        <level index="0" path="0/c60.tif" mask="0/m60.tif"/>
        <level index="1" path="1/c60.tif" mask="1/m60.tif"/>
        <level index="2" path="2/c60.tif" mask="2/m60.tif"/>
        <level index="3" path="3/c60.tif" mask="3/m60.tif"/>
        <level index="4" path="4/c60.tif" mask="4/m60.tif"/>
        <level index="5" path="5/c60.tif" mask="5/m60.tif"/>
        <level index="6" path="6/c60.tif" mask="6/m60.tif"/>
        <level index="7" path="7/c60.tif" mask="7/m60.tif"/>
        <level index="8" path="8/c60.tif" mask="8/m60.tif"/>
        <level index="9" path="9/c60.tif" mask="9/m60.tif"/>
      </pyramid>
    </image>
    <image id="61">
      <extent>
        <left>-1.9602999600000002</left>
        <top>4.3345278</top>
        <right>3.4207624800000005</right>
        <bottom>-0.35925816000000044</bottom>
      </extent>
      <center>
        <x>-5.7342647720373261</x>
        <y>6.1211457425525584</y>
      </center>
      <pyramid>
        <level index="0" path="0/c61.tif" mask="0/m61.tif"/>
        <level index="1" path="1/c61.tif" mask="1/m61.tif"/>
        <level index="2" path="2/c61.tif" mask="2/m61.tif"/>
        <level index="3" path="3/c61.tif" mask="3/m61.tif"/>
        <level index="4" path="4/c61.tif" mask="4/m61.tif"/>
        <level index="5" path="5/c61.tif" mask="5/m61.tif"/>
        <level index="6" path="6/c61.tif" mask="6/m61.tif"/>
        <level index="7" path="7/c61.tif" mask="7/m61.tif"/>
        <level index="8" path="8/c61.tif" mask="8/m61.tif"/>
        <level index="9" path="9/c61.tif" mask="9/m61.tif"/>
      </pyramid>
    </image>
    <image id="63">
      <extent>
        <left>-1.9602999600000002</left>
        <top>4.3345278</top>
        <right>3.3368054100000002</right>
        <bottom>-0.36706811999999989</bottom>
      </extent>
      <center>
        <x>-6.0619729959341218</x>
        <y>5.1911150545681632</y>
      </center>
      <pyramid>
        <level index="0" path="0/c63.tif" mask="0/m63.tif"/>
        <level index="1" path="1/c63.tif" mask="1/m63.tif"/>
        <level index="2" path="2/c63.tif" mask="2/m63.tif"/>
        <level index="3" path="3/c63.tif" mask="3/m63.tif"/>
        <level index="4" path="4/c63.tif" mask="4/m63.tif"/>
        <level index="5" path="5/c63.tif" mask="5/m63.tif"/>
        <level index="6" path="6/c63.tif" mask="6/m63.tif"/>
        <level index="7" path="7/c63.tif" mask="7/m63.tif"/>
        <level index="8" path="8/c63.tif" mask="8/m63.tif"/>
        <level index="9" path="9/c63.tif" mask="9/m63.tif"/>
      </pyramid>
    </image>
    <image id="62">
      <extent>
        <left>-1.9602999600000002</left>
        <top>4.3345278</top>
        <right>3.4051425599999998</right>
        <bottom>-0.35925816000000044</bottom>
      </extent>
      <center>
        <x>-5.9564528920430293</x>
        <y>5.5742583842942679</y>
      </center>
      <pyramid>
        <level index="0" path="0/c62.tif" mask="0/m62.tif"/>
        <level index="1" path="1/c62.tif" mask="1/m62.tif"/>
        <level index="2" path="2/c62.tif" mask="2/m62.tif"/>
        <level index="3" path="3/c62.tif" mask="3/m62.tif"/>
        <level index="4" path="4/c62.tif" mask="4/m62.tif"/>
        <level index="5" path="5/c62.tif" mask="5/m62.tif"/>
        <level index="6" path="6/c62.tif" mask="6/m62.tif"/>
        <level index="7" path="7/c62.tif" mask="7/m62.tif"/>
        <level index="8" path="8/c62.tif" mask="8/m62.tif"/>
        <level index="9" path="9/c62.tif" mask="9/m62.tif"/>
      </pyramid>
    </image>
    <image id="65">
      <extent>
        <left>-1.9602999600000002</left>
        <top>4.3345278</top>
        <right>3.4051425599999998</right>
        <bottom>-0.37878305999999995</bottom>
      </extent>
      <center>
        <x>-6.1470317543983075</x>
        <y>4.5685194452409474</y>
      </center>
      <pyramid>
        <level index="0" path="0/c65.tif" mask="0/m65.tif"/>
        <level index="1" path="1/c65.tif" mask="1/m65.tif"/>
        <level index="2" path="2/c65.tif" mask="2/m65.tif"/>
        <level index="3" path="3/c65.tif" mask="3/m65.tif"/>
        <level index="4" path="4/c65.tif" mask="4/m65.tif"/>
        <level index="5" path="5/c65.tif" mask="5/m65.tif"/>
        <level index="6" path="6/c65.tif" mask="6/m65.tif"/>
        <level index="7" path="7/c65.tif" mask="7/m65.tif"/>
        <level index="8" path="8/c65.tif" mask="8/m65.tif"/>
        <level index="9" path="9/c65.tif" mask="9/m65.tif"/>
      </pyramid>
    </image>
    <image id="64">
      <extent>
        <left>-1.9602999600000002</left>
        <top>4.3345278</top>
        <right>3.3582828000000005</right>
        <bottom>-0.37292558999999947</bottom>
      </extent>
      <center>
        <x>-6.1160113566509891</x>
        <y>4.8869009439874427</y>
      </center>
      <pyramid>
        <level index="0" path="0/c64.tif" mask="0/m64.tif"/>
        <level index="1" path="1/c64.tif" mask="1/m64.tif"/>
        <level index="2" path="2/c64.tif" mask="2/m64.tif"/>
        <level index="3" path="3/c64.tif" mask="3/m64.tif"/>
        <level index="4" path="4/c64.tif" mask="4/m64.tif"/>
        <level index="5" path="5/c64.tif" mask="5/m64.tif"/>
        <level index="6" path="6/c64.tif" mask="6/m64.tif"/>
        <level index="7" path="7/c64.tif" mask="7/m64.tif"/>
        <level index="8" path="8/c64.tif" mask="8/m64.tif"/>
        <level index="9" path="9/c64.tif" mask="9/m64.tif"/>
      </pyramid>
    </image>
    <image id="67">
      <extent>
        <left>-1.9602999600000002</left>
        <top>4.3345278</top>
        <right>3.4207624800000005</right>
        <bottom>-0.37878305999999995</bottom>
      </extent>
      <center>
        <x>-6.1004217494848616</x>
        <y>3.7744892876964071</y>
      </center>
      <pyramid>
        <level index="0" path="0/c67.tif" mask="0/m67.tif"/>
        <level index="1" path="1/c67.tif" mask="1/m67.tif"/>
        <level index="2" path="2/c67.tif" mask="2/m67.tif"/>
        <level index="3" path="3/c67.tif" mask="3/m67.tif"/>
        <level index="4" path="4/c67.tif" mask="4/m67.tif"/>
        <level index="5" path="5/c67.tif" mask="5/m67.tif"/>
        <level index="6" path="6/c67.tif" mask="6/m67.tif"/>
        <level index="7" path="7/c67.tif" mask="7/m67.tif"/>
        <level index="8" path="8/c67.tif" mask="8/m67.tif"/>
        <level index="9" path="9/c67.tif" mask="9/m67.tif"/>
      </pyramid>
    </image>
    <image id="66">
      <extent>
        <left>-1.9602999600000002</left>
        <top>4.3345278</top>
        <right>3.3856176599999994</right>
        <bottom>-0.37878305999999995</bottom>
      </extent>
      <center>
        <x>-6.1407114775023679</x>
        <y>4.1042180222968891</y>
      </center>
      <pyramid>
        <level index="0" path="0/c66.tif" mask="0/m66.tif"/>
        <level index="1" path="1/c66.tif" mask="1/m66.tif"/>
        <level index="2" path="2/c66.tif" mask="2/m66.tif"/>
        <level index="3" path="3/c66.tif" mask="3/m66.tif"/>
        <level index="4" path="4/c66.tif" mask="4/m66.tif"/>
        <level index="5" path="5/c66.tif" mask="5/m66.tif"/>
        <level index="6" path="6/c66.tif" mask="6/m66.tif"/>
        <level index="7" path="7/c66.tif" mask="7/m66.tif"/>
        <level index="8" path="8/c66.tif" mask="8/m66.tif"/>
        <level index="9" path="9/c66.tif" mask="9/m66.tif"/>
      </pyramid>
    </image>
    <image id="68">
      <extent>
        <left>-1.9602999600000002</left>
        <top>4.3345278</top>
        <right>3.4207624800000005</right>
        <bottom>-0.37878305999999995</bottom>
      </extent>
      <center>
        <x>-6.033857063608064</x>
        <y>3.4698998999703123</y>
      </center>
      <pyramid>
        <level index="0" path="0/c68.tif" mask="0/m68.tif"/>
        <level index="1" path="1/c68.tif" mask="1/m68.tif"/>
        <level index="2" path="2/c68.tif" mask="2/m68.tif"/>
        <level index="3" path="3/c68.tif" mask="3/m68.tif"/>
        <level index="4" path="4/c68.tif" mask="4/m68.tif"/>
        <level index="5" path="5/c68.tif" mask="5/m68.tif"/>
        <level index="6" path="6/c68.tif" mask="6/m68.tif"/>
        <level index="7" path="7/c68.tif" mask="7/m68.tif"/>
        <level index="8" path="8/c68.tif" mask="8/m68.tif"/>
        <level index="9" path="9/c68.tif" mask="9/m68.tif"/>
      </pyramid>
    </image>
  </images>
</orthomosaic>
