<?xml version="1.0" encoding="UTF-8"?>
<orthomosaic version="1.2.0">
  <images level_count="10">
    <image id="52">
      <extent>
        <left>-1.3607955899999997</left>
        <top>2.6379668699999992</top>
        <right>1.63954329</right>
        <bottom>-2.0171197200000006</bottom>
      </extent>
      <center>
        <x>0.80908522157287854</x>
        <y>-0.12697138877367195</y>
      </center>
      <pyramid>
        <level index="0" path="0/c52.tif" mask="0/m52.tif"/>
        <level index="1" path="1/c52.tif" mask="1/m52.tif"/>
        <level index="2" path="2/c52.tif" mask="2/m52.tif"/>
        <level index="3" path="3/c52.tif" mask="3/m52.tif"/>
        <level index="4" path="4/c52.tif" mask="4/m52.tif"/>
        <level index="5" path="5/c52.tif" mask="5/m52.tif"/>
        <level index="6" path="6/c52.tif" mask="6/m52.tif"/>
        <level index="7" path="7/c52.tif" mask="7/m52.tif"/>
        <level index="8" path="8/c52.tif" mask="8/m52.tif"/>
        <level index="9" path="9/c52.tif" mask="9/m52.tif"/>
      </pyramid>
    </image>
    <image id="53">
      <extent>
        <left>-1.3379889599999999</left>
        <top>2.6430350099999993</top>
        <right>1.6395432899999995</right>
        <bottom>-2.0171197200000002</bottom>
      </extent>
      <center>
        <x>1.7326907654141226</x>
        <y>-0.11364198599611006</y>
      </center>
      <pyramid>
        <level index="0" path="0/c53.tif" mask="0/m53.tif"/>
        <level index="1" path="1/c53.tif" mask="1/m53.tif"/>
        <level index="2" path="2/c53.tif" mask="2/m53.tif"/>
        <level index="3" path="3/c53.tif" mask="3/m53.tif"/>
        <level index="4" path="4/c53.tif" mask="4/m53.tif"/>
        <level index="5" path="5/c53.tif" mask="5/m53.tif"/>
        <level index="6" path="6/c53.tif" mask="6/m53.tif"/>
        <level index="7" path="7/c53.tif" mask="7/m53.tif"/>
        <level index="8" path="8/c53.tif" mask="8/m53.tif"/>
        <level index="9" path="9/c53.tif" mask="9/m53.tif"/>
      </pyramid>
    </image>
    <image id="51">
      <extent>
        <left>-1.3709318699999997</left>
        <top>2.6379668699999992</top>
        <right>1.6395432899999998</right>
        <bottom>-2.0171197200000006</bottom>
      </extent>
      <center>
        <x>0.0034183509819513103</x>
        <y>-0.099130620976716904</y>
      </center>
      <pyramid>
        <level index="0" path="0/c51.tif" mask="0/m51.tif"/>
        <level index="1" path="1/c51.tif" mask="1/m51.tif"/>
        <level index="2" path="2/c51.tif" mask="2/m51.tif"/>
        <level index="3" path="3/c51.tif" mask="3/m51.tif"/>
        <level index="4" path="4/c51.tif" mask="4/m51.tif"/>
        <level index="5" path="5/c51.tif" mask="5/m51.tif"/>
        <level index="6" path="6/c51.tif" mask="6/m51.tif"/>
        <level index="7" path="7/c51.tif" mask="7/m51.tif"/>
        <level index="8" path="8/c51.tif" mask="8/m51.tif"/>
        <level index="9" path="9/c51.tif" mask="9/m51.tif"/>
      </pyramid>
    </image>
    <image id="50">
      <extent>
        <left>-1.3760000099999998</left>
        <top>2.6379668699999992</top>
        <right>1.6395432899999998</right>
        <bottom>-2.0297900700000002</bottom>
      </extent>
      <center>
        <x>-1.0639296404203249</x>
        <y>-0.018130905481864273</y>
      </center>
      <pyramid>
        <level index="0" path="0/c50.tif" mask="0/m50.tif"/>
        <level index="1" path="1/c50.tif" mask="1/m50.tif"/>
        <level index="2" path="2/c50.tif" mask="2/m50.tif"/>
        <level index="3" path="3/c50.tif" mask="3/m50.tif"/>
        <level index="4" path="4/c50.tif" mask="4/m50.tif"/>
        <level index="5" path="5/c50.tif" mask="5/m50.tif"/>
        <level index="6" path="6/c50.tif" mask="6/m50.tif"/>
        <level index="7" path="7/c50.tif" mask="7/m50.tif"/>
        <level index="8" path="8/c50.tif" mask="8/m50.tif"/>
        <level index="9" path="9/c50.tif" mask="9/m50.tif"/>
      </pyramid>
    </image>
    <image id="56">
      <extent>
        <left>-1.3126482599999998</left>
        <top>2.6430350099999993</top>
        <right>1.63954329</right>
        <bottom>-2.0171197200000002</bottom>
      </extent>
      <center>
        <x>3.5916130177331635</x>
        <y>0.077830009472536474</y>
      </center>
      <pyramid>
        <level index="0" path="0/c56.tif" mask="0/m56.tif"/>
        <level index="1" path="1/c56.tif" mask="1/m56.tif"/>
        <level index="2" path="2/c56.tif" mask="2/m56.tif"/>
        <level index="3" path="3/c56.tif" mask="3/m56.tif"/>
        <level index="4" path="4/c56.tif" mask="4/m56.tif"/>
        <level index="5" path="5/c56.tif" mask="5/m56.tif"/>
        <level index="6" path="6/c56.tif" mask="6/m56.tif"/>
        <level index="7" path="7/c56.tif" mask="7/m56.tif"/>
        <level index="8" path="8/c56.tif" mask="8/m56.tif"/>
        <level index="9" path="9/c56.tif" mask="9/m56.tif"/>
      </pyramid>
    </image>
    <image id="55">
      <extent>
        <left>-1.3329208199999998</left>
        <top>2.6430350099999993</top>
        <right>1.63954329</right>
        <bottom>-2.0171197200000002</bottom>
      </extent>
      <center>
        <x>2.7526103597316145</x>
        <y>-0.041435094641216245</y>
      </center>
      <pyramid>
        <level index="0" path="0/c55.tif" mask="0/m55.tif"/>
        <level index="1" path="1/c55.tif" mask="1/m55.tif"/>
        <level index="2" path="2/c55.tif" mask="2/m55.tif"/>
        <level index="3" path="3/c55.tif" mask="3/m55.tif"/>
        <level index="4" path="4/c55.tif" mask="4/m55.tif"/>
        <level index="5" path="5/c55.tif" mask="5/m55.tif"/>
        <level index="6" path="6/c55.tif" mask="6/m55.tif"/>
        <level index="7" path="7/c55.tif" mask="7/m55.tif"/>
        <level index="8" path="8/c55.tif" mask="8/m55.tif"/>
        <level index="9" path="9/c55.tif" mask="9/m55.tif"/>
      </pyramid>
    </image>
    <image id="54">
      <extent>
        <left>-1.3329208199999998</left>
        <top>2.6430350099999993</top>
        <right>1.63954329</right>
        <bottom>-2.0171197200000002</bottom>
      </extent>
      <center>
        <x>2.7603448768182148</x>
        <y>-0.040637584701938526</y>
      </center>
      <pyramid>
        <level index="0" path="0/c54.tif" mask="0/m54.tif"/>
        <level index="1" path="1/c54.tif" mask="1/m54.tif"/>
        <level index="2" path="2/c54.tif" mask="2/m54.tif"/>
        <level index="3" path="3/c54.tif" mask="3/m54.tif"/>
        <level index="4" path="4/c54.tif" mask="4/m54.tif"/>
        <level index="5" path="5/c54.tif" mask="5/m54.tif"/>
        <level index="6" path="6/c54.tif" mask="6/m54.tif"/>
        <level index="7" path="7/c54.tif" mask="7/m54.tif"/>
        <level index="8" path="8/c54.tif" mask="8/m54.tif"/>
        <level index="9" path="9/c54.tif" mask="9/m54.tif"/>
      </pyramid>
    </image>
    <image id="57">
      <extent>
        <left>-1.2492965099999997</left>
        <top>2.6430350099999993</top>
        <right>1.6395432899999998</right>
        <bottom>-2.0171197200000002</bottom>
      </extent>
      <center>
        <x>4.2724172583196447</x>
        <y>0.20561530979146639</y>
      </center>
      <pyramid>
        <level index="0" path="0/c57.tif" mask="0/m57.tif"/>
        <level index="1" path="1/c57.tif" mask="1/m57.tif"/>
        <level index="2" path="2/c57.tif" mask="2/m57.tif"/>
        <level index="3" path="3/c57.tif" mask="3/m57.tif"/>
        <level index="4" path="4/c57.tif" mask="4/m57.tif"/>
        <level index="5" path="5/c57.tif" mask="5/m57.tif"/>
        <level index="6" path="6/c57.tif" mask="6/m57.tif"/>
        <level index="7" path="7/c57.tif" mask="7/m57.tif"/>
        <level index="8" path="8/c57.tif" mask="8/m57.tif"/>
        <level index="9" path="9/c57.tif" mask="9/m57.tif"/>
      </pyramid>
    </image>
    <image id="58">
      <extent>
        <left>-1.04403684</left>
        <top>2.6430350099999993</top>
        <right>1.6395432899999998</right>
        <bottom>-2.0171197200000002</bottom>
      </extent>
      <center>
        <x>4.8831497316261032</x>
        <y>0.36947914077815719</y>
      </center>
      <pyramid>
        <level index="0" path="0/c58.tif" mask="0/m58.tif"/>
        <level index="1" path="1/c58.tif" mask="1/m58.tif"/>
        <level index="2" path="2/c58.tif" mask="2/m58.tif"/>
        <level index="3" path="3/c58.tif" mask="3/m58.tif"/>
        <level index="4" path="4/c58.tif" mask="4/m58.tif"/>
        <level index="5" path="5/c58.tif" mask="5/m58.tif"/>
        <level index="6" path="6/c58.tif" mask="6/m58.tif"/>
        <level index="7" path="7/c58.tif" mask="7/m58.tif"/>
        <level index="8" path="8/c58.tif" mask="8/m58.tif"/>
        <level index="9" path="9/c58.tif" mask="9/m58.tif"/>
      </pyramid>
    </image>
    <image id="60">
      <extent>
        <left>-0.91733333999999989</left>
        <top>2.6430350099999993</top>
        <right>1.6395432899999998</right>
        <bottom>-2.0171197200000002</bottom>
      </extent>
      <center>
        <x>5.8629879268836111</x>
        <y>0.75185397953182043</y>
      </center>
      <pyramid>
        <level index="0" path="0/c60.tif" mask="0/m60.tif"/>
        <level index="1" path="1/c60.tif" mask="1/m60.tif"/>
        <level index="2" path="2/c60.tif" mask="2/m60.tif"/>
        <level index="3" path="3/c60.tif" mask="3/m60.tif"/>
        <level index="4" path="4/c60.tif" mask="4/m60.tif"/>
        <level index="5" path="5/c60.tif" mask="5/m60.tif"/>
        <level index="6" path="6/c60.tif" mask="6/m60.tif"/>
        <level index="7" path="7/c60.tif" mask="7/m60.tif"/>
        <level index="8" path="8/c60.tif" mask="8/m60.tif"/>
        <level index="9" path="9/c60.tif" mask="9/m60.tif"/>
      </pyramid>
    </image>
    <image id="59">
      <extent>
        <left>-0.98828729999999987</left>
        <top>2.6430350099999993</top>
        <right>1.6395432899999995</right>
        <bottom>-2.0171197200000002</bottom>
      </extent>
      <center>
        <x>5.423950672975943</x>
        <y>0.55539024709321361</y>
      </center>
      <pyramid>
        <level index="0" path="0/c59.tif" mask="0/m59.tif"/>
        <level index="1" path="1/c59.tif" mask="1/m59.tif"/>
        <level index="2" path="2/c59.tif" mask="2/m59.tif"/>
        <level index="3" path="3/c59.tif" mask="3/m59.tif"/>
        <level index="4" path="4/c59.tif" mask="4/m59.tif"/>
        <level index="5" path="5/c59.tif" mask="5/m59.tif"/>
        <level index="6" path="6/c59.tif" mask="6/m59.tif"/>
        <level index="7" path="7/c59.tif" mask="7/m59.tif"/>
        <level index="8" path="8/c59.tif" mask="8/m59.tif"/>
        <level index="9" path="9/c59.tif" mask="9/m59.tif"/>
      </pyramid>
    </image>
    <image id="61">
      <extent>
        <left>-0.90212892</left>
        <top>2.6430350099999993</top>
        <right>1.6395432899999998</right>
        <bottom>-2.0171197200000002</bottom>
      </extent>
      <center>
        <x>6.2821572835203821</x>
        <y>0.98085123202873103</y>
      </center>
      <pyramid>
        <level index="0" path="0/c61.tif" mask="0/m61.tif"/>
        <level index="1" path="1/c61.tif" mask="1/m61.tif"/>
        <level index="2" path="2/c61.tif" mask="2/m61.tif"/>
        <level index="3" path="3/c61.tif" mask="3/m61.tif"/>
        <level index="4" path="4/c61.tif" mask="4/m61.tif"/>
        <level index="5" path="5/c61.tif" mask="5/m61.tif"/>
        <level index="6" path="6/c61.tif" mask="6/m61.tif"/>
        <level index="7" path="7/c61.tif" mask="7/m61.tif"/>
        <level index="8" path="8/c61.tif" mask="8/m61.tif"/>
        <level index="9" path="9/c61.tif" mask="9/m61.tif"/>
      </pyramid>
    </image>
    <image id="63">
      <extent>
        <left>-0.80836832999999997</left>
        <top>2.6430350099999993</top>
        <right>1.6395432899999998</right>
        <bottom>-2.0171197200000002</bottom>
      </extent>
      <center>
        <x>6.7845038726435725</x>
        <y>1.3990838060844306</y>
      </center>
      <pyramid>
        <level index="0" path="0/c63.tif" mask="0/m63.tif"/>
        <level index="1" path="1/c63.tif" mask="1/m63.tif"/>
        <level index="2" path="2/c63.tif" mask="2/m63.tif"/>
        <level index="3" path="3/c63.tif" mask="3/m63.tif"/>
        <level index="4" path="4/c63.tif" mask="4/m63.tif"/>
        <level index="5" path="5/c63.tif" mask="5/m63.tif"/>
        <level index="6" path="6/c63.tif" mask="6/m63.tif"/>
        <level index="7" path="7/c63.tif" mask="7/m63.tif"/>
        <level index="8" path="8/c63.tif" mask="8/m63.tif"/>
        <level index="9" path="9/c63.tif" mask="9/m63.tif"/>
      </pyramid>
    </image>
    <image id="62">
      <extent>
        <left>-0.83877716999999996</left>
        <top>2.6430350099999993</top>
        <right>1.6395432899999995</right>
        <bottom>-2.0171197200000002</bottom>
      </extent>
      <center>
        <x>6.5833207015111395</x>
        <y>1.2052927509645939</y>
      </center>
      <pyramid>
        <level index="0" path="0/c62.tif" mask="0/m62.tif"/>
        <level index="1" path="1/c62.tif" mask="1/m62.tif"/>
        <level index="2" path="2/c62.tif" mask="2/m62.tif"/>
        <level index="3" path="3/c62.tif" mask="3/m62.tif"/>
        <level index="4" path="4/c62.tif" mask="4/m62.tif"/>
        <level index="5" path="5/c62.tif" mask="5/m62.tif"/>
        <level index="6" path="6/c62.tif" mask="6/m62.tif"/>
        <level index="7" path="7/c62.tif" mask="7/m62.tif"/>
        <level index="8" path="8/c62.tif" mask="8/m62.tif"/>
        <level index="9" path="9/c62.tif" mask="9/m62.tif"/>
      </pyramid>
    </image>
    <image id="64">
      <extent>
        <left>-0.69433517999999994</left>
        <top>2.6430350099999993</top>
        <right>1.6395432899999998</right>
        <bottom>-2.0171197200000002</bottom>
      </extent>
      <center>
        <x>6.9750902359493727</x>
        <y>1.6733960262777021</y>
      </center>
      <pyramid>
        <level index="0" path="0/c64.tif" mask="0/m64.tif"/>
        <level index="1" path="1/c64.tif" mask="1/m64.tif"/>
        <level index="2" path="2/c64.tif" mask="2/m64.tif"/>
        <level index="3" path="3/c64.tif" mask="3/m64.tif"/>
        <level index="4" path="4/c64.tif" mask="4/m64.tif"/>
        <level index="5" path="5/c64.tif" mask="5/m64.tif"/>
        <level index="6" path="6/c64.tif" mask="6/m64.tif"/>
        <level index="7" path="7/c64.tif" mask="7/m64.tif"/>
        <level index="8" path="8/c64.tif" mask="8/m64.tif"/>
        <level index="9" path="9/c64.tif" mask="9/m64.tif"/>
      </pyramid>
    </image>
    <image id="65">
      <extent>
        <left>-0.50681399999999999</left>
        <top>2.6430350099999993</top>
        <right>1.6395432899999998</right>
        <bottom>-2.0171197200000002</bottom>
      </extent>
      <center>
        <x>7.0968772272531728</x>
        <y>2.0408485296690144</y>
      </center>
      <pyramid>
        <level index="0" path="0/c65.tif" mask="0/m65.tif"/>
        <level index="1" path="1/c65.tif" mask="1/m65.tif"/>
        <level index="2" path="2/c65.tif" mask="2/m65.tif"/>
        <level index="3" path="3/c65.tif" mask="3/m65.tif"/>
        <level index="4" path="4/c65.tif" mask="4/m65.tif"/>
        <level index="5" path="5/c65.tif" mask="5/m65.tif"/>
        <level index="6" path="6/c65.tif" mask="6/m65.tif"/>
        <level index="7" path="7/c65.tif" mask="7/m65.tif"/>
        <level index="8" path="8/c65.tif" mask="8/m65.tif"/>
        <level index="9" path="9/c65.tif" mask="9/m65.tif"/>
      </pyramid>
    </image>
    <image id="66">
      <extent>
        <left>-0.50427992999999993</left>
        <top>2.6430350099999993</top>
        <right>1.6395432899999993</right>
        <bottom>-2.0171197200000002</bottom>
      </extent>
      <center>
        <x>7.1042725783886427</x>
        <y>2.2440550361712512</y>
      </center>
      <pyramid>
        <level index="0" path="0/c66.tif" mask="0/m66.tif"/>
        <level index="1" path="1/c66.tif" mask="1/m66.tif"/>
        <level index="2" path="2/c66.tif" mask="2/m66.tif"/>
        <level index="3" path="3/c66.tif" mask="3/m66.tif"/>
        <level index="4" path="4/c66.tif" mask="4/m66.tif"/>
        <level index="5" path="5/c66.tif" mask="5/m66.tif"/>
        <level index="6" path="6/c66.tif" mask="6/m66.tif"/>
        <level index="7" path="7/c66.tif" mask="7/m66.tif"/>
        <level index="8" path="8/c66.tif" mask="8/m66.tif"/>
        <level index="9" path="9/c66.tif" mask="9/m66.tif"/>
      </pyramid>
    </image>
    <image id="68">
      <extent>
        <left>-0.35223572999999986</left>
        <top>2.6430350099999993</top>
        <right>1.6395432899999998</right>
        <bottom>-2.0171197200000002</bottom>
      </extent>
      <center>
        <x>6.8603757748752168</x>
        <y>2.8662403064609725</y>
      </center>
      <pyramid>
        <level index="0" path="0/c68.tif" mask="0/m68.tif"/>
        <level index="1" path="1/c68.tif" mask="1/m68.tif"/>
        <level index="2" path="2/c68.tif" mask="2/m68.tif"/>
        <level index="3" path="3/c68.tif" mask="3/m68.tif"/>
        <level index="4" path="4/c68.tif" mask="4/m68.tif"/>
        <level index="5" path="5/c68.tif" mask="5/m68.tif"/>
        <level index="6" path="6/c68.tif" mask="6/m68.tif"/>
        <level index="7" path="7/c68.tif" mask="7/m68.tif"/>
        <level index="8" path="8/c68.tif" mask="8/m68.tif"/>
        <level index="9" path="9/c68.tif" mask="9/m68.tif"/>
      </pyramid>
    </image>
    <image id="67">
      <extent>
        <left>-0.49667771999999999</left>
        <top>2.6430350099999993</top>
        <right>1.6395432899999993</right>
        <bottom>-2.0171197200000002</bottom>
      </extent>
      <center>
        <x>7.0436010280666981</x>
        <y>2.511363431774619</y>
      </center>
      <pyramid>
        <level index="0" path="0/c67.tif" mask="0/m67.tif"/>
        <level index="1" path="1/c67.tif" mask="1/m67.tif"/>
        <level index="2" path="2/c67.tif" mask="2/m67.tif"/>
        <level index="3" path="3/c67.tif" mask="3/m67.tif"/>
        <level index="4" path="4/c67.tif" mask="4/m67.tif"/>
        <level index="5" path="5/c67.tif" mask="5/m67.tif"/>
        <level index="6" path="6/c67.tif" mask="6/m67.tif"/>
        <level index="7" path="7/c67.tif" mask="7/m67.tif"/>
        <level index="8" path="8/c67.tif" mask="8/m67.tif"/>
        <level index="9" path="9/c67.tif" mask="9/m67.tif"/>
      </pyramid>
    </image>
  </images>
</orthomosaic>
