<?xml version="1.0" encoding="UTF-8"?>
<document version="1.2.0">
  <chunks next_id="5" active_id="0">
    <chunk id="0" path="0/chunk.zip"/>
    <chunk id="1" path="1/chunk.zip"/>
  </chunks>
  <meta>
    <property name="Info/LastSavedDateTime" value="2025:12:08 18:44:43"/>
    <property name="Info/LastSavedSoftwareVersion" value="2.2.1.20019"/>
    <property name="Info/OriginalDateTime" value="2025:12:05 03:05:18"/>
    <property name="Info/OriginalSoftwareName" value="Agisoft Metashape"/>
    <property name="Info/OriginalSoftwareVendor" value="Agisoft"/>
    <property name="Info/OriginalSoftwareVersion" value="2.2.1.20019"/>
    <property name="Project/AbsolutePaths" value="false"/>
  </meta>
</document>
