<?xml version="1.0" encoding="UTF-8"?>
<point_cloud version="1.7.0">
  <params>
    <dataType>uint8</dataType>
    <bands>
      <band label="Red"/>
      <band label="Green"/>
      <band label="Blue"/>
    </bands>
  </params>
  <tracks path="tracks.ply" count="30708"/>
  <points component_id="2" path="points2.ply" count="17134"/>
  <projections camera_id="50" path="p50.ply" count="1484"/>
  <projections camera_id="51" path="p51.ply" count="1741"/>
  <projections camera_id="52" path="p52.ply" count="1695"/>
  <projections camera_id="53" path="p53.ply" count="1617"/>
  <projections camera_id="54" path="p54.ply" count="1518"/>
  <projections camera_id="55" path="p55.ply" count="1766"/>
  <projections camera_id="56" path="p56.ply" count="1738"/>
  <projections camera_id="57" path="p57.ply" count="1835"/>
  <projections camera_id="58" path="p58.ply" count="1829"/>
  <projections camera_id="59" path="p59.ply" count="1767"/>
  <projections camera_id="60" path="p60.ply" count="1857"/>
  <projections camera_id="61" path="p61.ply" count="1689"/>
  <projections camera_id="62" path="p62.ply" count="1705"/>
  <projections camera_id="63" path="p63.ply" count="1520"/>
  <projections camera_id="64" path="p64.ply" count="1480"/>
  <projections camera_id="65" path="p65.ply" count="1408"/>
  <projections camera_id="66" path="p66.ply" count="1491"/>
  <projections camera_id="67" path="p67.ply" count="1180"/>
  <projections camera_id="68" path="p68.ply" count="1049"/>
  <projections camera_id="69" path="p69.ply" count="1005"/>
  <projections camera_id="70" path="p70.ply" count="939"/>
  <projections camera_id="71" path="p71.ply" count="984"/>
  <projections camera_id="72" path="p72.ply" count="992"/>
  <projections camera_id="73" path="p73.ply" count="869"/>
  <projections camera_id="74" path="p74.ply" count="844"/>
  <projections camera_id="75" path="p75.ply" count="849"/>
  <projections camera_id="76" path="p76.ply" count="948"/>
  <projections camera_id="77" path="p77.ply" count="905"/>
  <projections camera_id="78" path="p78.ply" count="806"/>
  <projections camera_id="79" path="p79.ply" count="709"/>
  <projections camera_id="80" path="p80.ply" count="749"/>
  <projections camera_id="81" path="p81.ply" count="783"/>
  <projections camera_id="82" path="p82.ply" count="799"/>
  <projections camera_id="83" path="p83.ply" count="748"/>
  <projections camera_id="84" path="p84.ply" count="694"/>
  <projections camera_id="85" path="p85.ply" count="733"/>
  <projections camera_id="86" path="p86.ply" count="817"/>
  <projections camera_id="87" path="p87.ply" count="688"/>
  <projections camera_id="88" path="p88.ply" count="812"/>
  <projections camera_id="89" path="p89.ply" count="885"/>
  <projections camera_id="90" path="p90.ply" count="810"/>
  <projections camera_id="91" path="p91.ply" count="733"/>
  <projections camera_id="92" path="p92.ply" count="828"/>
  <projections camera_id="93" path="p93.ply" count="765"/>
  <projections camera_id="94" path="p94.ply" count="1005"/>
  <projections camera_id="95" path="p95.ply" count="1122"/>
  <projections camera_id="96" path="p96.ply" count="1218"/>
  <projections camera_id="97" path="p97.ply" count="1242"/>
  <projections camera_id="98" path="p98.ply" count="1329"/>
  <projections camera_id="99" path="p99.ply" count="1058"/>
  <projections camera_id="100" path="p100.ply" count="1272"/>
  <projections camera_id="101" path="p101.ply" count="1236"/>
  <projections camera_id="102" path="p102.ply" count="1244"/>
  <projections camera_id="103" path="p103.ply" count="1295"/>
  <projections camera_id="104" path="p104.ply" count="1342"/>
  <projections camera_id="105" path="p105.ply" count="1116"/>
  <projections camera_id="106" path="p106.ply" count="1154"/>
  <projections camera_id="107" path="p107.ply" count="1129"/>
  <projections camera_id="108" path="p108.ply" count="980"/>
  <projections camera_id="109" path="p109.ply" count="1015"/>
  <projections camera_id="110" path="p110.ply" count="941"/>
  <projections camera_id="111" path="p111.ply" count="833"/>
  <projections camera_id="112" path="p112.ply" count="727"/>
  <projections camera_id="113" path="p113.ply" count="615"/>
  <projections camera_id="114" path="p114.ply" count="626"/>
  <projections camera_id="115" path="p115.ply" count="572"/>
  <projections camera_id="116" path="p116.ply" count="658"/>
  <projections camera_id="117" path="p117.ply" count="646"/>
  <projections camera_id="118" path="p118.ply" count="671"/>
  <projections camera_id="119" path="p119.ply" count="640"/>
  <projections camera_id="120" path="p120.ply" count="628"/>
  <projections camera_id="121" path="p121.ply" count="639"/>
  <projections camera_id="122" path="p122.ply" count="693"/>
  <projections camera_id="123" path="p123.ply" count="693"/>
  <projections camera_id="124" path="p124.ply" count="713"/>
  <projections camera_id="125" path="p125.ply" count="739"/>
  <projections camera_id="126" path="p126.ply" count="626"/>
  <projections camera_id="127" path="p127.ply" count="642"/>
  <projections camera_id="128" path="p128.ply" count="698"/>
  <projections camera_id="129" path="p129.ply" count="904"/>
  <projections camera_id="130" path="p130.ply" count="918"/>
  <projections camera_id="131" path="p131.ply" count="1018"/>
  <projections camera_id="132" path="p132.ply" count="975"/>
  <projections camera_id="133" path="p133.ply" count="948"/>
  <projections camera_id="134" path="p134.ply" count="917"/>
  <projections camera_id="135" path="p135.ply" count="970"/>
  <projections camera_id="136" path="p136.ply" count="974"/>
  <projections camera_id="137" path="p137.ply" count="1086"/>
  <projections camera_id="138" path="p138.ply" count="1184"/>
  <projections camera_id="139" path="p139.ply" count="1218"/>
  <projections camera_id="140" path="p140.ply" count="1321"/>
  <projections camera_id="141" path="p141.ply" count="1213"/>
  <projections camera_id="142" path="p142.ply" count="1297"/>
  <meta>
    <property name="Info/LastSavedDateTime" value="2025:12:08 03:18:48"/>
    <property name="Info/LastSavedSoftwareVersion" value="2.2.1.20019"/>
    <property name="Info/OriginalDateTime" value="2025:12:05 03:57:23"/>
    <property name="Info/OriginalSoftwareVersion" value="2.2.1.20019"/>
    <property name="MatchPhotos/descriptor_type" value="binary"/>
    <property name="MatchPhotos/descriptor_version" value="1.1.0"/>
    <property name="MatchPhotos/downscale" value="2"/>
    <property name="MatchPhotos/downscale_3d" value="1"/>
    <property name="MatchPhotos/duration" value="257.443"/>
    <property name="MatchPhotos/filter_stationary_points" value="true"/>
    <property name="MatchPhotos/generic_preselection" value="true"/>
    <property name="MatchPhotos/guided_matching" value="true"/>
    <property name="MatchPhotos/keep_keypoints" value="false"/>
    <property name="MatchPhotos/keypoint_limit" value="60000"/>
    <property name="MatchPhotos/keypoint_limit_3d" value="100000"/>
    <property name="MatchPhotos/keypoint_limit_per_mpx" value="60000"/>
    <property name="MatchPhotos/laser_scans_use_initial_orientation" value="false"/>
    <property name="MatchPhotos/laser_scans_vertical_axis" value="0"/>
    <property name="MatchPhotos/match_laser_scans" value="false"/>
    <property name="MatchPhotos/max_workgroup_size" value="100"/>
    <property name="MatchPhotos/ram_used" value="140623872"/>
    <property name="MatchPhotos/reference_preselection" value="false"/>
    <property name="MatchPhotos/reference_preselection_mode" value="1"/>
    <property name="MatchPhotos/reset_matches" value="false"/>
    <property name="MatchPhotos/subdivide_task" value="true"/>
    <property name="MatchPhotos/tiepoint_limit" value="10000"/>
    <property name="MatchPhotos/workitem_size_cameras" value="20"/>
    <property name="MatchPhotos/workitem_size_pairs" value="80"/>
  </meta>
</point_cloud>
