<?xml version="1.0" encoding="UTF-8"?>
<orthomosaic version="1.2.0">
  <params>
    <crs>LOCAL_CS["Local Coordinates (m)",LOCAL_DATUM["Local Datum",0],UNIT["metre",1,AUTHORITY["EPSG","9001"]]]</crs>
    <extent>
      <left>-1.3760000099999998</left>
      <top>2.6430350099999993</top>
      <right>1.6395432899999998</right>
      <bottom>-2.0323241400000001</bottom>
    </extent>
    <dimensions>
      <width>1190</width>
      <height>1845</height>
      <tileWidth>4096</tileWidth>
      <tileHeight>4096</tileHeight>
    </dimensions>
    <levelCount>10</levelCount>
    <tileLevelCount>5</tileLevelCount>
    <channelCount>3</channelCount>
    <dataType>uint8</dataType>
    <blendingMode>3</blendingMode>
    <refineSeamlines>false</refineSeamlines>
    <refineRoofEdges>false</refineRoofEdges>
    <seamlinesDownscaleLevel>3</seamlinesDownscaleLevel>
    <holeFillingDepth>6</holeFillingDepth>
    <ghostingFilter>false</ghostingFilter>
    <channels>
      <red>0</red>
      <green>1</green>
      <blue>2</blue>
    </channels>
    <bands>
      <band label="Red"/>
      <band label="Green"/>
      <band label="Blue"/>
    </bands>
  </params>
  <images>
    <block path="images0.zip"/>
    <block path="images1.zip"/>
    <block path="images2.zip"/>
    <block path="images3.zip"/>
    <block path="images4.zip"/>
  </images>
  <tiles>
    <tile x="0" y="0">
      <path>tile-0-0.tif</path>
      <mask>tile-0-0-p.tif</mask>
    </tile>
    <tile x="0" y="0" level="5">
      <path>tile-l5-0-0.tif</path>
    </tile>
  </tiles>
  <meta>
    <property name="BuildOrthomosaic/blending_mode" value="3"/>
    <property name="BuildOrthomosaic/cull_faces" value="false"/>
    <property name="BuildOrthomosaic/duration" value="15.605"/>
    <property name="BuildOrthomosaic/fill_holes" value="true"/>
    <property name="BuildOrthomosaic/flip_x" value="false"/>
    <property name="BuildOrthomosaic/flip_y" value="false"/>
    <property name="BuildOrthomosaic/flip_z" value="false"/>
    <property name="BuildOrthomosaic/ghosting_filter" value="false"/>
    <property name="BuildOrthomosaic/max_workgroup_size" value="100"/>
    <property name="BuildOrthomosaic/ram_used" value="312061952"/>
    <property name="BuildOrthomosaic/refine_seamlines" value="false"/>
    <property name="BuildOrthomosaic/replace_asset" value="false"/>
    <property name="BuildOrthomosaic/resolution" value="0"/>
    <property name="BuildOrthomosaic/resolution_x" value="0.0025340699999999998"/>
    <property name="BuildOrthomosaic/resolution_y" value="0.0025340699999999998"/>
    <property name="BuildOrthomosaic/subdivide_task" value="true"/>
    <property name="BuildOrthomosaic/surface_data" value="2"/>
    <property name="BuildOrthomosaic/transfer_texture" value="false"/>
    <property name="BuildOrthomosaic/workitem_size_cameras" value="20"/>
    <property name="BuildOrthomosaic/workitem_size_tiles" value="10"/>
    <property name="Info/LastSavedDateTime" value="2025:12:08 03:18:50"/>
    <property name="Info/LastSavedSoftwareVersion" value="2.2.1.20019"/>
    <property name="Info/OriginalDateTime" value="2025:12:08 00:53:35"/>
    <property name="Info/OriginalSoftwareVersion" value="2.2.1.20019"/>
  </meta>
</orthomosaic>
