<?xml version="1.0" encoding="UTF-8"?>
<dense_cloud version="1.2.0">
  <tiles>
    <tile path="dense_cloud.oc3">
      <totalCount>1083166</totalCount>
      <validCount>1060094</validCount>
      <pointCount class="0">1060094</pointCount>
      <coordinatePrecision>0.0025340695397994832</coordinatePrecision>
      <hasPointColors>true</hasPointColors>
      <hasPointNormals>true</hasPointNormals>
      <hasPointIntensity>false</hasPointIntensity>
      <hasPointConfidence>true</hasPointConfidence>
      <hasPointReturnIndex>false</hasPointReturnIndex>
      <hasPointReturnCount>false</hasPointReturnCount>
      <hasPointScanAngle>false</hasPointScanAngle>
      <hasPointSourceId>false</hasPointSourceId>
      <hasPointTimestamp>false</hasPointTimestamp>
      <hasPointRowIndex>false</hasPointRowIndex>
      <hasPointColumnIndex>false</hasPointColumnIndex>
    </tile>
  </tiles>
  <params>
    <dataType>uint8</dataType>
    <bands>
      <band label="Red"/>
      <band label="Green"/>
      <band label="Blue"/>
    </bands>
    <color>#ff8080b0</color>
  </params>
  <meta>
    <property name="BuildDepthMaps/downscale" value="4"/>
    <property name="BuildDepthMaps/duration" value="6238.63"/>
    <property name="BuildDepthMaps/filter_mode" value="0"/>
    <property name="BuildDepthMaps/max_neighbors" value="16"/>
    <property name="BuildDepthMaps/max_workgroup_size" value="100"/>
    <property name="BuildDepthMaps/reuse_depth" value="false"/>
    <property name="BuildDepthMaps/subdivide_task" value="true"/>
    <property name="BuildDepthMaps/workitem_size_cameras" value="20"/>
    <property name="BuildPointCloud/asset" value="4294967295"/>
    <property name="BuildPointCloud/duration" value="311.934"/>
    <property name="BuildPointCloud/keep_depth" value="true"/>
    <property name="BuildPointCloud/max_neighbors" value="100"/>
    <property name="BuildPointCloud/max_workgroup_size" value="100"/>
    <property name="BuildPointCloud/point_colors" value="true"/>
    <property name="BuildPointCloud/point_confidence" value="true"/>
    <property name="BuildPointCloud/points_spacing" value="0.10000000000000001"/>
    <property name="BuildPointCloud/replace_asset" value="false"/>
    <property name="BuildPointCloud/resolution" value="0.0101362781591979"/>
    <property name="BuildPointCloud/source_data" value="6"/>
    <property name="BuildPointCloud/subdivide_task" value="true"/>
    <property name="BuildPointCloud/uniform_sampling" value="true"/>
    <property name="BuildPointCloud/workitem_size_cameras" value="20"/>
    <property name="Info/LastSavedDateTime" value="2025:12:08 03:18:50"/>
    <property name="Info/LastSavedSoftwareVersion" value="2.2.1.20019"/>
    <property name="Info/OriginalDateTime" value="2025:12:05 06:03:35"/>
    <property name="Info/OriginalSoftwareVersion" value="2.2.1.20019"/>
  </meta>
</dense_cloud>
