<?xml version="1.0" encoding="UTF-8"?>
<model version="1.2.0">
  <mesh path="mesh.ply">
    <faceCount>52337</faceCount>
    <vertexCount>26294</vertexCount>
    <hasVertexColors>true</hasVertexColors>
    <hasVertexConfidence>true</hasVertexConfidence>
    <hasAssignedCameras>false</hasAssignedCameras>
    <hasUV>false</hasUV>
  </mesh>
  <params>
    <dataType>uint8</dataType>
    <bands>
      <band label="Red"/>
      <band label="Green"/>
      <band label="Blue"/>
    </bands>
  </params>
  <meta>
    <property name="BuildDepthMaps/downscale" value="4"/>
    <property name="BuildDepthMaps/duration" value="6238.63"/>
    <property name="BuildDepthMaps/filter_mode" value="0"/>
    <property name="BuildDepthMaps/max_neighbors" value="16"/>
    <property name="BuildDepthMaps/max_workgroup_size" value="100"/>
    <property name="BuildDepthMaps/reuse_depth" value="false"/>
    <property name="BuildDepthMaps/subdivide_task" value="true"/>
    <property name="BuildDepthMaps/workitem_size_cameras" value="20"/>
    <property name="BuildModel/blocks_size" value="250"/>
    <property name="BuildModel/build_texture" value="true"/>
    <property name="BuildModel/clip_to_boundary" value="false"/>
    <property name="BuildModel/duration" value="199.592"/>
    <property name="BuildModel/export_blocks" value="false"/>
    <property name="BuildModel/face_count" value="2"/>
    <property name="BuildModel/face_count_custom" value="200000"/>
    <property name="BuildModel/interpolation" value="1"/>
    <property name="BuildModel/iters_max_level" value="11"/>
    <property name="BuildModel/keep_depth" value="true"/>
    <property name="BuildModel/max_workgroup_size" value="100"/>
    <property name="BuildModel/ram_used" value="963391488"/>
    <property name="BuildModel/replace_asset" value="false"/>
    <property name="BuildModel/resolution" value="0.0101362781591979"/>
    <property name="BuildModel/source_data" value="1"/>
    <property name="BuildModel/split_in_blocks" value="false"/>
    <property name="BuildModel/subdivide_task" value="true"/>
    <property name="BuildModel/surface_type" value="0"/>
    <property name="BuildModel/trimming_radius" value="10"/>
    <property name="BuildModel/vertex_colors" value="true"/>
    <property name="BuildModel/vertex_confidence" value="true"/>
    <property name="BuildModel/volumetric_masks" value="false"/>
    <property name="BuildModel/workitem_size_cameras" value="20"/>
    <property name="BuildPointCloud/asset" value="4294967295"/>
    <property name="BuildPointCloud/duration" value="311.934"/>
    <property name="BuildPointCloud/keep_depth" value="true"/>
    <property name="BuildPointCloud/max_neighbors" value="100"/>
    <property name="BuildPointCloud/max_workgroup_size" value="100"/>
    <property name="BuildPointCloud/point_colors" value="true"/>
    <property name="BuildPointCloud/point_confidence" value="true"/>
    <property name="BuildPointCloud/points_spacing" value="0.10000000000000001"/>
    <property name="BuildPointCloud/replace_asset" value="false"/>
    <property name="BuildPointCloud/resolution" value="0.0101362781591979"/>
    <property name="BuildPointCloud/source_data" value="6"/>
    <property name="BuildPointCloud/subdivide_task" value="true"/>
    <property name="BuildPointCloud/uniform_sampling" value="true"/>
    <property name="BuildPointCloud/workitem_size_cameras" value="20"/>
    <property name="Info/LastSavedDateTime" value="2025:12:08 03:18:48"/>
    <property name="Info/LastSavedSoftwareVersion" value="2.2.1.20019"/>
    <property name="Info/OriginalDateTime" value="2025:12:05 13:22:39"/>
    <property name="Info/OriginalSoftwareVersion" value="2.2.1.20019"/>
  </meta>
</model>
