<?xml version="1.0" encoding="UTF-8"?>
<orthomosaic version="1.2.0">
  <images level_count="10">
    <image id="39">
      <extent>
        <left>-1.9466325300000002</left>
        <top>4.3345278</top>
        <right>3.4676222399999999</right>
        <bottom>0.15619919999999965</bottom>
      </extent>
      <center>
        <x>4.2428867126814893</x>
        <y>8.960952958230596</y>
      </center>
      <pyramid>
        <level index="0" path="0/c39.tif" mask="0/m39.tif"/>
        <level index="1" path="1/c39.tif" mask="1/m39.tif"/>
        <level index="2" path="2/c39.tif" mask="2/m39.tif"/>
        <level index="3" path="3/c39.tif" mask="3/m39.tif"/>
        <level index="4" path="4/c39.tif" mask="4/m39.tif"/>
        <level index="5" path="5/c39.tif" mask="5/m39.tif"/>
        <level index="6" path="6/c39.tif" mask="6/m39.tif"/>
        <level index="7" path="7/c39.tif" mask="7/m39.tif"/>
        <level index="8" path="8/c39.tif" mask="8/m39.tif"/>
        <level index="9" path="9/c39.tif" mask="9/m39.tif"/>
      </pyramid>
    </image>
    <image id="37">
      <extent>
        <left>-1.9602999600000002</left>
        <top>4.3345278</top>
        <right>3.4676222399999999</right>
        <bottom>0.15619919999999965</bottom>
      </extent>
      <center>
        <x>5.1617451153288894</x>
        <y>8.4662519308134687</y>
      </center>
      <pyramid>
        <level index="0" path="0/c37.tif" mask="0/m37.tif"/>
        <level index="1" path="1/c37.tif" mask="1/m37.tif"/>
        <level index="2" path="2/c37.tif" mask="2/m37.tif"/>
        <level index="3" path="3/c37.tif" mask="3/m37.tif"/>
        <level index="4" path="4/c37.tif" mask="4/m37.tif"/>
        <level index="5" path="5/c37.tif" mask="5/m37.tif"/>
        <level index="6" path="6/c37.tif" mask="6/m37.tif"/>
        <level index="7" path="7/c37.tif" mask="7/m37.tif"/>
        <level index="8" path="8/c37.tif" mask="8/m37.tif"/>
        <level index="9" path="9/c37.tif" mask="9/m37.tif"/>
      </pyramid>
    </image>
    <image id="38">
      <extent>
        <left>-1.9544424900000001</left>
        <top>4.3345278</top>
        <right>3.4676222399999999</right>
        <bottom>0.15619919999999965</bottom>
      </extent>
      <center>
        <x>4.6030700255925341</x>
        <y>8.7911862170670485</y>
      </center>
      <pyramid>
        <level index="0" path="0/c38.tif" mask="0/m38.tif"/>
        <level index="1" path="1/c38.tif" mask="1/m38.tif"/>
        <level index="2" path="2/c38.tif" mask="2/m38.tif"/>
        <level index="3" path="3/c38.tif" mask="3/m38.tif"/>
        <level index="4" path="4/c38.tif" mask="4/m38.tif"/>
        <level index="5" path="5/c38.tif" mask="5/m38.tif"/>
        <level index="6" path="6/c38.tif" mask="6/m38.tif"/>
        <level index="7" path="7/c38.tif" mask="7/m38.tif"/>
        <level index="8" path="8/c38.tif" mask="8/m38.tif"/>
        <level index="9" path="9/c38.tif" mask="9/m38.tif"/>
      </pyramid>
    </image>
    <image id="36">
      <extent>
        <left>-1.9602999600000002</left>
        <top>4.3345278</top>
        <right>3.4676222399999999</right>
        <bottom>0.16986663000000046</bottom>
      </extent>
      <center>
        <x>5.4746873600014965</x>
        <y>8.249431082608977</y>
      </center>
      <pyramid>
        <level index="0" path="0/c36.tif" mask="0/m36.tif"/>
        <level index="1" path="1/c36.tif" mask="1/m36.tif"/>
        <level index="2" path="2/c36.tif" mask="2/m36.tif"/>
        <level index="3" path="3/c36.tif" mask="3/m36.tif"/>
        <level index="4" path="4/c36.tif" mask="4/m36.tif"/>
        <level index="5" path="5/c36.tif" mask="5/m36.tif"/>
        <level index="6" path="6/c36.tif" mask="6/m36.tif"/>
        <level index="7" path="7/c36.tif" mask="7/m36.tif"/>
        <level index="8" path="8/c36.tif" mask="8/m36.tif"/>
        <level index="9" path="9/c36.tif" mask="9/m36.tif"/>
      </pyramid>
    </image>
    <image id="40">
      <extent>
        <left>-1.9388225700000001</left>
        <top>4.3345278</top>
        <right>3.4676222399999999</right>
        <bottom>0.16791413999999971</bottom>
      </extent>
      <center>
        <x>3.7844874243216369</x>
        <y>9.1456817150734828</y>
      </center>
      <pyramid>
        <level index="0" path="0/c40.tif" mask="0/m40.tif"/>
        <level index="1" path="1/c40.tif" mask="1/m40.tif"/>
        <level index="2" path="2/c40.tif" mask="2/m40.tif"/>
        <level index="3" path="3/c40.tif" mask="3/m40.tif"/>
        <level index="4" path="4/c40.tif" mask="4/m40.tif"/>
        <level index="5" path="5/c40.tif" mask="5/m40.tif"/>
        <level index="6" path="6/c40.tif" mask="6/m40.tif"/>
        <level index="7" path="7/c40.tif" mask="7/m40.tif"/>
        <level index="8" path="8/c40.tif" mask="8/m40.tif"/>
        <level index="9" path="9/c40.tif" mask="9/m40.tif"/>
      </pyramid>
    </image>
    <image id="41">
      <extent>
        <left>-1.9349175900000002</left>
        <top>4.3345278</top>
        <right>3.4578597899999997</right>
        <bottom>0.16791413999999971</bottom>
      </extent>
      <center>
        <x>3.2462767247351008</x>
        <y>9.3211116976344268</y>
      </center>
      <pyramid>
        <level index="0" path="0/c41.tif" mask="0/m41.tif"/>
        <level index="1" path="1/c41.tif" mask="1/m41.tif"/>
        <level index="2" path="2/c41.tif" mask="2/m41.tif"/>
        <level index="3" path="3/c41.tif" mask="3/m41.tif"/>
        <level index="4" path="4/c41.tif" mask="4/m41.tif"/>
        <level index="5" path="5/c41.tif" mask="5/m41.tif"/>
        <level index="6" path="6/c41.tif" mask="6/m41.tif"/>
        <level index="7" path="7/c41.tif" mask="7/m41.tif"/>
        <level index="8" path="8/c41.tif" mask="8/m41.tif"/>
        <level index="9" path="9/c41.tif" mask="9/m41.tif"/>
      </pyramid>
    </image>
    <image id="42">
      <extent>
        <left>-1.9329651000000001</left>
        <top>4.3345278</top>
        <right>3.4480973400000008</right>
        <bottom>0.16791413999999971</bottom>
      </extent>
      <center>
        <x>2.7907103528783135</x>
        <y>9.4360492870961359</y>
      </center>
      <pyramid>
        <level index="0" path="0/c42.tif" mask="0/m42.tif"/>
        <level index="1" path="1/c42.tif" mask="1/m42.tif"/>
        <level index="2" path="2/c42.tif" mask="2/m42.tif"/>
        <level index="3" path="3/c42.tif" mask="3/m42.tif"/>
        <level index="4" path="4/c42.tif" mask="4/m42.tif"/>
        <level index="5" path="5/c42.tif" mask="5/m42.tif"/>
        <level index="6" path="6/c42.tif" mask="6/m42.tif"/>
        <level index="7" path="7/c42.tif" mask="7/m42.tif"/>
        <level index="8" path="8/c42.tif" mask="8/m42.tif"/>
        <level index="9" path="9/c42.tif" mask="9/m42.tif"/>
      </pyramid>
    </image>
    <image id="43">
      <extent>
        <left>-1.9368700800000003</left>
        <top>4.3345278</top>
        <right>3.4480973400000003</right>
        <bottom>0.16791413999999971</bottom>
      </extent>
      <center>
        <x>2.2169216484285803</x>
        <y>9.5432986515046441</y>
      </center>
      <pyramid>
        <level index="0" path="0/c43.tif" mask="0/m43.tif"/>
        <level index="1" path="1/c43.tif" mask="1/m43.tif"/>
        <level index="2" path="2/c43.tif" mask="2/m43.tif"/>
        <level index="3" path="3/c43.tif" mask="3/m43.tif"/>
        <level index="4" path="4/c43.tif" mask="4/m43.tif"/>
        <level index="5" path="5/c43.tif" mask="5/m43.tif"/>
        <level index="6" path="6/c43.tif" mask="6/m43.tif"/>
        <level index="7" path="7/c43.tif" mask="7/m43.tif"/>
        <level index="8" path="8/c43.tif" mask="8/m43.tif"/>
        <level index="9" path="9/c43.tif" mask="9/m43.tif"/>
      </pyramid>
    </image>
    <image id="46">
      <extent>
        <left>-1.9602999600000002</left>
        <top>4.3345278</top>
        <right>3.4422398699999999</right>
        <bottom>0.16791413999999971</bottom>
      </extent>
      <center>
        <x>0.6985455258075669</x>
        <y>9.64051289522906</y>
      </center>
      <pyramid>
        <level index="0" path="0/c46.tif" mask="0/m46.tif"/>
        <level index="1" path="1/c46.tif" mask="1/m46.tif"/>
        <level index="2" path="2/c46.tif" mask="2/m46.tif"/>
        <level index="3" path="3/c46.tif" mask="3/m46.tif"/>
        <level index="4" path="4/c46.tif" mask="4/m46.tif"/>
        <level index="5" path="5/c46.tif" mask="5/m46.tif"/>
        <level index="6" path="6/c46.tif" mask="6/m46.tif"/>
        <level index="7" path="7/c46.tif" mask="7/m46.tif"/>
        <level index="8" path="8/c46.tif" mask="8/m46.tif"/>
        <level index="9" path="9/c46.tif" mask="9/m46.tif"/>
      </pyramid>
    </image>
    <image id="44">
      <extent>
        <left>-1.9446800400000002</left>
        <top>4.3345278</top>
        <right>3.4480973399999999</right>
        <bottom>0.16986663000000046</bottom>
      </extent>
      <center>
        <x>1.6357552352607316</x>
        <y>9.6136368035908593</y>
      </center>
      <pyramid>
        <level index="0" path="0/c44.tif" mask="0/m44.tif"/>
        <level index="1" path="1/c44.tif" mask="1/m44.tif"/>
        <level index="2" path="2/c44.tif" mask="2/m44.tif"/>
        <level index="3" path="3/c44.tif" mask="3/m44.tif"/>
        <level index="4" path="4/c44.tif" mask="4/m44.tif"/>
        <level index="5" path="5/c44.tif" mask="5/m44.tif"/>
        <level index="6" path="6/c44.tif" mask="6/m44.tif"/>
        <level index="7" path="7/c44.tif" mask="7/m44.tif"/>
        <level index="8" path="8/c44.tif" mask="8/m44.tif"/>
        <level index="9" path="9/c44.tif" mask="9/m44.tif"/>
      </pyramid>
    </image>
    <image id="45">
      <extent>
        <left>-1.9602999600000002</left>
        <top>4.3345278</top>
        <right>3.4422398699999999</right>
        <bottom>0.16986663000000046</bottom>
      </extent>
      <center>
        <x>1.0877173101196047</x>
        <y>9.641856558408735</y>
      </center>
      <pyramid>
        <level index="0" path="0/c45.tif" mask="0/m45.tif"/>
        <level index="1" path="1/c45.tif" mask="1/m45.tif"/>
        <level index="2" path="2/c45.tif" mask="2/m45.tif"/>
        <level index="3" path="3/c45.tif" mask="3/m45.tif"/>
        <level index="4" path="4/c45.tif" mask="4/m45.tif"/>
        <level index="5" path="5/c45.tif" mask="5/m45.tif"/>
        <level index="6" path="6/c45.tif" mask="6/m45.tif"/>
        <level index="7" path="7/c45.tif" mask="7/m45.tif"/>
        <level index="8" path="8/c45.tif" mask="8/m45.tif"/>
        <level index="9" path="9/c45.tif" mask="9/m45.tif"/>
      </pyramid>
    </image>
    <image id="47">
      <extent>
        <left>-1.9602999600000002</left>
        <top>4.3345278</top>
        <right>3.4305249299999998</right>
        <bottom>0.16791413999999971</bottom>
      </extent>
      <center>
        <x>0.20122076559684743</x>
        <y>9.6121808281189054</y>
      </center>
      <pyramid>
        <level index="0" path="0/c47.tif" mask="0/m47.tif"/>
        <level index="1" path="1/c47.tif" mask="1/m47.tif"/>
        <level index="2" path="2/c47.tif" mask="2/m47.tif"/>
        <level index="3" path="3/c47.tif" mask="3/m47.tif"/>
        <level index="4" path="4/c47.tif" mask="4/m47.tif"/>
        <level index="5" path="5/c47.tif" mask="5/m47.tif"/>
        <level index="6" path="6/c47.tif" mask="6/m47.tif"/>
        <level index="7" path="7/c47.tif" mask="7/m47.tif"/>
        <level index="8" path="8/c47.tif" mask="8/m47.tif"/>
        <level index="9" path="9/c47.tif" mask="9/m47.tif"/>
      </pyramid>
    </image>
    <image id="48">
      <extent>
        <left>-1.9602999600000002</left>
        <top>4.3345278</top>
        <right>3.4305249299999998</right>
        <bottom>0.16791413999999971</bottom>
      </extent>
      <center>
        <x>-0.29766351528082108</x>
        <y>9.5601915524685275</y>
      </center>
      <pyramid>
        <level index="0" path="0/c48.tif" mask="0/m48.tif"/>
        <level index="1" path="1/c48.tif" mask="1/m48.tif"/>
        <level index="2" path="2/c48.tif" mask="2/m48.tif"/>
        <level index="3" path="3/c48.tif" mask="3/m48.tif"/>
        <level index="4" path="4/c48.tif" mask="4/m48.tif"/>
        <level index="5" path="5/c48.tif" mask="5/m48.tif"/>
        <level index="6" path="6/c48.tif" mask="6/m48.tif"/>
        <level index="7" path="7/c48.tif" mask="7/m48.tif"/>
        <level index="8" path="8/c48.tif" mask="8/m48.tif"/>
        <level index="9" path="9/c48.tif" mask="9/m48.tif"/>
      </pyramid>
    </image>
    <image id="50">
      <extent>
        <left>-1.9602999600000002</left>
        <top>4.3345278</top>
        <right>3.4227149699999995</right>
        <bottom>-0.37878305999999995</bottom>
      </extent>
      <center>
        <x>-1.609137490293983</x>
        <y>9.278041855186828</y>
      </center>
      <pyramid>
        <level index="0" path="0/c50.tif" mask="0/m50.tif"/>
        <level index="1" path="1/c50.tif" mask="1/m50.tif"/>
        <level index="2" path="2/c50.tif" mask="2/m50.tif"/>
        <level index="3" path="3/c50.tif" mask="3/m50.tif"/>
        <level index="4" path="4/c50.tif" mask="4/m50.tif"/>
        <level index="5" path="5/c50.tif" mask="5/m50.tif"/>
        <level index="6" path="6/c50.tif" mask="6/m50.tif"/>
        <level index="7" path="7/c50.tif" mask="7/m50.tif"/>
        <level index="8" path="8/c50.tif" mask="8/m50.tif"/>
        <level index="9" path="9/c50.tif" mask="9/m50.tif"/>
      </pyramid>
    </image>
    <image id="49">
      <extent>
        <left>-1.9602999600000002</left>
        <top>4.3345278</top>
        <right>3.4051425599999998</right>
        <bottom>-0.37878305999999995</bottom>
      </extent>
      <center>
        <x>-0.79803841583044899</x>
        <y>9.4737934876986678</y>
      </center>
      <pyramid>
        <level index="0" path="0/c49.tif" mask="0/m49.tif"/>
        <level index="1" path="1/c49.tif" mask="1/m49.tif"/>
        <level index="2" path="2/c49.tif" mask="2/m49.tif"/>
        <level index="3" path="3/c49.tif" mask="3/m49.tif"/>
        <level index="4" path="4/c49.tif" mask="4/m49.tif"/>
        <level index="5" path="5/c49.tif" mask="5/m49.tif"/>
        <level index="6" path="6/c49.tif" mask="6/m49.tif"/>
        <level index="7" path="7/c49.tif" mask="7/m49.tif"/>
        <level index="8" path="8/c49.tif" mask="8/m49.tif"/>
        <level index="9" path="9/c49.tif" mask="9/m49.tif"/>
      </pyramid>
    </image>
    <image id="51">
      <extent>
        <left>-1.9602999600000002</left>
        <top>4.3345278</top>
        <right>3.4188099899999997</right>
        <bottom>-0.37878305999999995</bottom>
      </extent>
      <center>
        <x>-2.2260955069136044</x>
        <y>9.0706669141548915</y>
      </center>
      <pyramid>
        <level index="0" path="0/c51.tif" mask="0/m51.tif"/>
        <level index="1" path="1/c51.tif" mask="1/m51.tif"/>
        <level index="2" path="2/c51.tif" mask="2/m51.tif"/>
        <level index="3" path="3/c51.tif" mask="3/m51.tif"/>
        <level index="4" path="4/c51.tif" mask="4/m51.tif"/>
        <level index="5" path="5/c51.tif" mask="5/m51.tif"/>
        <level index="6" path="6/c51.tif" mask="6/m51.tif"/>
        <level index="7" path="7/c51.tif" mask="7/m51.tif"/>
        <level index="8" path="8/c51.tif" mask="8/m51.tif"/>
        <level index="9" path="9/c51.tif" mask="9/m51.tif"/>
      </pyramid>
    </image>
    <image id="52">
      <extent>
        <left>-1.9602999600000002</left>
        <top>4.3345278</top>
        <right>3.4227149699999995</right>
        <bottom>-0.37878305999999995</bottom>
      </extent>
      <center>
        <x>-2.9148418848823221</x>
        <y>8.7726081539800198</y>
      </center>
      <pyramid>
        <level index="0" path="0/c52.tif" mask="0/m52.tif"/>
        <level index="1" path="1/c52.tif" mask="1/m52.tif"/>
        <level index="2" path="2/c52.tif" mask="2/m52.tif"/>
        <level index="3" path="3/c52.tif" mask="3/m52.tif"/>
        <level index="4" path="4/c52.tif" mask="4/m52.tif"/>
        <level index="5" path="5/c52.tif" mask="5/m52.tif"/>
        <level index="6" path="6/c52.tif" mask="6/m52.tif"/>
        <level index="7" path="7/c52.tif" mask="7/m52.tif"/>
        <level index="8" path="8/c52.tif" mask="8/m52.tif"/>
        <level index="9" path="9/c52.tif" mask="9/m52.tif"/>
      </pyramid>
    </image>
    <image id="53">
      <extent>
        <left>-1.9602999600000002</left>
        <top>4.3345278</top>
        <right>3.4227149699999995</right>
        <bottom>-0.37878305999999995</bottom>
      </extent>
      <center>
        <x>-3.2754867343639229</x>
        <y>8.5828763074186991</y>
      </center>
      <pyramid>
        <level index="0" path="0/c53.tif" mask="0/m53.tif"/>
        <level index="1" path="1/c53.tif" mask="1/m53.tif"/>
        <level index="2" path="2/c53.tif" mask="2/m53.tif"/>
        <level index="3" path="3/c53.tif" mask="3/m53.tif"/>
        <level index="4" path="4/c53.tif" mask="4/m53.tif"/>
        <level index="5" path="5/c53.tif" mask="5/m53.tif"/>
        <level index="6" path="6/c53.tif" mask="6/m53.tif"/>
        <level index="7" path="7/c53.tif" mask="7/m53.tif"/>
        <level index="8" path="8/c53.tif" mask="8/m53.tif"/>
        <level index="9" path="9/c53.tif" mask="9/m53.tif"/>
      </pyramid>
    </image>
  </images>
</orthomosaic>
